YEAR,TAB_NUM,INDY_CD,AC,WT_CT_IND,WT_CT,TOT_ASSTS_IND,TOT_ASSTS,CASH_IND,CASH,TRD_NOTES_ACCTS_RCV_IND,TRD_NOTES_ACCTS_RCV,BAD_DBT_ALLW_IND,BAD_DBT_ALLW,INVNTRY_IND,INVNTRY,GVT_OBLGNS_IND,GVT_OBLGNS,TX_EXMT_SEC_IND,TX_EXMT_SEC,OTHR_CUR_ASSTS_IND,OTHR_CUR_ASSTS,LNS_TO_STKHDR_IND,LNS_TO_STKHDR,MRTG_RE_LNS_IND,MRTG_RE_LNS,OTHR_INVSMTS_IND,OTHR_INVSMTS,DPRCBL_ASSTS_IND,DPRCBL_ASSTS,ACCUM_DPR_IND,ACCUM_DPR,DPTBL_ASSTS_IND,DPTBL_ASSTS,ACCUM_DPLTN_IND,ACCUM_DPLTN,LAND_IND,LAND,INTNGBL_ASSTS_IND,INTNGBL_ASSTS,ACCUM_AMORT_IND,ACCUM_AMORT,COMP_OTHR_ASSTS_IND,COMP_OTHR_ASSTS,TOT_LBLTS_IND,TOT_LBLTS,ACCTS_PYBL_IND,ACCTS_PYBL,MRTG_LT_1YR_IND,MRTG_LT_1YR,COMP_OTHR_CUR_LBLTS_IND,COMP_OTHR_CUR_LBLTS,LNS_FRM_STKHDR_IND,LNS_FRM_STKHDR,MRTG_GT_1YR_IND,MRTG_GT_1YR,COMP_OTHR_LBLTS_IND,COMP_OTHR_LBLTS,COMP_NET_WRTH_IND,COMP_NET_WRTH,CAP_STCK_IND,CAP_STCK,PD_CAP_SRPLS_IND,PD_CAP_SRPLS,COMP_RTND_ERNGS_UNAPPR_IND,COMP_RTND_ERNGS_UNAPPR,CST_TRSRY_STCK_IND,CST_TRSRY_STCK,COMP_TOT_RCPTS_IND,COMP_TOT_RCPTS,GRS_RCPTS_IND,GRS_RCPTS,COMP_TX_EXMT_INTRST_IND,COMP_TX_EXMT_INTRST,NET_GN_LSS_POS_IND,NET_GN_LSS_POS,COMP_OTHR_RCPTS_IND,COMP_OTHR_RCPTS,COMP_TOT_DED_IND,COMP_TOT_DED,CST_OF_GDS_IND,CST_OF_GDS,CMPNSTN_OFFCRS_IND,CMPNSTN_OFFCRS,SLRS_WGS_IND,SLRS_WGS,RPRS_IND,RPRS,BAD_DBT_DED_IND,BAD_DBT_DED,RNTS_PD_IND,RNTS_PD,TX_PD_IND,TX_PD,INTRST_PD_IND,INTRST_PD,TOT_AMORT_IND,TOT_AMORT,NET_DPR_IND,NET_DPR,DPLTN_IND,DPLTN,ADVRTSNG_IND,ADVRTSNG,PNSN_PRFT_SHRNG_PLNS_IND,PNSN_PRFT_SHRNG_PLNS,EMP_BNFT_PRG_IND,EMP_BNFT_PRG,NET_GN_LSS_NEG_IND,NET_GN_LSS_NEG,COMP_OTHR_DED_IND,COMP_OTHR_DED,COMP_TOT_RCPTS_LS_TOT_DED_IND,COMP_TOT_RCPTS_LS_TOT_DED,S_NET_INCM_POS_IND,S_NET_INCM_POS,a.net_incm_IND,a.net_incm,NET_INCM_POS_IND,NET_INCM_POS,NET_INCM_NEG_IND,NET_INCM_NEG,S_PORT_INCM_IND,S_PORT_INCM,S_DIV_INCM_IND,S_DIV_INCM,S_INTRST_INCM_IND,S_INTRST_INCM,S_RYLTS_INCM_IND,S_RYLTS_INCM,S_NET_STCG_LSS_IND,S_NET_STCG_LSS,S_NET_LTCG_LSS_IND,S_NET_LTCG_LSS,S_NET_INCM_RNTL_RE_IND,S_NET_INCM_RNTL_RE,S_NET_INCM_RNTL_RE_POS_IND,S_NET_INCM_RNTL_RE_POS,S_NET_INCM_RNTL_RE_NEG_IND,S_NET_INCM_RNTL_RE_NEG,S_NET_INCM_OTHR_RNTL_IND,S_NET_INCM_OTHR_RNTL,S_NET_INCM_OTHR_RNTL_POS_IND,S_NET_INCM_OTHR_RNTL_POS,S_NET_INCM_OTHR_RNTL_NEG_IND,S_NET_INCM_OTHR_RNTL_NEG,a.comp_tx_bfr_crs_IND,a.comp_tx_bfr_crs,a.incm_tx_IND,a.incm_tx,S_EX_NET_PSV_INCM_TX_IND,S_EX_NET_PSV_INCM_TX
2013,5,1,12,0,3350,0,1294349478,0,152260194,0,393539677,0,6707313,0,88331450,0,56164279,0,29994162,0,51455147,0,4974379,0,50450709,0,252685815,0,294218669,0,154011862,0,11902654,0,4659475,0,20333541,0,38470416,0,8481629,0,23428666,0,1294349478,0,157087643,0,52907192,0,466027284,0,8052796,0,142899666,0,71025402,0,396349494,0,8416897,0,64894410,0,342916545,0,19878358,0,1030389369,0,985963336,0,1094614,0,5246734,0,38084686,0,961811184,0,706209609,0,8888719,0,91991051,0,5075205,0,2807954,0,12897902,0,14636626,0,8536354,0,2441394,0,18327662,0,372806,0,7929791,0,4829476,0,11444280,0,212294,0,65210060,0,68578185,0,84002967,0,67483571,0,69978119,0,2494548,0,14926908,0,4083885,0,2850981,0,767561,0,1219458,0,6005024,0,1163970,0,1300205,0,136235,0,428518,0,516411,0,87893,0,40261,0,23950,0,15367
2013,5,1,11,0,3359,0,233642781,0,25845790,0,60742590,0,1139342,0,38099705,0,4550103,0,2950040,0,14227804,0,2070635,0,2815230,0,31878906,0,85038179,0,50168341,0,1158348,0,568419,0,5317565,0,8262075,0,2382082,0,4943995,0,233642781,0,25813861,0,22224792,0,45514759,0,4887173,0,29464490,0,6866627,0,98871079,0,2493313,0,16530064,0,83890177,0,4042475,0,396238502,0,389105310,0,133026,0,686108,0,6314058,0,375179877,0,292385562,0,4453247,0,28850657,0,1503909,0,534680,0,5082668,0,5452016,0,1827023,0,531349,0,5323126,0,61840,0,2768561,0,1201656,0,3908139,0,47465,0,21247979,0,21058625,0,24479380,0,20925599,0,21196991,0,271392,0,3020638,0,626262,0,640140,0,120787,0,73684,0,1559766,0,480101,0,537047,0,56947,0,53043,0,79447,0,26404,0,12114,0,7609,0,4255
2013,5,1,10,0,6859,0,235094730,0,28411326,0,53845985,0,782290,0,50906085,0,861088,0,977268,0,14958824,0,2963370,0,2202170,0,26037240,0,95291263,0,57877627,0,821874,0,346711,0,6090811,0,7654112,0,2342734,0,5422676,0,235094730,0,30215106,0,33508715,0,25180171,0,6640698,0,32038212,0,6280393,0,101231435,0,6178599,0,20770734,0,81238618,0,6956516,0,489733935,0,480078260,0,66875,0,733614,0,8855187,0,462657641,0,358465226,0,6288196,0,39439176,0,1874260,0,574002,0,6967078,0,6726991,0,2056781,0,511674,0,5703062,0,85485,0,3247200,0,1341289,0,4441064,0,41506,0,24894654,0,27076294,0,30805696,0,27009419,0,27290933,0,281513,0,3134606,0,592174,0,508104,0,225633,0,70760,0,1737934,0,613029,0,667493,0,54464,0,48642,0,70419,0,21776,0,5760,0,3525,1,2162
2013,5,1,9,0,21715,0,333591499,0,46162738,0,78459434,0,1134916,0,74404699,0,179508,0,779361,0,19853546,0,5113636,0,1993567,0,32012665,0,147637503,0,93113911,0,927552,0,448828,0,9911026,0,11396858,0,3777382,0,3234442,0,333591499,0,42267934,0,51810584,0,29316695,0,12331208,0,49522097,0,7895294,0,140447687,0,6563232,0,27914997,0,113368874,0,7399416,0,782187500,0,768098893,0,87843,0,1023768,0,12976995,0,739610729,0,574152171,0,12479238,0,59674891,0,2821218,0,910664,0,11806308,0,11516780,0,3148797,0,757291,0,7631396,0,47873,0,4983298,0,2085044,0,7698487,0,53227,0,39844048,0,42576770,0,47404500,0,42488927,0,42876119,0,387192,0,3510388,0,807384,0,770246,0,185062,0,85148,0,1662549,0,1333483,0,1418514,0,85031,0,71702,0,96781,0,25079,0,13634,0,10248,0,3303
2013,5,1,8,0,34003,0,239771518,0,38010807,0,54227218,0,588308,0,46380131,1,86086,1,485326,0,13892845,0,4685817,0,1897545,0,17677050,0,120759185,0,76607595,0,467531,0,221549,0,9356806,0,7789028,0,3472760,0,4946355,0,239771518,0,31457923,0,27080946,0,19229993,0,11656211,0,41351226,0,7411163,0,101584056,0,7302061,0,18085683,0,81314452,0,5118141,0,551580764,0,543461169,0,26814,0,767045,0,7325736,0,516446031,0,377399127,0,12200565,0,49307448,0,2675798,0,883302,0,10671867,0,9434128,0,2376694,0,433395,0,5162499,1,4073,0,3486010,0,1569159,0,5634000,0,41292,0,35166675,0,35134733,0,39530968,0,35107919,0,35529071,0,421152,0,3216109,0,391921,0,555069,0,808343,0,35695,0,1425080,0,1172367,0,1219959,0,47593,0,34573,0,35876,1,1304,0,5210,0,4790,1,406
2013,5,1,7,0,198299,0,422073790,0,75285049,0,77515391,0,818401,0,57235191,1,55749,0,433861,0,29482971,0,11189780,0,3160774,0,33283831,0,262573928,0,171615481,0,485485,0,265156,0,25399064,0,19948781,0,9156165,0,7879137,0,422073790,0,48552081,0,29085970,0,36002549,0,31380866,0,96614904,0,11557879,0,168879541,0,15049667,0,38603892,0,126389674,0,11163692,0,1038947137,0,1023743781,0,45086,0,1445947,0,13712324,0,963962156,0,623336201,0,37188527,0,115750818,0,6928511,0,1428959,0,23552564,0,24085506,0,5148199,0,1125451,0,9120741,0,76482,0,7122512,0,3491805,0,9846255,0,49403,0,95710221,0,74984982,0,84103661,0,74939896,0,75598007,0,658111,0,4924856,0,308111,0,957990,0,165116,0,155120,0,3338520,0,3779977,0,3957687,0,177710,0,458931,0,466313,1,7382,0,17095,0,16519,1,215
2013,5,1,6,0,187908,0,131780773,0,28446413,0,14706843,0,75623,0,15820921,1,987,1,36082,0,7078801,0,7191171,0,1366319,0,7689258,0,107183576,0,76120888,0,118504,0,59157,0,9213000,0,11037042,0,5100557,0,3248082,0,131780773,0,12327689,0,7743370,0,9288096,0,18489280,0,33017233,0,1979731,0,48935375,0,5752978,0,16404007,0,30887729,0,4109338,0,381099717,0,375381990,0,11702,0,626515,0,5079509,0,348613569,0,195552691,0,20520050,0,48004474,0,3364739,0,316850,0,12333551,0,9187855,0,1945650,0,674741,0,3767025,1,5443,0,3077116,0,1536032,0,2913620,0,25125,0,45388607,0,32486148,0,35967264,0,32474446,0,32727361,0,252914,0,1561693,0,59831,0,211282,0,12739,0,50406,0,1227434,0,1823935,0,1849853,0,25917,0,107190,0,107190,0,0,1,1697,1,1113,1,584
2013,5,1,5,0,264900,0,94515046,0,25461873,0,10020077,1,894877,0,8780073,0,0,1,6993,0,4860732,0,7639814,1,566752,0,4412016,0,84182551,0,61523915,1,40058,1,1791,0,4013290,0,9393447,0,4583859,0,2141812,0,94515046,0,6317302,0,5278093,0,9269132,0,11669102,0,19762971,0,1773716,0,40444730,0,6243906,0,9931316,0,25750573,0,1481065,0,347425535,0,340787899,0,4548,0,328598,0,6304490,0,313123757,0,146579121,0,27215377,0,51192922,0,2499498,0,262239,0,13467574,0,9687792,0,1621468,0,545843,0,3378800,0,0,0,2995498,0,2448928,0,2973854,1,1453,0,48253389,0,34301778,0,37318785,0,34297230,0,34581437,0,284208,0,1942414,0,72546,0,119368,0,111571,0,-30659,0,1669589,0,972398,0,990262,0,17864,0,106743,1,109787,1,3044,0,0,0,0,0,0
2013,5,1,4,0,442405,0,70398403,0,23527284,0,5116412,1,22986,0,6454313,0,0,1,17583,0,3434837,0,5700665,1,19054,0,2153159,0,77146061,0,59868335,1,41142,1,31494,0,1705751,0,9501689,0,5458783,0,962050,0,70398403,0,4505694,0,4100421,0,7242373,0,11934291,0,13526944,0,958670,0,28130011,0,4818703,0,9213611,0,15744653,0,1646956,0,367391594,0,360435267,1,899,0,433629,0,6521800,0,327895980,0,144534750,0,31592771,0,51705362,0,2942433,0,156752,0,16092624,0,10347642,0,1364425,0,539955,0,2980987,1,4547,0,3399258,0,2477713,0,2910921,1,7399,0,56838442,0,39495614,0,41260415,0,39494716,0,39678372,0,183656,0,793465,0,52517,0,91834,1,3839,0,4724,0,640551,0,938759,0,955416,1,16656,1,33474,1,34122,1,648,1,5558,1,5558,0,0
2013,5,1,3,0,1310472,0,38648833,0,17443088,0,1988333,1,10471,0,2420338,1,180,1,2773,0,1388625,0,3263000,1,62438,0,1057223,0,73637373,0,64407687,1,37377,1,5595,0,352899,0,4615296,0,3591569,0,395212,0,38648833,0,2870650,0,2823709,0,6717081,0,12173289,0,7923588,0,2349720,0,3790796,0,4368761,0,13830467,0,-12666872,0,1741560,0,426259209,0,417611172,1,509,0,464079,0,8183450,0,367554832,0,123017836,0,52231562,0,55260335,0,3552782,0,219053,0,17461922,0,12228868,0,1241237,0,198209,0,2844727,1,12473,0,4206995,0,2515088,0,3198328,0,51269,0,89314148,0,58704377,0,60603960,0,58703869,0,58746820,0,42951,0,1446618,0,9907,0,157159,0,354283,0,6907,0,918361,0,424748,0,433688,0,8940,1,28725,1,29068,1,343,1,1628,1,1628,0,0
2013,5,1,2,0,440011,0,0,0,0,0,0,0,0,0,0,0,0,0,0,0,0,0,0,0,0,0,0,0,0,0,0,0,0,0,0,0,0,0,0,0,0,0,0,0,0,0,0,0,0,0,0,0,0,0,0,0,0,0,0,0,0,0,0,0,0,0,0,0,82245298,0,77080864,0,30084,0,1801983,0,3332368,0,65612029,0,28525450,0,5217871,0,7727299,0,689758,0,150824,0,3437876,0,1823562,0,425389,0,61545,0,693115,1,94,0,740638,0,235710,0,550927,0,20888,0,15311084,0,16633269,0,30470591,0,16603185,0,16882482,0,279297,0,13564959,0,79107,0,133115,0,24671,0,143785,0,13184280,0,297784,0,306327,0,8543,1,4664,1,6206,1,1542,1,9224,1,7018,1,1718
2013,5,1,1,0,2913280,0,3093866850,0,460854560,0,750161960,0,12174526,0,388832907,0,61897979,0,35683449,0,160634133,0,54792266,0,64534557,0,408887162,0,1347668289,0,865315643,0,16000524,0,6608174,0,91693756,0,128068744,0,48347520,0,56602429,0,3093866850,0,361415884,0,236563792,0,653788132,0,129214913,0,466121331,0,118098594,0,1128664203,0,67188116,0,236179180,0,888834424,0,63537517,0,5893498560,0,5761747939,0,1501999,0,13558019,0,116690603,0,5442467784,0,3570157744,0,218276122,0,598904432,0,33928111,0,8245278,0,133771933,0,115127765,0,29692016,0,7820847,0,64933139,0,671115,0,43956878,0,23731900,0,55519875,0,551321,0,537179307,0,451030776,0,515948187,0,449528777,0,455085711,0,5556935,0,52042654,0,7083645,0,6995288,0,2779605,0,1815029,0,33369087,0,13000550,0,13636451,0,635901,0,1376206,0,1551619,0,175413,0,112182,0,81957,0,28010
2013,5,11,12,0,41,0,11758717,0,511482,0,2042336,0,7726,0,2835399,0,140903,0,0,0,318493,0,154168,0,7380,0,2165367,0,5575240,0,3057103,0,5250,0,0,0,746712,0,153039,0,62144,0,229921,0,11758717,0,808878,0,1667388,0,986394,0,115296,0,1966921,0,274892,0,5938949,0,152549,0,712339,0,5276229,0,202168,0,14981955,0,14727753,0,6538,0,13808,0,233856,0,14355201,0,10394455,0,61208,0,711283,0,83082,0,6089,0,147026,0,159355,0,104030,0,27117,0,391057,0,29973,0,46888,0,76037,0,120095,0,1312,0,1996195,0,626753,0,802885,0,620216,0,645988,0,25772,0,178896,0,104688,0,34195,0,304,0,61,0,39647,0,4124,0,5568,0,1444,0,-351,0,699,0,1050,0,1459,0,1459,0,0
2013,5,11,11,0,60,0,4071282,0,389276,0,683498,0,3387,0,608534,0,11264,0,0,0,292046,0,77820,0,31253,0,616597,0,2024647,0,1212060,0,11563,0,49,0,377888,0,110901,0,5371,0,56860,0,4071282,0,332333,0,468854,0,262717,0,109272,0,639746,0,62385,0,2195974,0,99469,0,211129,0,1923855,0,38478,0,4377466,0,4174251,0,139,0,9263,0,193813,0,4020258,0,2771580,0,36867,0,265747,0,39626,0,1181,0,66351,0,54493,0,31941,0,10477,0,104155,0,0,0,7112,0,3661,0,20765,0,1473,0,604828,0,357208,0,413608,0,357069,0,360185,0,3116,0,42135,0,21942,0,15005,0,95,0,16,0,5076,0,14276,0,15538,0,1262,0,128,0,247,0,119,0,1,0,1,0,0
2013,5,11,10,0,111,0,3733112,0,382248,0,591700,1,4704,0,416433,0,0,1,102604,0,140891,1,105752,1,118301,0,435967,0,2280709,0,1400349,1,62877,0,0,0,390329,0,12186,0,7138,0,105306,0,3733112,0,314751,0,241636,0,333629,0,124468,0,536528,0,48137,0,2133965,0,122978,0,217451,0,1830418,1,36883,0,3910255,0,3734009,1,7184,0,8066,0,160996,0,3618693,0,2360883,0,41240,0,365226,0,49065,1,3874,0,72475,0,57259,0,39949,0,2032,0,122862,0,0,0,8671,0,7704,0,28351,1,946,0,458154,0,291562,0,510436,0,284377,0,305494,1,21117,0,204373,0,42572,0,7546,1,45095,0,4971,0,104189,0,20622,0,21210,1,588,1,1064,1,1417,1,353,0,0,0,0,0,0
2013,5,11,9,0,372,0,5756529,0,542213,0,551943,1,5770,0,853049,0,0,0,0,0,577145,0,92466,1,26564,0,776456,0,3521422,0,2388035,1,32905,1,7773,0,1057716,0,8417,0,2636,0,120448,0,5756529,0,308011,0,821712,0,330461,0,177982,0,1251772,0,128696,0,2737896,0,123856,0,951074,0,1735838,0,72871,0,8402657,0,7687686,1,491,0,17178,0,697302,0,7946744,0,4957084,0,95518,0,557436,0,130999,0,2672,0,216926,0,107000,0,68188,0,517,0,219976,0,0,0,11729,0,9945,0,62535,0,0,0,1506217,0,455913,0,569300,0,455423,0,502612,0,47189,0,92616,0,27532,0,13729,1,39461,0,-1089,0,12983,0,20496,0,22148,1,1651,1,766,1,766,0,0,1,251,1,251,0,0
2013,5,11,8,0,1002,0,6710400,0,1481052,0,753589,1,29,0,637192,0,0,0,0,0,233652,1,27272,1,2783,0,746701,0,4217242,0,2635446,1,11499,1,2025,0,891415,0,25302,0,15792,0,335992,0,6710400,0,543779,0,509090,0,255693,0,192993,0,1321695,1,36339,0,3850811,0,510391,0,349702,0,3120471,1,129753,0,12105894,0,11723032,1,600,0,31255,0,351007,0,11437938,0,9017184,0,60993,0,368344,0,87648,1,13178,0,274085,0,104361,0,97387,1,830,0,255310,1,351,0,10318,1,2383,0,11560,1,449,0,1133558,0,667955,0,1334316,0,667355,0,688650,1,21295,0,647017,0,62745,0,32103,1,551682,1,-48,1,535,0,19931,0,20500,1,569,1,13,1,13,0,0,0,99,0,99,0,0
2013,5,11,7,0,6318,0,12994252,0,1836796,0,493092,1,4,0,1216402,0,0,1,11663,0,741462,0,747959,1,12716,0,1062788,0,13802752,0,11033701,0,0,0,0,0,2777559,0,353041,0,82927,0,1054654,0,12994252,0,643516,0,1507459,0,636956,0,1138538,0,3520243,0,789906,0,4757633,0,832018,0,1020871,0,3436073,0,531328,0,23083622,0,20188162,1,3810,0,99686,0,2791964,0,20942028,0,9149713,0,304375,0,3309236,0,534842,1,8262,0,929660,0,469898,0,178549,0,22164,0,638280,0,0,0,81935,0,8764,0,112037,1,167,0,5194146,0,2141594,0,2580015,0,2137784,0,2284346,1,146562,0,208755,0,10276,0,45902,1,90891,1,810,0,60876,0,186416,0,186416,0,0,1,47060,1,48541,1,1481,1,5557,1,5557,0,0
2013,5,11,6,0,8725,0,6329511,0,1214221,0,131101,0,0,1,320838,0,0,0,0,0,439212,0,453504,1,75016,0,630336,0,8915702,0,7755462,0,0,0,0,0,1508448,0,42627,1,5385,0,359352,0,6329511,0,288819,0,351989,0,180206,0,634688,0,2310880,1,164333,0,2398595,0,757828,0,1323497,0,477419,1,160148,0,9542681,0,8041726,1,163,0,122658,0,1378135,0,8109784,0,2138318,0,270771,0,1024931,0,401603,1,1295,0,556746,0,241665,0,116417,1,61,0,331433,0,0,0,3714,1,9852,0,95092,0,0,0,2917886,0,1432897,0,1545718,0,1432734,0,1439168,1,6434,0,22792,1,1093,0,20111,0,0,1,851,1,738,0,81802,1,81820,1,18,1,8391,1,8391,0,0,1,734,1,734,0,0
2013,5,11,5,0,8107,0,2811524,0,708997,1,63550,0,0,1,155323,0,0,0,0,0,37769,1,241013,0,0,1,165645,0,7685451,0,6609011,0,0,0,0,1,275138,1,78345,1,32810,0,42115,0,2811524,1,81266,0,429634,0,64825,0,222325,0,950880,1,69938,0,992657,0,783276,0,703778,0,-494039,1,359,0,7965954,0,6627197,0,0,0,118081,0,1220677,0,6503645,0,1153261,0,210091,0,914205,0,210283,0,0,0,619249,0,185305,0,61599,1,4598,0,351300,0,0,1,7347,1,11906,1,48428,0,0,0,2726073,0,1462310,0,1471469,0,1462310,0,1462310,0,0,0,6636,1,208,0,1509,0,0,0,0,1,4919,1,2523,1,2523,0,0,0,0,0,0,0,0,0,0,0,0,0,0
2013,5,11,4,0,8798,0,1146982,0,344320,1,1466,0,0,1,67365,0,0,0,0,1,56976,1,56036,0,0,1,119256,0,1358284,0,1024847,0,0,0,0,1,161551,1,6544,1,6014,1,6043,0,1146982,0,0,0,140638,1,54204,1,62052,1,181101,1,4,0,708984,0,162858,1,122472,0,427715,1,4061,0,4054047,0,3510601,0,0,1,613,0,542833,0,3358217,1,1037610,0,102398,1,143678,0,102674,0,0,0,271366,0,55146,0,49861,1,43,0,51294,0,0,1,5764,1,1460,1,11502,0,0,0,1525419,0,695830,0,773694,0,695830,0,699901,1,4071,1,26401,1,1474,1,2053,1,1011,0,0,1,21863,1,51463,1,51463,0,0,0,0,0,0,0,0,0,0,0,0,0,0
2013,5,11,3,0,12187,0,379158,0,162269,0,0,0,0,1,9263,0,0,0,0,1,26832,1,8376,0,0,1,16275,0,1593698,0,1447236,0,0,0,0,0,0,1,64588,1,52312,1,-2596,0,379158,1,58573,1,35291,0,41306,1,122474,1,127489,1,44433,0,-50407,0,52435,1,398119,0,-453735,1,47226,0,2737978,0,2388546,1,8,1,2219,0,347206,0,2179448,0,460298,0,100327,0,185315,0,80145,1,784,0,163786,0,52426,0,23122,1,10779,0,73249,0,0,1,1989,0,0,1,7496,0,0,0,1019733,0,558530,0,559603,0,558522,0,559265,1,743,1,1078,1,55,1,61,1,792,1,-20,1,191,1,3,1,3,0,0,0,0,0,0,0,0,0,0,0,0,0,0
2013,5,11,2,0,4738,0,0,0,0,0,0,0,0,0,0,0,0,0,0,0,0,0,0,0,0,0,0,0,0,0,0,0,0,0,0,0,0,0,0,0,0,0,0,0,0,0,0,0,0,0,0,0,0,0,0,0,0,0,0,0,0,0,0,0,0,0,0,0,612938,1,506353,1,11,1,20015,1,86559,0,386363,1,34816,0,0,1,89816,1,27952,0,1889,1,6579,0,25598,1,3107,0,0,1,13120,0,0,1,13938,0,0,0,0,0,0,0,169548,0,226575,0,228239,0,226564,0,226564,0,0,1,1535,1,21,1,590,1,527,1,29,1,369,0,140,0,140,0,0,0,0,0,0,0,0,0,0,0,0,0,0
2013,5,11,1,0,50460,0,55691467,0,7572876,0,5312276,0,21621,0,7119799,0,152167,1,114266,0,2864477,0,1964365,0,274014,0,6735388,0,50975148,0,38563249,1,124094,1,9848,0,8186757,0,854990,0,272528,0,2308096,0,55691467,0,3379926,0,6173689,0,3146391,0,2900088,0,12807255,0,1619062,0,25665056,0,3597657,0,6010433,0,17280242,0,1223276,0,91775447,0,83309314,0,18944,0,442841,0,8004347,0,82858320,0,43475203,0,1283790,0,7935218,0,1747920,0,39224,0,3324250,0,1512505,0,774149,0,78619,0,2552036,1,30324,0,199403,0,131713,0,517862,0,4347,0,19251758,0,8917127,0,10789283,0,8898183,0,9174483,0,276300,0,1432234,0,272606,0,172805,0,729858,0,5580,0,251385,0,401796,0,407327,0,5531,0,57070,0,60073,1,3003,0,8102,0,8102,0,0
2013,5,21,12,0,68,0,26011005,0,3196636,0,3271025,0,20596,0,460893,0,61080,0,276462,0,1256776,0,1006922,0,43255,0,6962510,0,8989175,0,5896058,0,8861728,0,4261965,0,371376,0,1837192,0,1041755,0,636348,0,26011005,0,2410765,0,413427,0,1055156,0,193331,0,3495766,0,1693118,0,16749443,0,96978,0,2287527,0,14506106,0,141169,0,12259654,0,10381600,0,16370,0,94945,0,1766739,0,8605483,0,4755156,0,110217,0,752515,0,56138,0,8991,0,157728,0,302439,0,119276,0,52596,0,768121,0,65530,0,4406,0,49143,0,148186,0,6282,0,1248758,0,3654170,0,4738915,0,3637801,0,3647577,0,9776,0,1004945,0,153214,0,56894,0,129440,0,9197,0,656200,0,6559,0,8621,0,2061,0,89610,0,92737,0,3128,0,1024,0,1024,0,0
2013,5,21,11,0,71,0,4831418,0,624010,0,636577,0,30290,0,118842,0,30557,0,23232,0,271335,0,95556,0,19011,0,1320433,0,2240322,0,1428207,0,886795,0,432389,0,192025,0,115394,0,39674,0,187889,0,4831418,0,357364,0,119257,0,120217,0,87708,0,422353,0,97222,0,3627297,0,23862,0,71531,0,3703147,0,171243,0,3652691,0,3363613,0,1670,0,26042,0,261366,0,3028778,0,1870460,0,52617,0,236398,0,56613,0,14023,0,39065,0,114426,0,27666,0,7142,0,181202,0,56623,0,3014,0,12749,0,45544,0,6346,0,304891,0,623913,0,785924,0,622243,0,634343,0,12100,0,154207,0,10504,0,16495,0,38009,0,11570,0,77628,0,9088,0,9745,0,658,0,386,0,552,0,166,0,1034,0,1034,0,0
2013,5,21,10,0,148,0,5280203,0,851202,0,883154,1,7708,0,199597,0,0,1,65968,0,411891,0,218242,1,2328,0,1002072,0,2895364,0,1978775,0,712919,0,340286,0,135907,0,172513,0,88091,0,143904,0,5280203,0,545248,0,153312,0,276633,0,95538,0,582312,0,113266,0,3513893,0,61003,0,392177,0,3214171,0,153458,0,4655110,0,4437566,0,1896,0,42441,0,173207,0,3663078,0,2178906,0,67307,0,371421,0,37313,0,5926,0,67397,0,127934,0,27358,0,17789,0,247761,0,82978,0,9574,0,18306,0,49580,1,260,0,353268,0,992032,0,1098503,0,990136,0,1004581,1,14445,0,101822,0,9860,0,15936,0,47249,0,1311,0,27467,0,6058,0,6861,1,803,1,487,1,2018,1,1531,0,1,0,1,0,0
2013,5,21,9,0,358,0,5763498,0,1516040,0,1064599,0,13500,0,112236,1,24424,1,87318,0,332600,0,99206,0,0,0,1074060,0,3368382,0,2462320,0,717513,0,395715,0,138869,0,255030,0,186555,0,31311,0,5763498,0,552589,0,326296,0,419376,0,207492,0,470401,0,394986,0,3392358,0,26294,0,829521,0,2605681,0,69139,0,5520162,0,5156956,0,4539,0,97630,0,261038,0,4331754,0,2545519,0,84864,0,401105,0,55423,0,13703,0,83653,0,140685,0,28685,0,13074,0,244516,0,34388,0,5832,0,18684,0,53244,1,416,0,607962,0,1188408,0,1390705,0,1183869,0,1186866,1,2997,0,189025,0,10118,0,17056,0,63409,0,2689,0,95753,0,16604,0,17959,1,1355,1,1208,1,1394,1,187,1,39,1,39,0,0
2013,5,21,8,0,597,0,4021259,0,823236,0,946676,1,1016,0,91765,0,0,1,749,0,171320,1,119524,0,0,0,595835,0,3499067,0,2640887,0,282822,0,188144,0,78676,0,243427,0,116903,0,115111,0,4021259,0,360026,1,188469,0,273033,0,352769,0,592428,1,70269,0,2184266,0,54169,0,358351,0,1832255,1,60509,0,6385634,0,6202250,0,0,0,18010,0,165375,0,5471444,0,3036768,0,90791,0,618942,0,53699,1,2083,0,155176,0,214531,0,28857,0,6001,0,392125,1,3247,0,14344,0,18569,0,45805,0,0,0,790506,0,914191,0,1211004,0,914191,0,921772,1,7581,0,294142,1,1768,0,43677,0,247347,1,108,1,1243,1,1333,1,1540,1,207,1,1337,1,1337,0,0,0,0,0,0,0,0
2013,5,21,7,0,1827,0,4724263,0,1265600,0,772204,0,0,1,71642,0,0,0,0,0,143182,0,151178,0,0,0,657598,0,4835650,0,3838368,0,396218,0,210517,0,344195,0,178742,0,132157,0,89096,0,4724263,0,191942,0,140353,0,596240,0,264027,0,828297,1,232739,0,2470665,0,54412,0,301609,0,2181663,1,67019,0,8261307,0,8055497,1,5,0,29113,0,176694,0,6637641,0,2755634,0,298521,0,990853,0,275163,1,2364,0,285051,0,253961,0,67491,1,18500,0,229258,1,40105,0,24750,0,32448,0,46820,0,0,0,1316722,0,1623666,0,1669328,0,1623662,0,1642380,1,18718,0,46459,1,1107,0,1402,0,43126,1,8,1,815,1,-808,1,1373,1,2181,1,16,1,16,0,0,0,0,0,0,0,0
2013,5,21,6,0,1629,0,1265346,0,505277,1,211634,1,1389,1,132331,0,0,0,0,1,21566,1,13329,0,0,1,4659,0,1747718,0,1480436,1,85925,1,50352,1,3363,1,38788,1,9643,1,42577,0,1265346,1,37979,1,18510,0,166770,1,168661,1,198156,1,3570,0,671700,0,27269,1,134840,0,526063,1,16472,0,3301709,0,3240204,0,0,1,6540,0,54966,0,2604294,0,985516,0,219783,1,361769,0,83302,1,2832,0,44302,0,102745,0,20542,1,2584,0,123851,1,5443,1,14799,1,10122,1,50939,0,0,0,575765,0,697416,0,700610,0,697416,0,697416,0,0,0,1763,0,0,1,1724,1,39,0,0,0,0,1,884,1,884,0,0,1,547,1,547,0,0,0,0,0,0,0,0
2013,5,21,5,0,1707,0,586548,1,68652,1,153000,0,0,1,15901,0,0,0,0,1,30042,0,0,0,0,1,2729,0,836232,0,751147,1,40057,1,1791,1,12048,1,19816,1,5516,1,166524,0,586548,1,3098,1,67072,1,26769,1,8781,1,112508,0,0,0,368320,1,18941,1,-25190,0,496824,1,122256,0,1846362,1,1764905,0,0,1,7799,1,73657,0,1366815,1,795255,1,71269,1,89491,1,21919,0,0,1,28896,1,35952,1,16050,1,19,1,20353,0,0,1,1872,1,6708,1,9430,0,0,0,269601,0,479547,0,483181,0,479547,0,479547,0,0,1,5640,0,0,1,156,1,5484,0,0,0,0,1,-2016,0,0,1,2016,1,10,1,10,0,0,0,0,0,0,0,0
2013,5,21,4,0,2131,0,393734,0,256971,1,23459,0,0,1,1438,0,0,0,0,1,10027,1,2653,0,0,1,7692,0,979205,0,925319,1,41037,1,31481,1,1078,1,15398,1,9778,1,21355,0,393734,1,21889,1,31144,1,16078,1,65450,1,939,4,,0,258235,0,3416,1,4286,0,341955,1,91423,0,2210807,0,2186637,4,,1,4077,1,20092,0,1866463,1,754646,1,141315,1,380894,1,65369,0,0,1,68589,0,73357,1,1997,1,2207,1,15644,1,4547,1,1356,1,15554,1,30973,0,0,0,310016,0,344343,0,358225,0,344343,0,344343,0,0,1,13882,1,4491,1,4641,1,2787,1,-730,1,2693,0,0,0,0,0,0,0,0,0,0,0,0,0,0,0,0,0,0
2013,5,21,3,0,5770,0,150146,0,68849,0,0,0,0,0,0,0,0,0,0,0,0,1,33051,0,0,0,0,1,1500243,1,1475963,1,2320,1,862,1,22361,1,19132,1,18985,0,0,0,150146,1,3842,0,0,1,1795,1,383,1,32290,1,13130,0,98706,1,6244,1,22753,0,69709,0,0,0,1436261,0,1436261,0,0,0,0,0,0,0,1158484,1,224982,1,104223,1,225510,1,68939,0,0,1,22537,0,41761,1,11838,0,0,1,52931,1,11726,1,1437,0,0,1,50768,0,0,0,341832,0,277777,0,299120,0,277777,0,282548,1,4772,1,20230,0,0,1,99,1,20131,0,0,0,0,0,0,0,0,0,0,1,1113,1,1113,0,0,0,0,0,0,0,0
2013,5,21,2,0,3214,0,0,0,0,0,0,0,0,0,0,0,0,0,0,0,0,0,0,0,0,0,0,0,0,0,0,0,0,0,0,0,0,0,0,0,0,0,0,0,0,0,0,0,0,0,0,0,0,0,0,0,0,0,0,0,0,0,0,0,0,0,0,0,912014,0,678812,0,1,1,89386,0,143815,0,539681,1,184181,1,26010,0,97353,1,5912,1,678,0,11502,0,19659,1,2928,0,110,0,18735,1,73,1,3842,1,1786,0,24240,0,0,0,142672,0,372333,0,499192,0,372332,0,375076,1,2744,0,126437,0,0,0,182,1,20041,0,0,1,106215,0,423,0,423,0,0,0,0,0,0,0,0,0,0,0,0,0,0
2013,5,21,1,0,17521,0,53027420,0,9176472,0,7962327,0,74500,0,1204646,1,116061,0,453728,0,2648739,0,1739661,1,64594,0,11627590,0,30891358,0,22877480,0,12027334,0,5913502,0,1299900,0,2895431,0,1649056,0,1434115,0,53027420,0,4484739,0,1457838,0,2952067,0,1444140,0,6735451,0,2618302,0,33334882,0,372589,0,4377406,0,29477574,0,892686,0,50441712,0,46904300,0,24480,0,415983,0,3096949,0,39273915,0,20087022,0,1266918,0,4526251,0,779790,0,50601,0,963897,0,1427449,0,352688,0,120022,0,2294496,0,304659,0,85227,0,184069,0,555529,0,13304,0,6261993,0,11167797,0,13234707,0,11143316,0,11216449,0,73132,0,1958552,0,191063,0,158262,0,617062,0,24152,0,968012,0,38124,0,47405,0,9281,0,94714,0,99725,0,5011,0,2097,0,2097,0,0
2013,5,22,12,3,,3,,3,,3,,3,,3,,3,,3,,3,,3,,3,,3,,3,,3,,3,,3,,3,,3,,3,,3,,3,,3,,3,,3,,3,,3,,3,,3,,3,,3,,3,,3,,3,,3,,3,,3,,3,,3,,3,,3,,3,,3,,3,,3,,3,,3,,3,,3,,3,,3,,3,,3,,3,,3,,3,,3,,3,,3,,3,,3,,3,,3,,3,,3,,3,,3,,3,,3,,3,,3,,3,,3,,3,,3,
2013,5,22,11,3,,3,,3,,3,,3,,3,,3,,3,,3,,3,,3,,3,,3,,3,,3,,3,,3,,3,,3,,3,,3,,3,,3,,3,,3,,3,,3,,3,,3,,3,,3,,3,,3,,3,,3,,3,,3,,3,,3,,3,,3,,3,,3,,3,,3,,3,,3,,3,,3,,3,,3,,3,,3,,3,,3,,3,,3,,3,,3,,3,,3,,3,,3,,3,,3,,3,,3,,3,,3,,3,,3,,3,,3,,3,
2013,5,22,10,1,5,1,195845,1,12128,1,159618,1,4786,0,1817,0,0,0,0,1,39583,0,1593,0,0,0,0,1,17612,1,13827,0,0,0,0,0,233,0,17,0,17,0,-18125,1,195845,1,117152,1,232353,0,17405,1,40605,0,0,1,-89834,1,-121836,1,3,1,13592,1,-134874,0,556,1,536697,1,528761,0,0,0,35,1,7902,1,503613,1,432319,1,5337,1,26121,1,18,1,1034,1,2291,1,4651,1,15690,1,631,1,344,0,0,1,268,1,1215,1,3574,0,0,1,10119,1,33085,1,33410,1,33085,1,33085,0,0,1,326,4,,1,261,0,56,4,,0,9,0,0,0,0,0,0,0,0,0,0,0,0,0,0,0,0,0,0
2013,5,22,9,1,14,1,252278,1,32351,1,47674,1,865,1,10735,0,0,0,0,1,4422,1,401,0,0,1,69101,1,177064,1,105277,0,0,0,0,1,975,0,499,0,11,1,15209,1,252278,1,35926,0,3695,1,13511,0,0,1,34182,1,20762,1,144204,1,9399,1,59311,1,75493,0,0,1,499638,1,508466,0,0,0,0,1,-8828,1,476798,1,416632,1,2939,1,25899,1,3697,1,76,1,964,1,6081,1,1118,1,-85,1,7230,0,0,0,151,1,136,1,581,0,0,1,11380,1,22840,1,39617,1,22840,1,34789,1,11950,1,16777,1,79,1,428,5,,1,57,1,16212,0,0,0,0,0,0,5,,5,,0,0,0,0,0,0,0,0
2013,5,22,8,1,107,1,762191,1,150170,1,75962,1,149,1,36916,0,0,0,0,1,51345,1,39885,0,0,1,102928,1,758617,1,533353,0,0,0,0,1,40738,1,445616,1,424589,1,18105,1,762191,1,28358,1,73159,1,31206,1,2732,1,231182,1,51464,1,344089,1,4682,1,180418,1,166596,1,7607,1,922559,1,877922,0,0,0,44,1,44593,1,746247,1,444295,1,28401,1,28173,1,24037,1,33,1,32162,1,24615,1,6682,1,26769,1,48055,0,0,1,419,1,4141,1,11331,0,0,1,67134,1,176312,1,186321,1,176312,1,176312,0,0,1,3759,1,93,1,2015,0,0,0,0,1,1651,1,1568,1,1568,0,0,1,4683,1,4683,0,0,0,0,0,0,0,0
2013,5,22,7,1,5,1,17538,1,3284,1,5979,1,285,1,2,0,0,0,0,1,5267,0,0,0,0,0,0,1,8246,1,5008,0,0,0,0,0,0,1,88,1,35,0,0,1,17538,1,3599,1,662,1,1079,0,0,1,3757,0,0,1,8441,0,0,0,0,1,8441,0,0,1,56370,1,56370,0,0,0,0,0,0,1,35091,1,28232,0,0,1,2953,1,796,0,0,1,113,1,809,1,239,1,8,1,397,0,0,0,0,1,5,1,56,0,0,1,1482,1,21279,1,21320,1,21279,1,21279,0,0,1,42,0,0,1,42,0,0,0,0,0,0,0,0,0,0,0,0,0,0,0,0,0,0,0,0,0,0,0,0
2013,5,22,6,1,360,1,329461,1,137546,0,0,0,0,0,0,0,0,0,0,0,0,0,0,0,0,0,0,1,523038,1,360080,0,0,0,0,1,28957,1,228,1,228,0,0,1,329461,0,0,1,53095,1,40782,0,0,1,88973,0,0,1,146611,1,542,1,4504,1,195918,1,54353,1,409494,1,406635,0,0,0,0,1,2859,1,378598,1,200260,1,36808,1,14580,1,4783,0,0,1,13406,1,14393,1,6033,0,0,1,30778,0,0,1,626,0,0,1,6426,0,0,1,50507,1,30896,1,31556,1,30896,1,30896,0,0,1,660,0,0,1,660,0,0,0,0,0,0,0,0,0,0,0,0,0,0,0,0,0,0,0,0,0,0,0,0
2013,5,22,5,1,317,1,107149,1,28594,1,1586,0,0,0,0,0,0,0,0,0,0,0,0,0,0,0,0,1,358082,1,281113,0,0,0,0,0,0,0,0,0,0,0,0,1,107149,0,0,0,0,0,0,0,0,0,0,5,,1,107149,1,32,1,24176,1,82941,0,0,1,160527,1,160527,0,0,0,0,0,0,1,86037,0,0,0,0,0,0,1,3978,0,0,0,0,1,1730,0,0,0,0,1,5837,0,0,0,0,0,0,0,0,0,0,1,74492,1,74490,1,74490,1,74490,1,74490,0,0,0,0,0,0,0,0,0,0,0,0,0,0,0,0,0,0,0,0,0,0,0,0,0,0,0,0,0,0,0,0
2013,5,22,4,1,388,1,61692,1,4209,0,0,0,0,0,0,0,0,0,0,0,0,0,0,0,0,0,0,1,59583,1,37702,0,0,0,0,0,0,1,43892,1,8291,0,0,1,61692,0,0,1,3363,0,0,1,2557,1,4765,0,0,1,51007,1,388,1,30621,1,19998,0,0,1,28194,1,28194,0,0,0,0,0,0,1,22004,1,1419,0,0,0,0,1,179,0,0,1,1492,0,0,0,0,1,2926,1,11251,0,0,0,0,0,0,0,0,0,0,1,4737,1,6190,1,6190,1,6190,1,6190,0,0,0,0,0,0,0,0,0,0,0,0,0,0,0,0,0,0,0,0,0,0,0,0,0,0,0,0,0,0,0,0
2013,5,22,3,1,1541,1,62090,1,13972,0,0,0,0,0,0,0,0,0,0,1,18051,1,3953,0,0,0,0,1,143634,1,117793,0,0,0,0,0,0,0,0,0,0,1,273,1,62090,0,0,0,0,1,7051,1,5953,1,20283,0,0,1,28803,1,16669,1,7611,1,4524,0,0,1,486628,1,486628,0,0,0,0,0,0,1,434381,1,145804,1,79694,1,20458,1,1737,0,0,1,38485,1,12017,1,940,0,0,1,8310,0,0,1,11544,1,6151,0,0,0,0,1,109240,1,52247,1,52250,1,52247,1,52247,0,0,1,3,0,0,1,3,0,0,0,0,0,0,0,0,0,0,0,0,0,0,0,0,0,0,0,0,0,0,0,0
2013,5,22,2,0,0,0,0,0,0,0,0,0,0,0,0,0,0,0,0,0,0,0,0,0,0,0,0,0,0,0,0,0,0,0,0,0,0,0,0,0,0,0,0,0,0,0,0,0,0,0,0,0,0,0,0,0,0,0,0,0,0,0,0,0,0,0,0,0,0,0,0,0,0,0,0,0,0,0,0,0,0,0,0,0,0,0,0,0,0,0,0,0,0,0,0,0,0,0,0,0,0,0,0,0,0,0,0,0,0,0,0,0,0,0,0,0,0,0,0,0,0,0,0,0,0,0,0,0,0,0,0,0,0,0,0,0,0,0,0,0,0,0,0,0,0,0,0,0,0,0,0
2013,5,22,1,0,2750,0,3691221,0,569823,0,823424,0,14321,0,142045,0,0,0,0,0,249192,1,76156,0,0,0,336896,0,2964384,0,1866924,0,50537,0,21660,0,149070,0,683666,0,542029,0,90962,0,3691221,0,569927,0,408986,0,180675,1,51847,0,710107,0,100592,0,1669086,0,37048,0,395327,0,1310451,1,73740,0,7040798,0,6967597,0,0,0,1054,0,72146,0,6557301,0,5143261,0,168727,0,216965,0,55687,0,5766,0,120504,0,91049,0,36368,0,34034,0,154321,0,0,0,16403,0,14249,0,26174,0,32,0,473763,0,483496,0,518723,0,483496,0,495504,1,12008,0,25802,0,956,0,5948,1,812,1,76,0,18009,1,4389,1,4406,0,17,1,5036,1,5036,0,0,0,0,0,0,0,0
2013,5,23,12,0,211,0,67265141,0,8565477,0,19512917,0,89887,0,3464452,0,139191,0,406014,0,7513434,0,181834,0,69508,0,17495876,0,16001540,0,9460407,0,298608,0,79032,0,1464907,0,894637,0,239617,0,1125689,0,67265141,0,13925835,0,1288640,0,19495042,0,382469,0,5242240,0,1509199,0,25421718,0,416332,0,2762166,0,23567134,0,1323915,0,111935240,0,109693569,0,45504,0,148117,0,2048051,0,105740471,0,94032289,0,1061148,0,3277418,0,155017,0,23703,0,1241328,0,911082,0,169942,0,66028,0,1086833,0,18607,0,63865,0,327091,0,780600,0,6807,0,2518714,0,6194769,0,6864038,0,6149265,0,6191753,0,42488,0,644335,0,101425,0,210692,0,19793,0,21675,0,290749,0,11824,0,64287,0,52463,0,58613,0,62730,0,4117,0,1444,0,540,0,0
2013,5,23,11,0,317,0,21702670,0,3818986,0,8216231,0,35686,0,1574841,0,18862,0,83789,0,2428908,0,135876,0,38753,0,1806548,0,6648273,0,4062728,0,17522,0,3737,0,491499,0,238858,0,49723,0,335596,0,21702670,0,5156732,0,1342617,0,3514079,0,351279,0,1747738,0,509513,0,9080712,0,234041,0,1156150,0,7977808,0,287287,0,45695882,0,45386304,0,11466,0,56939,0,241172,0,43655158,0,38283713,0,484355,0,1490020,0,84769,0,18996,0,612347,0,471405,0,92071,0,12174,0,472523,0,2035,0,61831,0,148345,0,530685,0,1750,0,888137,0,2040724,0,2359304,0,2029258,0,2075355,0,46097,0,309794,0,21841,0,40021,0,268,0,-1046,0,248710,0,16649,0,21414,0,4765,0,3604,0,3640,0,37,0,1503,0,1304,0,0
2013,5,23,10,0,732,0,25267224,0,4385596,0,9474737,0,47199,0,1932963,1,92583,1,88483,0,2614353,0,203634,1,29927,0,2207895,0,8861285,0,5752411,1,33223,1,5786,0,681758,0,168949,0,52699,0,349935,0,25267224,0,6125173,0,1218017,0,3701223,0,536795,0,2798629,0,574639,0,10312748,0,231589,0,1568712,0,8725617,0,213170,0,52745633,0,52417838,0,11818,0,42529,0,273448,0,50284732,0,43544413,0,676884,0,1740621,0,108980,0,20964,0,694624,0,644086,0,149031,0,20559,0,605970,1,2065,0,80303,0,224879,0,632813,1,2791,0,1135748,0,2460901,0,2654872,0,2449083,0,2467407,0,18324,0,160150,0,52405,0,61846,1,8082,0,2513,0,35303,0,52103,0,55346,0,3243,0,-6464,1,1244,1,7709,1,473,1,416,0,0
2013,5,23,9,0,2728,0,41774548,0,7394599,0,17174523,0,101224,0,3544159,1,23811,0,61387,0,4198309,0,323242,0,255642,0,2406442,0,14595165,0,9949481,1,82466,1,3022,0,817326,0,242374,0,55758,0,764590,0,41774548,0,10040358,0,2698944,0,6071167,0,1187115,0,3853182,0,745258,0,17178524,0,461257,0,2167282,0,15239616,0,689631,0,94310126,0,93648121,0,10458,0,100826,0,550721,0,89452161,0,75993698,0,1499987,0,3232057,0,224555,0,95183,0,1441226,0,1313190,0,347593,0,18139,0,801593,1,2246,0,159920,0,323643,0,1687997,0,1046,0,2310085,0,4857966,0,5016295,0,4847508,0,4864330,0,16823,0,128385,0,24071,0,58685,0,2850,0,4445,0,38335,0,38951,0,42454,0,3502,0,1452,0,1474,0,22,0,3119,1,3059,0,0
2013,5,23,8,0,4436,0,31977747,0,6268617,0,12090965,0,50328,0,3264396,0,0,1,20156,0,3502229,0,235935,1,211941,0,1492732,0,12722971,0,9201074,0,0,0,0,0,786913,0,184272,0,97338,0,545360,0,31977747,0,7130376,0,1875851,0,3944323,0,1260106,0,3078690,0,906252,0,13782150,0,152596,0,2433897,0,11386375,0,190719,0,77541051,0,76990063,0,929,0,129422,0,420638,0,73062166,0,60272515,0,1779255,0,3713942,0,181945,0,93399,0,1318263,0,1165324,0,165318,0,7433,0,415861,1,58,0,157534,0,340978,0,1099962,1,13,0,2350366,0,4478886,0,4579842,0,4477957,0,4498890,1,20933,0,81085,0,8355,0,65256,1,360,0,1677,0,5437,0,16369,0,27380,0,11011,1,4430,1,4430,0,0,1,27,1,14,0,0
2013,5,23,7,0,27273,0,56862189,0,11039229,0,18464881,0,120646,0,4879414,0,0,0,0,0,7524032,0,839290,0,108445,0,2672463,0,29151911,0,21095074,1,31715,1,15184,0,2297946,0,477629,0,215686,0,821826,0,56862189,0,10082352,0,4009127,0,7825969,0,3796101,0,6973066,0,879493,0,23296082,0,786629,0,6466302,0,17306132,0,1262981,0,153897980,0,152797783,1,4784,0,170706,0,924707,0,144095920,0,112653858,0,4513605,0,8410136,0,811601,0,231703,0,2437687,0,2755656,0,455668,0,37149,0,1127070,0,0,0,527097,0,378499,0,1878906,1,1849,0,7875436,0,9802060,0,10433948,0,9797276,0,9844469,0,47193,0,463053,0,32735,0,74896,5,,0,2044,0,353378,0,78434,0,112741,0,34307,1,95184,1,95184,0,0,1,300,1,300,0,0
2013,5,23,6,0,20798,0,14910482,0,3717584,0,2865326,1,4275,0,1881616,0,0,0,0,0,1146996,0,638921,1,26063,0,539209,0,12810159,0,9982342,0,0,0,0,0,645011,0,366007,0,48515,0,308721,0,14910482,0,1843621,0,1721078,0,1321730,0,1893184,0,3611442,0,84768,0,4434659,0,320980,0,1477694,0,3108477,1,472492,0,42856998,0,42550816,1,2874,0,85575,0,217733,0,39635293,0,27636067,0,1780437,0,2825304,0,320239,0,34655,0,677334,0,1020506,0,253346,0,27265,0,450580,0,0,0,132584,0,131010,0,452643,0,0,0,3893323,0,3221705,0,3590433,0,3218830,0,3300261,1,81431,0,259367,1,1007,0,10414,0,0,1,356,1,247590,0,67441,1,79721,1,12279,1,44794,1,44794,0,0,0,0,0,0,0,0
2013,5,23,5,0,27258,0,9713195,0,2159058,0,1654759,0,0,0,1035273,0,0,0,0,0,826741,0,754766,1,88973,0,216525,0,9350950,0,7121782,0,0,0,0,0,446715,0,212530,0,91642,0,180330,0,9713195,0,769126,0,637313,0,1104148,0,729609,0,2001231,0,11765,0,4460002,0,237623,0,534139,0,3822048,1,133808,0,42704459,0,42608429,0,0,0,23806,0,72223,0,39227132,0,25656951,0,1913712,0,3998666,0,257594,0,27434,0,759183,0,1128607,0,170339,0,10806,0,362283,0,0,0,260212,0,107463,0,314296,0,0,0,4259585,0,3477327,0,3622067,0,3477327,0,3486614,1,9288,0,88809,1,5784,0,14925,0,0,1,-93,1,68193,1,55931,1,62135,1,6204,0,0,0,0,0,0,0,0,0,0,0,0
2013,5,23,4,0,49463,0,8234606,0,2868733,0,1112614,1,405,0,263485,0,0,0,0,0,477022,0,733251,0,0,0,265147,0,12089267,0,9908040,0,0,0,0,0,244208,0,227142,0,206729,0,68911,0,8234606,0,759757,0,674117,0,995715,0,1536895,0,1681958,0,79021,0,2507143,0,445373,0,1202394,0,1020354,1,160977,0,45010867,0,44859062,0,0,0,124253,0,27553,0,40635703,0,24602278,0,2663903,0,4063519,0,246227,0,45843,0,1045876,0,1102215,0,182586,1,8510,0,481759,0,0,0,191318,0,65994,0,645773,1,595,0,5289305,0,4375164,0,4394702,0,4375164,0,4375645,1,481,0,7784,1,455,0,8107,0,0,5,,1,-778,1,9325,1,10287,1,962,1,2428,1,2428,0,0,0,0,0,0,0,0
2013,5,23,3,0,186668,0,5294290,0,2214020,0,414886,1,6460,0,208373,0,0,0,0,0,156484,0,580281,0,0,1,26907,0,15340429,0,13811899,0,0,0,0,1,77980,0,307517,0,225588,0,11362,0,5294290,0,491446,0,593182,0,682513,0,1676389,0,2006538,0,85167,0,-240947,0,341097,0,1130436,0,-1550072,0,162408,0,66166461,0,65824774,0,0,0,36253,0,305434,0,59419167,0,32594485,0,4788876,0,5351934,0,345310,0,35919,0,1260210,0,1703593,0,223283,0,16705,0,639230,0,0,0,446664,0,104781,0,413323,0,0,0,11494853,0,6747295,0,6772928,0,6747295,0,6747748,1,453,0,15209,1,11,0,4259,0,0,0,0,1,10938,1,10753,1,12856,1,2103,1,-329,1,14,1,343,0,0,0,0,0,0
2013,5,23,2,0,54495,0,0,0,0,0,0,0,0,0,0,0,0,0,0,0,0,0,0,0,0,0,0,0,0,0,0,0,0,0,0,0,0,0,0,0,0,0,0,0,0,0,0,0,0,0,0,0,0,0,0,0,0,0,0,0,0,0,0,0,0,0,0,0,9703940,0,9503056,1,298,0,32447,0,168139,0,7910642,0,4449170,0,326274,0,486116,0,65091,1,2460,0,168044,0,170001,0,48337,1,202,0,62762,1,21,0,62116,1,3543,0,43493,0,0,0,2023010,0,1793298,0,2308227,0,1793000,0,1810023,1,17023,0,506272,1,1053,0,5786,0,0,0,26,1,499407,1,9027,1,9385,0,358,1,-71,0,0,1,71,0,0,0,0,0,0
2013,5,23,1,0,374379,0,283002093,0,52431898,0,90981840,0,456110,0,22048972,0,274447,0,659829,0,30388508,0,4627029,0,829251,0,29129745,0,137571950,0,100345239,0,463534,0,106761,0,7954262,0,3319914,0,1283296,0,4512320,0,283002093,0,56324776,0,16058885,0,48655910,0,13349941,0,32994715,0,5385076,0,110232791,0,3627518,0,20899171,0,90603489,0,4897388,0,742568638,0,736279816,0,88132,0,950873,0,5249818,0,693118544,0,539719437,0,21488437,0,38589733,0,2801329,0,630260,0,11656122,0,12385666,0,2257514,0,224970,0,6506465,0,25033,0,2143444,0,2156227,0,8480491,0,14852,0,44038563,0,49450094,0,52596657,0,49361962,0,49662496,0,300534,0,2664244,0,249143,0,554888,0,31352,0,31598,0,1797263,0,366809,0,498006,0,131197,0,203641,0,215940,0,12299,0,6866,0,5633,0,0
2013,5,31,12,0,493,0,148976200,0,15752552,0,25638580,0,625171,0,27673490,0,371591,0,692675,0,6679164,0,548009,0,112975,0,21690144,0,83019886,0,51034427,0,2537746,0,202147,0,2597564,0,9162847,0,2205881,0,6566602,0,148976200,0,13761574,0,6017033,0,13333895,0,2035284,0,21693932,0,8773765,0,83360717,0,2044191,0,6961135,0,80203792,0,5848402,0,204919716,0,201836233,0,36050,0,192063,0,2855370,0,189262942,0,145156859,0,1715664,0,13525602,0,765707,0,197427,0,1701037,0,2717588,0,1120525,0,452482,0,4943805,0,255821,0,2440988,0,1247415,0,2755684,0,20451,0,10245885,0,15656774,0,17850706,0,15620724,0,15717441,0,96717,0,2098015,0,1145488,0,376818,0,192008,0,10329,0,373370,0,56152,0,69182,0,13030,0,75815,0,81642,0,5827,0,12354,0,2355,0,9997
2013,5,31,11,0,609,0,41882582,0,4653185,0,9243169,0,186018,0,10216359,0,39542,0,214006,0,1820255,0,244184,0,22291,0,3730320,0,27306819,0,17897813,0,80313,0,12341,0,657202,0,1685741,0,550817,0,616185,0,41882582,0,4547755,0,2678183,0,3825545,0,992801,0,4641108,0,947956,0,24249234,0,378407,0,1990145,0,22937437,0,1056755,0,77469843,0,76941786,0,14472,0,85749,0,427837,0,71874217,0,56054427,0,985740,0,4769338,0,238454,0,55386,0,914519,0,1343083,0,320624,0,108724,0,1554810,0,3055,0,482416,0,403576,0,1090092,0,19049,0,3530925,0,5595626,0,6212877,0,5581154,0,5611218,0,30064,0,600300,0,258900,0,62051,0,15945,0,4133,0,259271,0,18919,0,20580,0,1661,0,12504,0,18738,0,6234,0,3090,0,877,0,2208
2013,5,31,10,0,1330,0,45398071,0,5200978,0,10444161,0,158426,0,12124371,1,15309,1,73494,0,1793468,0,462045,1,17611,0,2989665,0,29880790,0,19713605,1,10057,1,91,0,618958,0,1457029,0,572512,0,754770,0,45398071,0,5747435,0,3614677,0,3710403,0,934132,0,4992830,0,997231,0,25401363,0,517837,0,1804384,0,24323589,0,1244446,0,88771280,0,88138579,0,7491,0,114538,0,510672,0,81659697,0,62370190,0,1425144,0,6165679,0,338133,0,56560,0,1055857,0,1331212,0,364172,0,102075,0,1600808,1,288,0,590706,0,354282,0,1061403,0,13390,0,4829797,0,7111583,0,7556836,0,7104092,0,7130610,0,26518,0,440021,0,243888,0,59175,0,6428,0,8172,0,122359,0,11557,0,15262,0,3705,0,1165,0,3954,1,2789,0,1635,1,643,1,977
2013,5,31,9,0,3726,0,57208521,0,8364730,0,13832143,0,208363,0,13983584,1,1955,0,75588,0,2197733,0,532573,0,63227,0,3096674,0,40712685,0,28223774,0,51609,1,14109,0,776016,0,1481900,0,537509,0,1021859,0,57208521,0,6865723,0,4343706,0,4888774,0,1720541,0,6486466,0,872158,0,32031151,0,847255,0,2902068,0,29970299,0,1688471,0,120933288,0,119882507,0,6299,0,112298,0,932183,0,110672527,0,85090354,0,2552159,0,7589751,0,406134,0,125088,0,1574028,0,2159192,0,492433,0,126109,0,1879562,1,8664,0,615066,0,494889,0,1681609,0,7006,0,5870484,0,10260761,0,10821619,0,10254462,0,10295486,0,41025,0,544906,0,259162,0,87646,0,16245,0,1621,0,180231,0,21239,0,23131,0,1893,0,1013,0,3589,1,2577,0,5557,0,5341,1,216
2013,5,31,8,0,5273,0,37125347,0,6380972,0,9357722,0,105920,0,9741390,0,0,1,7036,0,1098713,0,428696,1,48131,0,1249249,0,28560864,0,20841412,0,323,0,223,0,443894,0,918648,0,459229,0,296491,0,37125347,0,4839154,0,2352280,0,2552252,0,1577694,0,4630577,0,679729,0,20493661,0,695580,0,1579642,0,19334178,0,1115739,0,84616271,0,83816630,0,2118,0,206205,0,591318,0,76922096,0,57563605,0,2448382,0,6051328,0,442015,0,84583,0,1432003,0,1641352,0,378884,0,50625,0,982209,1,417,0,430079,0,280305,0,1349207,1,1963,0,3785138,0,7694175,0,7913652,0,7692057,0,7712606,1,20549,0,162280,0,82979,0,40153,1,741,0,191,0,38216,0,56120,0,56851,1,731,1,3194,1,3194,0,0,1,1329,1,1329,0,0
2013,5,31,7,0,17826,0,40948526,0,8092021,0,10849607,0,68438,0,8665842,0,0,0,0,0,1324024,0,857263,1,38459,0,1536868,0,35793576,0,27801909,0,0,0,0,0,723509,0,1543906,0,1043158,0,436956,0,40948526,0,6360699,0,2129031,0,2698428,0,2362894,0,5952545,0,453326,0,20991603,0,975503,0,2379825,0,19662472,0,2026197,0,111321543,0,110492948,1,3329,0,122703,0,702563,0,100759008,0,71782929,0,4591195,0,8436996,0,717662,0,138562,0,2284420,0,2692242,0,526980,0,69634,0,1036392,0,0,0,337642,0,642548,0,1511031,1,3954,0,5986821,0,10562535,0,10939565,0,10559206,0,10577567,1,18361,0,324448,0,34874,0,39033,1,547,1,-2720,0,252715,0,54748,0,57818,1,3070,1,1163,1,1163,0,0,1,1254,1,1254,0,0
2013,5,31,6,0,10384,0,7528716,0,2000952,0,1911164,1,11353,0,1265818,0,0,0,0,0,141417,0,308111,0,0,0,358676,0,8868833,0,7503364,0,0,0,0,0,106764,0,280270,0,234090,0,35517,0,7528716,0,855831,0,660270,0,621619,0,501855,0,1168747,1,90353,0,3630040,0,361951,0,666102,0,3072416,0,470428,0,25219547,0,25020167,0,0,1,80726,0,118655,0,22936980,0,14572425,0,1447206,0,2604993,0,222509,0,18265,0,672296,0,647510,0,101145,0,7048,0,288002,0,0,0,148272,0,113839,0,275622,0,0,0,1817849,0,2282567,0,2303374,0,2282567,0,2282567,0,0,0,10930,1,3647,0,3980,0,0,1,2916,1,387,1,9528,1,9711,1,183,1,348,1,348,0,0,0,0,0,0,0,0
2013,5,31,5,0,13320,0,4958056,0,1124419,0,1285188,0,0,0,707128,0,0,0,0,0,228200,0,441679,0,0,1,29784,0,4589735,0,3691050,0,0,0,0,1,38431,0,281603,0,142071,0,65010,0,4958056,0,946113,0,278705,0,244168,0,421621,0,633865,1,74786,0,2358798,0,242436,0,815488,0,1301871,1,997,0,17705503,0,17601073,0,0,1,31850,0,72580,0,15900398,0,10771668,0,870240,0,1121418,0,152320,0,23898,0,531925,0,397840,0,66481,0,34205,0,205649,0,0,0,138113,0,23407,0,227239,0,0,0,1335995,0,1805105,0,1889971,0,1805105,0,1808854,1,3749,0,84866,1,137,0,2548,1,2010,0,0,1,80171,0,0,0,0,0,0,0,0,0,0,0,0,0,0,0,0,0,0
2013,5,31,4,0,17034,0,2827830,0,772612,0,622242,0,0,0,294423,0,0,0,0,0,216588,1,193902,0,0,1,61802,0,4035536,0,3527156,0,0,0,0,1,10767,0,350984,0,195146,0,-8725,0,2827830,0,299515,0,202431,0,262107,1,411592,0,729665,1,671,0,921849,0,312987,0,434211,0,323142,1,148490,0,13873102,0,13597619,0,0,1,477,0,275007,0,12248415,0,6182320,0,1166155,0,1731580,0,149785,1,2040,0,504052,0,446622,0,67809,0,11948,0,94849,0,0,0,125083,0,46182,0,89718,0,0,0,1630273,0,1624687,0,1630894,0,1624687,0,1624687,0,0,0,6207,1,2430,0,2060,0,0,1,140,1,1578,0,0,0,0,0,0,0,0,0,0,0,0,0,0,0,0,0,0
2013,5,31,3,0,30098,0,1179614,0,575360,0,148914,0,0,0,128570,0,0,0,0,1,9631,1,58520,0,0,1,687,0,3013451,0,2742402,0,0,0,0,0,0,0,49155,0,30353,0,-31920,0,1179614,0,65700,0,221804,0,330649,0,400724,0,293271,1,61411,0,-193945,0,208569,0,404902,0,-715033,1,92384,0,8500894,0,8493914,0,0,1,3874,1,3107,0,7274925,0,3581278,0,535396,0,711677,0,77786,1,1290,0,438577,0,179832,0,28097,1,1845,0,62877,0,0,0,50508,1,13361,0,45125,0,0,0,1547274,0,1225970,0,1226120,0,1225970,0,1225970,0,0,1,151,1,123,1,27,0,0,0,0,0,0,0,0,0,0,0,0,0,0,0,0,0,0,0,0,0,0,0,0
2013,5,31,2,0,11043,0,0,0,0,0,0,0,0,0,0,0,0,0,0,0,0,0,0,0,0,0,0,0,0,0,0,0,0,0,0,0,0,0,0,0,0,0,0,0,0,0,0,0,0,0,0,0,0,0,0,0,0,0,0,0,0,0,0,0,0,0,0,0,5996334,0,5309970,1,347,0,475202,0,210815,0,5078193,0,3252387,0,249796,0,571823,0,15529,0,2654,0,105998,0,134013,0,40324,0,13657,0,66849,0,0,0,47342,0,10263,0,50734,0,21,0,516801,0,918142,0,5933483,0,917795,0,968768,1,50973,0,5015573,1,6579,0,2130,0,0,0,478,0,5006385,1,116,1,116,0,0,0,0,0,0,0,0,1,1090,0,0,1,1090
2013,5,31,1,0,111137,0,388033464,0,52917782,0,83332890,0,1363689,0,84800976,0,428397,0,1062799,0,15509193,0,4074983,0,302694,0,34743869,0,265782175,0,182976911,0,2680048,0,228911,0,5973104,0,17212083,0,5970766,0,9752747,0,388033464,0,44289500,0,22498121,0,32467840,0,11359138,0,51223007,0,12951388,0,213244472,0,6584716,0,19937901,0,200414164,0,13692308,0,759327323,0,751131426,0,70106,0,1425683,0,6700108,0,694589397,0,516378443,0,17987077,0,53280184,0,3526034,0,705753,0,11214713,0,13690485,0,3507476,0,978351,0,12715812,0,268245,0,5406216,0,3630067,0,10137463,0,65835,0,41097242,0,64737926,0,74279097,0,64667820,0,64955773,0,287954,0,9287697,0,2038209,0,675623,0,233924,0,25259,0,6314682,0,228379,0,252652,0,24273,0,95202,0,112629,0,17427,0,26308,0,11798,0,14488
2013,5,41,12,0,580,0,178583865,0,12548190,0,33320666,0,573656,0,49899533,0,70301,0,761676,0,7341741,0,606070,0,71309,0,26898003,0,62316461,0,31962307,0,112831,0,79541,0,6101910,0,9958136,0,1533474,0,2726017,0,178583865,0,28779125,0,15748573,0,14839082,0,2782189,0,31014102,0,9253106,0,76167688,0,1483122,0,5794225,0,72815632,0,3925290,0,476798779,0,470889568,0,71068,0,498360,0,5339783,0,462266263,0,394292766,0,1872763,0,27400325,0,1579818,0,339890,0,4459081,0,4442124,0,1402372,0,479297,0,5002062,0,2643,0,3198948,0,1065992,0,2894652,0,16052,0,13817479,0,14532516,0,16628762,0,14461448,0,14912848,0,451400,0,1967599,0,1065715,0,630998,0,48335,0,7018,0,215533,0,129140,0,141904,0,12764,0,70575,0,106863,0,36287,0,15013,0,9643,0,5369
2013,5,41,11,0,957,0,65935813,0,5810236,0,14012611,0,252836,0,24401279,0,10073,0,64830,0,3062091,0,508652,0,92289,0,4752397,0,19571199,0,11175415,0,51529,0,34275,0,1293586,0,2958699,0,598222,0,1407090,0,65935813,0,10755244,0,12794243,0,5188374,0,1939564,0,7674175,0,1151797,0,26432415,0,686236,0,2296481,0,24380062,0,930364,0,208421224,0,206106726,0,11771,0,123164,0,2179564,0,201895213,0,174557584,0,1367678,0,10644155,0,576015,0,133964,0,1899551,0,1728841,0,592521,0,207240,0,1313725,0,105,0,1307544,0,306862,0,1068403,0,2549,0,6188476,0,6526011,0,6857486,0,6514240,0,6541801,0,27561,0,300875,0,93258,0,128265,0,12926,0,2339,0,64087,0,30849,0,48722,0,17873,0,11523,0,21488,0,9965,0,3201,0,1107,0,2048
2013,5,41,10,0,2392,0,81889236,0,8432715,0,17152830,0,257038,0,34983346,0,8605,1,156957,0,3601519,0,591860,0,67182,0,3249975,0,22544198,0,13285569,0,0,0,0,0,1408947,0,2687847,0,645688,0,1191551,0,81889236,0,13061828,0,22726834,0,5607253,0,3069132,0,8253099,0,1014929,0,28156161,0,1455522,0,3118881,0,24902838,0,1321080,0,268943548,0,265005350,0,10680,0,184707,0,3742811,0,260715404,0,224172939,0,2069377,0,14622815,0,689339,0,163408,0,2762369,0,2173231,0,786114,0,199839,0,1468996,1,102,0,1824884,0,346622,0,1250180,0,18348,0,8166841,0,8228144,0,8846048,0,8217463,0,8230878,1,13415,0,570789,0,61496,0,89124,0,7705,0,1539,0,410925,0,41143,0,48719,0,7576,0,16653,0,22918,0,6264,1,1783,1,786,1,997
2013,5,41,9,0,7733,0,119033584,0,13272844,0,24185487,0,354058,0,54071298,1,8446,1,81002,0,4310479,0,1302806,0,125149,0,4967550,0,29986941,0,18856572,1,9581,1,2163,0,1522440,0,4029276,0,1194288,0,1567366,0,119033584,0,17595313,0,35504066,0,7228273,0,4864371,0,9877828,0,1354004,0,42609729,0,2256283,0,5361978,0,36973758,0,1982290,0,428801167,0,422486482,0,13228,0,218282,0,6083175,0,416333442,0,356658854,0,4410122,0,23949225,0,1010924,0,267645,0,4565822,0,4089038,0,1190733,0,259798,0,1577826,1,1643,0,3032307,0,507047,0,1975600,0,20429,0,12816430,0,12467725,0,13204076,0,12454497,0,12519864,0,65367,0,691455,0,113390,0,198991,0,12346,0,17570,0,349158,0,34865,0,44792,0,9927,0,23258,0,26104,0,2846,0,3882,1,772,1,3087
2013,5,41,8,0,10317,0,73671912,0,9099243,0,17101678,0,201044,0,31000214,1,6974,0,0,0,3119156,0,693389,1,160800,0,2485738,0,18800792,0,12080412,1,170916,1,29420,0,1014617,0,2342236,0,745098,0,732133,0,73671912,0,12106171,0,16130137,0,5486281,0,2988740,0,6675306,0,1432020,0,28853258,0,2022659,0,4111106,0,24277027,0,1557533,0,253686019,0,250966318,0,4092,0,145032,0,2570577,0,244349958,0,206718297,0,3062022,0,14261210,0,751412,0,289926,0,2862266,0,2367361,0,831418,0,155068,0,667922,0,0,0,1521670,0,345299,0,1093582,1,7589,0,9414916,0,9336061,0,9957506,0,9331969,0,9402404,1,70435,0,570126,0,83492,0,94091,1,1591,0,13648,0,377303,0,48805,0,50436,1,1631,1,6607,1,7412,1,805,1,1926,1,1534,1,392
2013,5,41,7,0,49669,0,110480805,0,16263336,0,23553114,0,280478,0,39138933,1,31859,1,8611,0,4647997,0,1599008,1,327306,0,5349480,0,42198279,0,29007721,1,510,1,510,0,2562782,0,5055847,0,2277771,0,1310224,0,110480805,0,21347507,0,10726674,0,9234350,0,6523233,0,15622036,0,1601436,0,45425569,0,3154904,0,6212103,0,37833363,0,1774801,0,417581392,0,413954451,0,8409,0,292103,0,3326429,0,401189951,0,321291054,0,8691890,0,27474744,0,1618693,0,456532,0,6405302,0,6767086,0,1408783,0,317183,0,1687884,0,0,0,2394509,0,734652,0,1905282,1,7476,0,20028881,0,16391441,0,17549045,0,16383032,0,16525417,0,142386,0,1031771,0,85775,0,192707,1,80,0,20270,0,732939,0,104228,0,106397,1,2170,0,30014,1,33413,1,3399,1,2769,1,2732,0,36
2013,5,41,6,0,42453,0,29666101,0,5659637,0,4382447,0,56460,0,10848650,1,987,1,14108,0,1049243,0,804931,1,83942,0,865254,0,13225758,0,9459481,1,14,0,0,0,722306,0,1965585,0,979528,0,538707,0,29666101,0,5892009,0,1375889,0,1589829,0,3870515,0,4058957,0,339930,0,12538972,0,1216923,0,3066471,0,9133194,0,877616,0,131676164,0,130478528,1,1,0,97856,0,1099778,0,126045773,0,100638359,0,3558565,0,8199282,0,421305,0,100902,0,2499384,0,1900570,0,339572,0,104881,0,532738,0,0,0,884544,0,184015,0,430402,1,826,0,6250427,0,5630391,0,5877476,0,5630390,0,5634413,1,4023,0,229582,0,12572,0,24776,1,77,1,-7876,1,200033,0,13526,1,18007,1,4481,1,3978,1,3978,0,0,0,0,0,0,0,0
2013,5,41,5,0,49854,0,17927989,0,4625123,0,2019220,1,5458,0,5801501,0,0,0,0,0,674596,0,817589,0,0,0,527230,0,7937971,0,5747020,0,0,0,0,0,305422,0,1431204,0,855964,0,396576,0,17927989,0,2208276,0,903419,0,1416905,0,2517029,0,2440465,0,125443,0,8316451,0,1253378,0,2492767,0,4844305,1,273999,0,92895036,0,92315257,1,890,1,61863,0,517025,0,88689138,0,69286648,0,2829576,0,4649462,0,359174,0,62122,0,2255219,0,1416364,0,266507,0,86327,0,328529,0,0,0,668562,0,85029,0,150871,0,0,0,6244746,0,4205898,0,4771075,0,4205008,0,4250196,1,45189,0,537285,1,4592,0,13353,0,0,0,0,1,519341,1,28782,1,28782,0,0,0,0,0,0,0,0,0,0,0,0,0,0
2013,5,41,4,0,80137,0,13567982,0,3513044,0,854282,0,0,0,4899661,0,0,0,0,0,377747,0,507221,0,0,0,213526,0,8355922,0,6249589,0,0,0,0,0,184262,0,1605464,0,848592,0,155034,0,13567982,0,1622877,0,595179,0,922182,0,2627428,0,1487637,0,340394,0,5972284,0,1157317,0,1496878,0,3487972,1,169883,0,87999923,0,87190370,1,111,1,93771,0,715672,0,83582305,0,63235967,0,3023001,0,5154793,0,342164,0,40282,0,2652653,0,1450994,0,184456,0,91001,0,397126,0,0,0,617662,0,115914,0,224044,0,0,0,6052247,0,4417618,0,4690667,0,4417508,0,4487178,1,69671,0,261511,1,327,0,7625,0,0,1,4090,1,249469,1,11649,1,12200,1,552,0,0,0,0,0,0,0,0,0,0,0,0
2013,5,41,3,0,141158,0,4822938,0,1683393,0,284378,1,110,0,1441237,0,0,0,0,0,178248,0,228706,0,0,1,17366,0,4519582,0,3857099,0,0,0,0,1,1667,0,934547,0,688508,0,79531,0,4822938,0,637463,0,229626,0,740555,0,1978478,0,612129,0,176494,0,448193,0,639269,0,1077144,0,-1020848,1,247372,0,57854695,0,57333646,0,0,0,50936,0,470113,0,53205369,0,37633384,0,2914046,0,3026447,0,227896,0,17040,0,1932199,0,976424,0,116702,0,44541,0,200033,0,0,0,411770,0,155844,0,162340,1,45604,0,5341099,0,4649326,0,4916811,0,4649326,0,4661878,1,12551,0,206465,1,124,0,7670,0,0,1,-169,1,198839,1,60931,1,60931,0,0,1,90,1,90,0,0,0,0,0,0,0,0
2013,5,41,2,0,46098,0,0,0,0,0,0,0,0,0,0,0,0,0,0,0,0,0,0,0,0,0,0,0,0,0,0,0,0,0,0,0,0,0,0,0,0,0,0,0,0,0,0,0,0,0,0,0,0,0,0,0,0,0,0,0,0,0,0,0,0,0,0,0,20841873,0,19862771,0,0,0,306810,0,672293,0,18980834,0,14435729,0,459944,0,1335616,0,45920,0,71000,0,559884,0,303616,0,70760,0,13594,0,73548,0,0,0,74486,0,25570,0,64600,1,1276,0,1445292,0,1861039,0,3563500,0,1861039,0,1892439,1,31400,0,1673082,0,280,0,14425,0,2846,1,-80,0,1655612,1,29938,1,29990,1,52,0,-559,0,0,0,559,0,73,0,70,0,3
2013,5,41,1,0,431348,0,695580225,0,80907760,0,136866714,0,1981141,0,256485651,0,137244,0,1087185,0,28362818,0,7660232,0,927977,0,49326519,0,229457103,0,141681184,0,345382,0,145909,0,15117939,0,32968841,0,10367134,0,10104229,0,695580225,0,114005814,0,116734640,0,52253084,0,33160678,0,87715735,0,16789554,0,274920720,0,15325614,0,35028034,0,237627302,0,13060230,0,2445499821,0,2416589467,0,120251,0,2072883,0,26717219,0,2357253651,0,1962921580,0,34258983,0,140718073,0,7622659,0,1942712,0,32853729,0,27615649,0,7189936,0,1958768,0,13250390,1,4493,0,15936888,0,3872848,0,11219957,0,120149,0,95766836,0,88246170,0,96862452,0,88125919,0,89059317,0,933398,0,8040539,0,1521022,0,1402024,0,85905,0,58350,0,4973239,0,533855,0,590879,0,57024,0,162139,0,222265,0,60126,0,28646,0,16645,0,11933
2013,5,42,12,0,368,0,101222374,0,7280088,0,24354176,0,408483,0,32371791,0,4132,0,726747,0,3865873,0,323689,0,20513,0,9182324,0,24493280,0,12585946,0,111969,0,78679,0,1219072,0,8027805,0,1053322,0,3367345,0,101222374,0,19929250,0,8546844,0,7675869,0,1922711,0,19163832,0,2461849,0,41522020,0,451153,0,3058476,0,39847663,0,1835273,0,286076205,0,283982641,0,21844,0,362320,0,1709400,0,278195858,0,246974166,0,1262340,0,12371800,0,589251,0,136986,0,1717004,0,1771375,0,820188,0,367886,0,2422799,0,0,0,1228486,0,623986,0,1443368,0,5605,0,6460621,0,7880346,0,8736596,0,7858503,0,8003046,0,144543,0,792260,0,338759,0,330475,0,47187,0,1732,0,74107,0,29459,0,40840,0,11382,0,56375,0,90666,0,34291,0,11085,0,7580,0,3505
2013,5,42,11,0,608,0,42394758,0,3329305,0,10970749,0,216638,0,14562110,0,10073,0,61506,0,2219183,0,297271,0,42177,0,3302430,0,11197932,0,6529712,0,50967,0,33790,0,498317,0,2164967,0,432448,0,900357,0,42394758,0,8342073,0,5069869,0,3469930,0,1023721,0,5075240,0,794128,0,18619797,0,436801,0,1398125,0,17453328,0,668457,0,130120470,0,129174888,0,8608,0,84235,0,852739,0,125708817,0,109944785,0,960010,0,6175437,0,309965,0,102506,0,952721,0,942834,0,374969,0,156736,0,750452,0,97,0,555356,0,222294,0,608829,0,1126,0,3650698,0,4411653,0,4636253,0,4403045,0,4420929,0,17884,0,208973,0,77708,0,85966,0,11696,0,1234,0,32369,0,14955,0,17421,0,2465,0,9279,0,16355,0,7076,0,1071,0,510,0,515
2013,5,42,10,0,1222,0,42258511,0,3991193,0,12088771,0,196153,0,15218727,0,8605,1,141419,0,2130115,0,281841,1,23024,0,1918368,0,11672150,0,7117763,0,0,0,0,0,555506,0,1232502,0,316204,0,626411,0,42258511,0,9937403,0,5772328,0,3087257,0,1585558,0,4098852,0,414582,0,17362530,0,399586,0,1283219,0,16479263,0,799537,0,137025168,0,136041326,0,8631,0,105636,0,869574,0,132024174,0,114317229,0,1368285,0,6900845,0,341033,0,113679,0,1189499,0,1024319,0,414670,0,97189,0,767813,0,0,0,497401,0,262192,0,669698,0,8779,0,4051543,0,5000993,0,5329139,0,4992363,0,5004864,1,12501,0,295567,0,50292,0,40069,0,7010,0,1174,0,197022,0,23769,0,25702,1,1933,0,17441,0,21225,1,3784,1,1712,1,786,1,926
2013,5,42,9,0,3725,0,57471896,0,6694587,0,16329499,0,274784,0,19747964,1,8446,1,79448,0,2790256,0,533702,0,94229,0,3141179,0,15763742,0,10343452,1,5573,1,1458,0,667084,0,1854744,0,513433,0,894572,0,57471896,0,12473657,0,6871981,0,3891268,0,2098642,0,4830528,0,786564,0,26519256,0,674971,0,2112831,0,24907287,0,1175834,0,200312405,0,199021807,0,8034,0,140763,0,1141800,0,192576866,0,163642717,0,2766433,0,11340645,0,502986,0,163090,0,1924483,0,2182195,0,558176,0,129629,0,822607,1,1432,0,750390,0,348133,0,953783,0,12705,0,6477463,0,7735539,0,8287783,0,7727504,0,7767413,0,39909,0,514227,0,98635,0,83669,0,11679,0,9060,0,311184,0,27417,0,31330,0,3913,0,18634,0,20812,1,2178,0,1966,1,577,1,1366
2013,5,42,8,0,5322,0,38643351,0,4361818,0,12605982,0,169019,0,13043527,1,6974,0,0,0,1995130,0,197512,1,160800,0,1341394,0,10293221,0,6755136,1,170916,1,29420,0,397875,0,943317,0,196745,0,275204,0,38643351,0,8689893,0,4495462,0,3660766,0,1560227,0,3591509,0,701039,0,15944455,0,668651,0,2177090,0,13831263,0,732549,0,144643474,0,143630292,1,3841,0,93153,0,916187,0,139017011,0,119119259,0,2118339,0,7511653,0,408799,0,222952,0,1343265,0,1257408,0,368589,0,74968,0,320250,0,0,0,281032,0,273079,0,617991,1,7551,0,5091877,0,5626462,0,5933643,0,5622621,0,5655981,1,33360,0,263299,0,42682,0,57963,1,972,0,721,0,160961,0,42012,0,43315,1,1303,1,5711,1,5738,1,27,1,1926,1,1534,1,392
2013,5,42,7,0,23406,0,55399531,0,8563661,0,16658061,0,180691,0,16164760,1,31859,1,8611,0,2713440,0,893391,1,70018,0,3125487,0,19207063,0,13862370,1,510,1,510,0,471024,0,1814670,0,775896,0,496443,0,55399531,0,13968679,0,4110767,0,4326393,0,2724739,0,5160200,0,909133,0,24199621,0,1459166,0,2609300,0,21390156,0,1259002,0,219348678,0,217910298,0,5967,0,189306,0,1243107,0,209635771,0,170556210,0,4581720,0,13037001,0,815397,0,267884,0,2913753,0,4079425,0,552679,0,116956,0,784476,0,0,0,686395,0,465722,0,913626,1,6913,0,9857613,0,9712908,0,10187903,0,9706941,0,9738512,1,31571,0,427665,0,42921,0,58154,1,2,0,18687,0,307901,0,29158,0,30848,1,1691,1,24139,1,26300,1,2161,1,2573,1,2573,0,0
2013,5,42,6,0,14796,0,10526775,0,1933909,0,2662143,1,5498,0,3470439,0,0,0,4,0,329030,0,436930,1,83942,0,166744,0,3598051,0,2686016,1,14,0,0,0,177008,0,305122,0,209823,0,264775,0,10526775,0,3135252,0,638577,0,558305,0,931446,0,1075621,0,64740,0,4122834,0,314832,0,946773,0,3248595,0,387367,0,46650982,0,46482174,0,0,1,32654,0,136153,0,44146667,0,34932240,0,1401293,0,2989522,0,133598,0,53070,0,805171,0,490738,0,107691,0,10616,0,131686,0,0,0,277253,0,79630,0,179495,1,826,0,2553837,0,2504315,0,2702504,0,2504315,0,2504560,1,245,0,197845,1,2630,0,5045,1,77,1,-6708,1,196801,1,262,1,262,0,0,1,82,1,82,0,0,0,0,0,0,0,0
2013,5,42,5,0,15467,0,5742004,0,1765962,0,1147873,1,150,0,1389065,0,0,0,0,0,332814,1,124062,0,0,1,234649,0,2449995,0,1887899,0,0,0,0,1,35628,0,271489,0,183387,0,61904,0,5742004,0,858036,0,155790,0,288511,0,506208,0,605204,1,31599,0,3296654,0,627328,0,1681043,0,1190908,1,202626,0,21410643,0,21237176,1,890,1,33317,0,139260,0,19604760,0,14124328,0,1272304,0,1196672,0,87195,0,16197,0,360001,0,324005,0,66702,0,18037,0,76735,0,0,0,221107,0,58852,0,72567,0,0,0,1710057,0,1805883,0,1885407,0,1804993,0,1807235,1,2242,0,75895,1,2655,0,8393,0,0,0,0,1,64847,1,4519,1,4519,0,0,0,0,0,0,0,0,0,0,0,0,0,0
2013,5,42,4,0,21032,0,3850681,0,1308334,0,410970,0,0,0,845635,0,0,0,0,0,191360,1,203395,0,0,1,64889,0,2150792,0,1509749,0,0,0,0,1,48441,0,214695,0,105424,0,27345,0,3850681,0,529725,0,142258,0,352073,0,565563,0,323605,1,91355,0,1846102,0,381494,0,552583,0,978872,1,66846,0,27212561,0,26871332,1,111,1,54361,0,286757,0,25277960,0,18969432,0,1209777,0,1635323,0,67172,1,22445,0,463722,0,278587,0,38669,0,5693,0,153403,0,0,0,119244,0,91581,0,102818,0,0,0,2120093,0,1934601,0,2167021,0,1934490,0,1993900,1,59410,0,225426,1,310,0,1748,0,0,1,231,1,223137,1,7105,1,7105,0,0,0,0,0,0,0,0,0,0,0,0,0,0
2013,5,42,3,0,59451,0,1937725,0,865583,0,150420,0,0,0,240301,0,0,0,0,0,94591,0,139821,0,0,1,12595,0,1614393,0,1339727,0,0,0,0,0,0,0,395892,0,258140,0,21995,0,1937725,0,137050,0,118678,0,217284,0,804297,0,215855,0,73473,0,371088,0,224368,0,344931,0,-197092,1,1119,0,21912310,0,21872662,0,0,1,9364,0,30283,0,19659080,0,14019574,0,1375928,0,947593,0,66192,1,4698,0,407236,0,311379,0,46927,0,22574,0,80335,0,0,0,80995,0,109419,0,74435,1,83,0,2111712,0,2253229,0,2288913,0,2253229,0,2264973,1,11744,0,17510,1,121,0,7359,0,0,0,0,1,10030,1,18084,1,18084,0,0,1,90,1,90,0,0,0,0,0,0,0,0
2013,5,42,2,0,19912,0,0,0,0,0,0,0,0,0,0,0,0,0,0,0,0,0,0,0,0,0,0,0,0,0,0,0,0,0,0,0,0,0,0,0,0,0,0,0,0,0,0,0,0,0,0,0,0,0,0,0,0,0,0,0,0,0,0,0,0,0,0,0,9511313,0,8971553,0,0,0,156603,0,383157,0,8548269,0,6523048,0,217255,0,681149,0,17253,0,68707,0,168233,0,130394,0,27061,0,7349,0,38087,0,0,0,16168,0,11868,0,36603,0,0,0,605093,0,963044,0,2096214,0,963044,0,978939,1,15895,0,1132961,0,280,0,1611,0,1848,1,-80,0,1129303,1,209,1,209,0,0,0,0,0,0,0,0,0,0,0,0,0,0
2013,5,42,1,0,165308,0,359447605,0,40094441,0,97378643,0,1451415,0,117054320,0,70088,0,1017735,0,16661792,0,3431613,0,494703,0,22490059,0,102440619,0,64617771,0,339950,0,143857,0,4069954,0,17225203,0,4044821,0,6936351,0,359447605,0,78001016,0,35922554,0,27527656,0,13723112,0,44140447,0,6328461,0,153804358,0,5638351,0,16164371,0,139130244,0,7128609,0,1244224208,0,1235196149,0,57926,0,1261714,0,7708419,0,1194395234,0,1013122989,0,18533684,0,64787641,0,3338840,0,1172215,0,12245088,0,12792661,0,3376323,0,1007631,0,6348642,1,1530,0,4713827,0,2546756,0,5673213,0,43589,0,44690606,0,49828974,0,54251376,0,49771048,0,50140353,0,369305,0,4151628,0,656994,0,680453,0,80472,0,26050,0,2707660,0,196949,0,219635,0,22686,0,131751,0,181269,0,49518,0,20331,0,13559,0,6704
2013,5,44,12,0,212,0,77361492,0,5268101,0,8966490,0,165173,0,17527742,0,66169,0,34928,0,3475868,0,282382,0,50797,0,17715679,0,37823181,0,19376361,0,862,0,862,0,4882838,0,1930331,0,480152,0,-641328,0,77361492,0,8849876,0,7201729,0,7163213,0,859478,0,11850270,0,6791257,0,34645669,0,1031969,0,2735749,0,32967968,0,2090017,0,190722575,0,186906927,0,49225,0,136040,0,3630383,0,184070405,0,147318600,0,610423,0,15028525,0,990567,0,202904,0,2742077,0,2670748,0,582184,0,111411,0,2579264,0,2643,0,1970463,0,442007,0,1451284,0,10447,0,7356859,0,6652170,0,7892166,0,6602945,0,6909802,0,306857,0,1175339,0,726956,0,300523,0,1148,0,5287,0,141426,0,99681,0,101064,0,1382,0,14201,0,16197,0,1996,0,3928,0,2064,0,1864
2013,5,44,11,0,348,0,23541055,0,2480931,0,3041862,0,36199,0,9839169,0,0,0,3324,0,842908,0,211381,0,50111,0,1449967,0,8373267,0,4645703,0,562,0,485,0,795270,0,793732,0,165773,0,506733,0,23541055,0,2413171,0,7724375,0,1718444,0,915843,0,2598935,0,357669,0,7812618,0,249435,0,898356,0,6926734,0,261907,0,78300755,0,76931837,0,3163,0,38929,0,1326825,0,76186396,0,64612799,0,407667,0,4468718,0,266050,0,31458,0,946829,0,786007,0,217551,0,50504,0,563274,0,8,0,752188,0,84567,0,459575,0,1423,0,2537778,0,2114358,0,2221233,0,2111195,0,2120872,0,9678,0,91902,0,15550,0,42298,0,1230,0,1105,0,31718,0,15894,0,31301,0,15407,0,2243,0,5132,0,2889,0,2130,0,598,0,1532
2013,5,44,10,0,1171,0,39630725,0,4441522,0,5064060,0,60886,0,19764618,0,0,1,15538,0,1471404,0,310019,1,44158,0,1331607,0,10872048,0,6167805,0,0,0,0,0,853442,0,1455345,0,329485,0,565140,0,39630725,0,3124425,0,16954506,0,2519996,0,1483574,0,4154247,0,600347,0,10793630,0,1055936,0,1835662,0,8423575,0,521543,0,131918381,0,128964024,0,2050,0,79070,0,2873237,0,128691230,0,109855709,0,701092,0,7721970,0,348306,0,49729,0,1572870,0,1148912,0,371444,0,102651,0,701183,1,102,0,1327483,0,84431,0,580481,0,9569,0,4115299,0,3227150,0,3516909,0,3225101,0,3226015,1,914,0,275222,0,11203,0,49055,1,695,0,365,0,213903,0,17374,0,23017,1,5643,0,-787,0,1693,1,2480,0,72,0,0,0,72
2013,5,44,9,0,4009,0,61561688,0,6578257,0,7855989,0,79274,0,34323333,0,0,1,1554,0,1520223,0,769104,1,30920,0,1826372,0,14223199,0,8513120,1,4008,1,705,0,855356,0,2174533,0,680855,0,672794,0,61561688,0,5121657,0,28632085,0,3337005,0,2765728,0,5047300,0,567440,0,16090473,0,1581312,0,3249147,0,12066471,0,806457,0,228488762,0,223464675,0,5194,0,77518,0,4941375,0,223756576,0,193016137,0,1643689,0,12608580,0,507938,0,104555,0,2641339,0,1906843,0,632557,0,130169,0,755219,1,210,0,2281917,0,158915,0,1021817,0,7724,0,6338967,0,4732186,0,4916292,0,4726992,0,4752451,0,25459,0,177228,0,14755,0,115322,1,666,0,8510,0,37974,0,7448,0,13462,0,6014,0,4624,1,5292,1,668,1,1916,1,195,1,1721
2013,5,44,8,0,4995,0,35028561,0,4737425,0,4495696,0,32025,0,17956687,0,0,0,0,0,1124026,0,495877,0,0,0,1144344,0,8507572,0,5325276,0,0,0,0,0,616741,0,1398919,0,548354,0,456929,0,35028561,0,3416277,0,11634675,0,1825515,0,1428513,0,3083797,0,730981,0,12908803,0,1354007,0,1934016,0,10445763,0,824984,0,109042546,0,107336025,1,251,0,51880,0,1654390,0,105332947,0,87599038,0,943682,0,6749557,0,342614,0,66973,0,1519001,0,1109953,0,462829,0,80100,0,347671,0,0,0,1240638,0,72220,0,475591,1,38,0,4323039,0,3709599,0,4023863,0,3709348,0,3746423,1,37075,0,306826,0,40810,0,36127,1,619,1,12927,0,216343,0,6793,1,7121,1,328,1,896,1,1674,1,778,0,0,0,0,0,0
2013,5,44,7,0,26262,0,55081274,0,7699675,0,6895053,0,99787,0,22974173,0,0,0,0,0,1934557,0,705618,1,257287,0,2223992,0,22991216,0,15145351,0,0,0,0,0,2091757,0,3241177,0,1501875,0,813780,0,55081274,0,7378828,0,6615908,0,4907957,0,3798494,0,10461836,0,692303,0,21225948,0,1695738,0,3602802,0,16443207,0,515799,0,198232714,0,196044153,1,2442,0,102797,0,2083322,0,191554180,0,150734844,0,4110170,0,14437743,0,803296,0,188648,0,3491549,0,2687660,0,856104,0,200227,0,903408,0,0,0,1708114,0,268930,0,991656,1,563,0,10171268,0,6678534,0,7361142,0,6676091,0,6786905,0,110814,0,604106,0,42853,0,134554,1,78,0,1583,0,425039,0,75070,0,75549,1,479,1,5875,1,7112,1,1238,1,196,1,160,0,36
2013,5,44,6,0,27657,0,19139326,0,3725728,0,1720304,1,50962,0,7378211,1,987,1,14105,0,720213,0,368001,0,0,0,698510,0,9627707,0,6773465,0,0,0,0,0,545299,0,1660463,0,769706,0,273932,0,19139326,0,2756758,0,737312,0,1031523,0,2939069,0,2983336,0,275190,0,8416139,0,902091,0,2119697,0,5884599,0,490250,0,85025181,0,83996354,1,1,0,65202,0,963625,0,81899106,0,65706118,0,2157273,0,5209760,0,287707,0,47832,0,1694213,0,1409832,0,231880,0,94265,0,401052,0,0,0,607291,0,104385,0,250907,0,0,0,3696590,0,3126076,0,3174972,0,3126075,0,3129852,1,3777,0,31737,0,9943,0,19730,0,0,1,-1168,1,3232,0,13264,1,17745,1,4481,1,3896,1,3896,0,0,0,0,0,0,0,0
2013,5,44,5,0,34388,0,12185985,0,2859161,0,871346,1,5309,0,4412435,0,0,0,0,0,341782,0,693527,0,0,1,292582,0,5487976,0,3859121,0,0,0,0,0,269794,0,1159715,0,672577,0,334672,0,12185985,0,1350240,0,747629,0,1128394,0,2010821,0,1835260,0,93844,0,5019797,0,626050,0,811724,0,3653396,1,71374,0,71484393,0,71078082,0,0,1,28546,0,377765,0,69084379,0,55162319,0,1557272,0,3452790,0,271979,0,45926,0,1895218,0,1092359,0,199805,0,68290,0,251794,0,0,0,447456,0,26177,0,78305,0,0,0,4534689,0,2400014,0,2885668,0,2400014,0,2442961,1,42947,0,461390,1,1937,0,4960,0,0,0,0,1,454494,1,24263,1,24263,0,0,0,0,0,0,0,0,0,0,0,0,0,0
2013,5,44,4,0,59105,0,9717301,0,2204711,0,443313,0,0,0,4054026,0,0,0,0,0,186387,0,303826,0,0,1,148636,0,6205130,0,4739839,0,0,0,0,0,135821,0,1390769,0,743169,0,127689,0,9717301,0,1093152,0,452921,0,570109,0,2061865,0,1164032,0,249039,0,4126182,0,775823,0,944295,0,2509100,1,103037,0,60787363,0,60319038,0,0,1,39410,0,428915,0,58304345,0,44266535,0,1813224,0,3519469,0,274992,0,17837,0,2188931,0,1172407,0,145787,0,85308,0,243723,0,0,0,498418,0,24333,0,121226,0,0,0,3932154,0,2483017,0,2523646,0,2483017,0,2493278,1,10261,0,36085,1,18,0,5877,0,0,1,3858,1,26332,1,4544,1,5095,1,552,0,0,0,0,0,0,0,0,0,0,0,0
2013,5,44,3,0,81707,0,2885213,0,817810,0,133958,1,110,0,1200936,0,0,0,0,0,83657,0,88885,0,0,1,4771,0,2905188,0,2517372,0,0,0,0,1,1667,0,538655,0,430368,0,57536,0,2885213,0,500413,0,110948,0,523271,0,1174181,0,396273,0,103022,0,77105,0,414901,0,732213,0,-823756,1,246253,0,35942385,0,35460984,0,0,1,41571,0,439830,0,33546288,0,23613810,0,1538119,0,2078854,0,161703,0,12342,0,1524963,0,665045,0,69774,0,21967,0,119698,0,0,0,330775,0,46425,0,87905,1,45520,0,3229387,0,2396097,0,2627899,0,2396097,0,2396904,1,807,0,188955,1,4,0,311,0,0,1,-169,1,188809,1,42847,1,42847,0,0,0,0,0,0,0,0,0,0,0,0,0,0
2013,5,44,2,0,26185,0,0,0,0,0,0,0,0,0,0,0,0,0,0,0,0,0,0,0,0,0,0,0,0,0,0,0,0,0,0,0,0,0,0,0,0,0,0,0,0,0,0,0,0,0,0,0,0,0,0,0,0,0,0,0,0,0,0,0,0,0,0,0,11330560,0,10891218,0,0,0,150206,0,289135,0,10432565,0,7912681,0,242688,0,654466,0,28666,0,2293,0,391651,0,173222,0,43699,0,6245,0,35461,0,0,0,58318,1,13702,0,27997,1,1276,0,840199,0,897995,0,1467286,0,897995,0,913500,1,15505,0,540121,0,0,0,12814,0,998,0,0,1,526309,1,29729,1,29781,1,52,0,-559,0,0,0,559,0,73,0,70,0,3
2013,5,44,1,0,266040,0,336132620,0,40813319,0,39488071,0,529725,0,139431331,1,67155,0,69449,0,11701026,0,4228619,0,433274,0,26836460,0,127016484,0,77063413,1,5432,1,2053,0,11047985,0,15743639,0,6322313,0,3167878,0,336132620,0,36004798,0,80812086,0,24725428,0,19437565,0,43575288,0,10461093,0,121116362,0,9687263,0,18863662,0,98497058,0,5931621,0,1201275613,0,1181393318,0,62325,0,811169,0,19008800,0,1162858416,0,949798591,0,15725299,0,75930432,0,4283820,0,770497,0,20608640,0,14822988,0,3813614,0,951138,0,6901748,1,2963,0,11223061,0,1326091,0,5546745,0,76560,0,51076230,0,38417197,0,42611076,0,38354871,0,38918964,0,564093,0,3888911,0,864028,0,721571,0,5433,0,32299,0,2265580,0,336906,0,371244,0,34338,0,30388,0,40996,0,10608,0,8314,1,3086,0,5228
2013,5,48,12,0,80,0,26409371,0,1769424,0,3691437,0,94496,0,685401,0,6661,0,0,0,1345401,0,304396,0,0,0,3718054,0,24318519,0,10928926,0,4517,0,1261,0,619844,0,319527,0,130918,0,781791,0,26409371,0,1161691,0,1053151,0,1569512,0,267543,0,7439811,0,801851,0,14115811,0,142533,0,3249780,0,11033717,0,310219,0,27920921,0,26940767,0,1783,0,595397,0,382974,0,25866337,0,7896534,0,135561,0,4184206,0,772947,0,27247,0,1756984,0,663559,0,286087,0,34790,0,1915293,0,124,0,53029,0,120746,0,778487,0,128,0,7240615,0,2054584,0,2278984,0,2052801,0,2072558,0,19757,0,147204,0,64397,0,33340,0,873,0,12463,0,36131,0,60218,0,61184,0,967,0,18760,0,18770,0,10,0,224,0,224,0,0
2013,5,48,11,0,78,0,5603577,0,555374,0,1142237,0,12822,0,187023,0,0,0,1264,0,265674,0,63882,0,461,0,602207,0,5284770,0,2745493,0,1935,0,0,0,159792,0,117441,0,40404,0,20235,0,5603577,0,582417,0,438435,0,292472,0,92603,0,1332293,0,96330,0,2769027,0,61940,0,350369,0,2432814,0,76096,0,9190964,0,9033511,0,787,0,85296,0,71370,0,8742223,0,4056309,0,89550,0,1193935,0,152983,0,6747,0,320030,0,255348,0,67243,0,6380,0,448234,0,0,0,15421,0,24686,0,177654,0,313,0,1927391,0,448742,0,536664,0,447954,0,452763,0,4809,0,68684,0,2363,0,12879,0,4649,0,695,0,48097,0,4383,0,7412,0,3029,0,15643,0,15693,0,51,0,239,0,239,0,0
2013,5,48,10,0,194,0,6655745,0,737307,0,1557896,0,36120,0,184983,0,0,0,0,0,455029,0,128540,0,0,0,702090,0,6023676,0,3490190,1,2205,1,64,0,108536,0,98367,0,23114,0,206602,0,6655745,0,628144,0,578613,0,453950,0,216177,0,1679134,0,31582,0,3068144,0,213891,0,787442,0,2229411,0,162601,0,12469537,0,12248280,1,156,0,60843,0,160259,0,11888924,0,6474352,0,159378,0,1570248,0,204716,0,10597,0,460106,0,323518,0,84291,0,11430,0,507489,1,51,0,29001,0,54040,0,192367,1,996,0,1806343,0,580614,0,697555,0,580458,0,593572,1,13114,0,106193,0,8047,0,22428,0,0,1,395,0,75323,0,6760,0,7085,1,325,1,4145,1,4145,0,0,1,880,1,880,0,0
2013,5,48,9,0,513,0,7844294,0,1007544,0,2452329,0,20770,0,89060,0,0,1,37667,0,336677,0,232028,1,1342,0,578200,0,6870134,0,4089992,1,815,1,769,0,117146,0,197735,0,58573,0,93719,0,7844294,0,1059150,0,598521,0,629403,0,236132,0,1645398,0,129522,0,3546167,0,71351,0,1805783,0,1883374,0,214341,0,19654733,0,19238852,0,2859,0,130658,0,282364,0,18659030,0,8908369,0,293932,0,3158091,0,248713,0,12704,0,792928,0,490814,0,108236,0,16452,0,634426,0,0,0,35557,0,119128,0,413007,1,958,0,3425716,0,995703,0,1035243,0,992844,0,998630,1,5786,0,41288,0,4107,0,15206,1,6,0,-602,0,22571,0,2444,1,9353,1,6909,1,-1334,5,,0,1334,0,0,0,0,0,0
2013,5,48,8,0,994,0,7049027,0,925964,0,1932003,0,23891,1,23078,0,0,1,1144,0,279546,0,324384,0,0,0,502259,0,6538037,0,3740749,0,0,0,0,1,25123,0,173271,0,27203,0,116062,0,7049027,0,653200,0,795510,0,490142,1,556267,0,1709315,1,28599,0,2815994,0,10259,0,792963,0,2024915,1,12144,0,17491397,0,17345951,1,1902,0,82963,0,60582,0,16467400,0,7466207,0,303062,0,2307267,0,289304,0,14054,0,846457,0,523633,0,96207,0,5262,0,721371,0,0,0,29896,0,30685,0,404201,1,1448,0,3428346,0,1023998,0,1020808,0,1022096,0,1022096,0,0,0,-2380,1,425,0,4498,0,0,1,-7966,1,663,1,1092,1,1092,0,0,0,0,0,0,0,0,0,0,0,0,0,0
2013,5,48,7,0,5803,0,11874021,0,1454121,0,2619835,1,8686,0,263117,1,10276,0,0,0,355253,0,625493,1,48086,0,1319434,0,13740058,0,9571548,0,0,0,0,0,398326,0,632338,0,302781,0,290699,0,11874021,0,1155218,0,899098,0,598742,0,567022,0,5019642,1,7378,0,3626922,0,158565,0,521326,0,3426821,0,479790,0,34842572,0,34528214,1,1048,0,188160,0,125150,0,32983314,0,16041579,0,891224,0,4134999,0,559711,0,41305,0,1339361,0,883523,0,247583,0,33101,0,852497,1,3598,0,132240,0,113285,0,353088,1,94,0,7356126,0,1859258,0,2170647,0,1858210,0,1883077,1,24867,0,92912,1,13089,0,32122,0,0,1,2502,1,45199,1,60060,1,60587,1,527,1,159464,1,159464,0,0,1,179,0,0,1,179
2013,5,48,6,0,5157,0,3890607,0,381658,0,487570,0,0,1,48963,0,0,0,0,0,194917,0,831515,0,0,1,191115,0,4006066,0,2910595,0,0,0,0,1,21450,1,374474,1,212966,0,476439,0,3890607,0,391050,0,209481,0,148962,1,299991,0,1807991,1,1871,0,1031262,0,33920,1,135287,0,862055,0,0,0,15106120,0,14951331,0,0,1,3124,0,151664,0,14139139,0,6862610,0,410700,0,1331396,0,366657,1,1344,0,699254,0,344005,0,111808,1,4462,0,387750,0,0,0,27737,1,21257,0,159984,0,0,0,3410176,0,966981,0,993832,0,966981,0,966981,0,0,0,16426,0,0,0,7478,1,7949,0,0,1,999,1,505,1,505,0,0,1,9921,1,9921,0,0,0,0,0,0,0,0
2013,5,48,5,0,7387,0,2676631,0,696589,1,299941,0,0,1,6171,0,0,0,0,1,249380,1,375271,0,0,1,129558,0,2913343,0,2140393,0,0,0,0,1,76929,1,24279,1,22228,1,67790,0,2676631,1,201185,0,212871,0,208048,1,354717,0,645164,1,78425,0,976220,0,159129,1,43677,0,773415,0,0,0,14400367,0,14378766,0,0,1,14649,1,6952,0,13801140,0,5711482,0,4044522,0,651093,0,106882,1,1601,0,359319,0,195726,0,38117,1,24,0,242707,0,0,1,10623,1,12945,1,63981,1,21,0,2362097,0,599227,0,660341,0,599227,0,599227,0,0,1,-25124,0,0,1,1130,0,0,1,-26253,0,0,1,19,1,19,0,0,1,86218,1,86218,0,0,0,0,0,0,0,0
2013,5,48,4,0,11455,0,1728131,0,421977,1,252120,0,0,1,2207,0,0,0,0,0,147834,1,99510,0,0,1,27629,0,2785407,0,2191432,0,0,0,0,1,59855,1,111465,1,43487,1,55046,0,1728131,1,208118,0,135317,0,126204,0,106144,0,372770,1,109930,0,669648,0,69574,1,157999,0,446218,1,4143,0,13130964,0,12862771,0,0,1,98099,0,170095,0,12172211,0,5127616,0,461727,0,1546643,0,237918,1,6167,0,550259,0,298042,0,51722,1,8431,0,226349,0,0,0,35138,1,39516,1,48277,0,0,0,3534405,0,958753,0,959392,0,958753,0,958753,0,0,1,621,0,0,1,621,0,0,0,0,0,0,1,18,1,18,0,0,0,0,0,0,0,0,0,0,0,0,0,0
2013,5,48,3,0,51260,0,1382772,0,527720,0,110992,1,3129,1,7465,0,0,0,0,1,46280,0,121605,0,0,1,15275,0,3961430,0,3443666,0,0,0,0,0,0,0,66713,0,35229,1,7318,0,1382772,0,236091,0,63825,0,112605,0,1298548,0,397096,1,-19001,0,-706392,0,180755,0,189173,0,-1044991,1,31328,0,19425231,0,19090226,0,0,1,100700,0,234305,0,17795984,0,6525218,0,1012684,0,1569542,0,557101,0,0,0,507793,0,449377,0,63058,1,3985,0,325577,0,0,0,61607,1,38648,0,37984,1,169,0,6643242,0,1629247,0,1630037,0,1629247,0,1629247,0,0,0,790,0,0,0,790,0,0,0,0,0,0,0,0,0,0,0,0,0,0,0,0,0,0,0,0,0,0,0,0
2013,5,48,2,0,22788,0,0,0,0,0,0,0,0,0,0,0,0,0,0,0,0,0,0,0,0,0,0,0,0,0,0,0,0,0,0,0,0,0,0,0,0,0,0,0,0,0,0,0,0,0,0,0,0,0,0,0,0,0,0,0,0,0,0,0,0,0,0,0,5161983,0,4882660,0,0,0,241715,1,37609,0,4372285,0,1279662,0,231800,0,405804,0,241778,1,2136,0,293753,0,105423,0,20721,1,10687,0,95579,0,0,0,6170,1,2586,0,38787,0,0,0,1637399,0,789698,0,1408129,0,789698,0,789957,1,259,1,614425,0,0,1,156,0,0,0,0,1,614269,1,4006,1,4006,0,0,0,0,0,0,0,0,0,0,0,0,0,0
2013,5,48,1,0,105709,0,75114175,0,8477677,0,14546362,0,199913,0,1497466,1,16936,1,40075,0,3675990,0,3106623,1,49890,0,7785821,0,76441441,0,45252983,1,9473,1,2094,0,1587001,0,2115612,0,896904,0,2115702,0,75114175,0,6276264,0,4984822,0,4630039,0,3995145,0,22048613,0,1266487,0,31912805,0,1101918,0,8033800,0,24067749,0,1290662,0,188794791,0,185501329,0,8535,0,1601603,0,1683325,0,176887986,0,76349936,0,8034140,0,22053222,0,3738710,0,123903,0,7926244,0,4532969,0,1175073,0,135005,0,6357272,1,3772,0,436418,0,577523,0,2667817,0,4127,0,42771856,0,11906805,0,13391631,0,11898270,0,11966861,0,68591,0,1061038,0,92428,0,130647,0,13477,0,-18767,0,843253,0,139506,0,151262,0,11756,0,292818,0,294212,0,1394,0,1522,0,1344,1,179
2013,5,51,12,0,41,0,20694690,0,1943345,0,2023951,0,47255,0,155842,0,138139,0,674759,0,309432,0,8079,0,446,0,10664152,0,5932502,0,3511062,0,0,0,0,0,312406,0,1917554,0,407150,0,579548,0,20694690,0,471153,0,528421,0,3667022,0,36949,0,2183122,0,2704977,0,11103048,0,26862,0,376037,0,10789158,0,89009,0,10112294,0,9667080,0,30232,0,52088,0,362895,0,8840957,0,2980952,0,130583,0,2381417,0,91968,0,18671,0,272380,0,270897,0,111902,0,191808,0,326643,0,0,0,93002,0,153176,0,252299,0,81,0,1565176,0,1271337,0,1728420,0,1241106,0,1292044,0,50939,0,437078,0,228706,0,60466,0,261,0,14853,0,132792,0,49429,0,49839,0,410,0,808,0,808,4,,0,1234,0,1234,0,0
2013,5,51,11,0,54,0,3680604,0,531314,0,488610,0,32073,0,127827,0,0,0,0,0,285220,0,45136,0,666,0,959722,0,1985223,0,1294697,0,0,0,0,0,54019,0,660755,0,344846,0,213728,0,3680604,0,270047,0,151374,0,489827,0,23518,0,585674,0,340069,0,1820096,0,83798,0,361749,0,1504431,0,129883,0,3751107,0,3643449,0,564,0,4090,0,103004,0,3242404,0,1230565,0,85964,0,707465,0,40589,0,12822,0,98014,0,81418,0,39076,0,51062,0,102222,0,0,0,175755,0,22521,0,80107,0,98,0,514726,0,508703,0,623279,0,508139,0,510947,0,2808,0,112994,0,4550,0,17588,0,3169,0,3824,0,83863,0,2096,0,3040,0,944,0,50,0,676,0,627,0,272,0,272,0,0
2013,5,51,10,0,81,0,2664423,0,339613,0,427570,0,17961,0,96986,0,17008,1,8163,0,222687,1,8776,0,0,0,410250,0,1817332,0,1110407,0,0,0,0,0,21490,0,561833,0,218561,0,79645,0,2664423,0,205877,0,118045,0,253264,1,21288,0,738946,0,162392,0,1164611,0,27513,0,703925,0,608207,1,175035,0,3062760,0,3017916,1,573,0,2515,0,41755,0,2705961,0,1043085,0,123888,0,482317,0,36972,0,4633,0,155320,0,86122,0,43969,0,44757,0,107112,0,0,0,41322,0,9864,0,49053,1,12,0,477535,0,356799,0,416333,0,356226,0,359690,1,3464,0,55531,0,18984,0,5962,0,78,1,2847,0,27661,1,4507,1,4569,1,62,1,68,1,68,0,0,0,5,0,0,0,5
2013,5,51,9,0,340,0,5096870,0,1049236,0,962766,0,15996,0,243250,1,1526,0,0,0,495480,0,56514,1,35259,0,527889,0,3790556,0,2736241,0,0,0,0,0,108678,0,764593,0,297334,0,110693,0,5096870,0,482435,0,154088,0,607350,0,142184,0,924911,0,200395,0,2585507,0,150121,0,340432,0,2466459,0,371505,0,8912365,0,8692241,0,1930,0,2077,0,216116,0,8037741,0,4186094,0,314906,0,1309976,0,66354,0,9001,0,152304,0,183478,0,51426,0,88041,0,157343,0,0,0,74464,0,46018,0,102168,1,1481,0,1294688,0,874624,0,961439,0,872694,0,878268,1,5573,0,87368,0,11598,0,5136,4,,0,3374,0,67260,0,1028,1,2127,1,1099,1,348,1,348,0,0,0,0,0,0,0,0
2013,5,51,8,0,478,0,3520754,0,590422,0,1166717,0,25163,1,224202,0,0,1,278511,0,260702,1,173355,0,0,0,336035,0,1237173,0,876535,0,0,0,0,1,116744,0,111141,0,80821,0,8273,0,3520754,0,581336,1,132426,0,363640,1,153497,1,223744,0,328989,0,1737121,0,122476,0,155415,0,1495382,1,36151,0,7180409,0,7103807,4,,1,1068,0,75533,0,6493505,0,4604914,0,119328,0,650093,0,25010,1,6789,0,83084,0,160850,0,13234,1,7267,0,68896,0,0,0,27135,0,55034,0,110865,1,11,0,560994,0,686904,0,794569,0,686904,0,718906,1,32002,0,107840,1,85539,0,7093,0,0,1,-386,1,15594,1,-174,0,0,1,174,0,0,0,0,0,0,1,15,0,0,1,15
2013,5,51,7,0,2415,0,5350379,0,1719534,0,1208196,1,9276,0,203594,1,2271,0,0,0,639322,0,325429,1,38681,0,285611,0,2310360,0,1746523,0,0,0,0,1,35582,0,534445,0,279138,0,82292,0,5350379,0,789643,0,472898,0,865368,1,434632,0,797990,1,383751,0,1606097,0,90448,0,973064,0,1068480,1,525894,0,14642301,0,14447357,1,423,1,61670,0,132851,0,12989197,0,6297141,0,1302384,0,2228612,0,47368,0,30935,0,268450,0,333160,0,78039,0,33476,0,62636,0,0,0,221790,0,53599,0,107430,1,15,0,1924160,0,1653105,0,1673038,0,1652681,0,1652681,0,0,0,16817,1,2190,0,12307,1,44,1,1652,1,625,1,1385,1,1385,0,0,1,2155,1,2155,0,0,1,34,1,34,0,0
2013,5,51,6,0,2164,0,1480642,0,371756,1,154118,0,0,1,47678,0,0,0,0,1,4164,1,105137,0,0,1,97084,0,1511154,0,1190963,0,0,0,0,1,25211,0,272927,0,122634,1,205009,0,1480642,1,59254,1,118309,0,196102,1,361334,1,284385,1,8937,0,452320,0,211570,1,533398,0,-244323,1,48325,0,9593855,0,9466305,0,0,1,585,1,126965,0,9036125,0,4717372,0,509244,0,1489379,0,33786,1,7620,0,269095,0,280971,0,41555,1,31468,0,92036,0,0,0,146008,1,19298,0,73279,0,0,0,1325014,0,557729,0,561856,0,557729,0,557729,0,0,0,3579,1,1623,0,1012,0,0,1,-19,1,964,0,0,0,0,0,0,1,547,1,547,0,0,0,0,0,0,0,0
2013,5,51,5,0,3027,0,974748,0,426832,1,147737,0,0,1,1390,0,0,0,0,1,71927,1,49383,0,0,1,97365,0,931318,0,829887,0,0,0,0,1,7015,1,191471,1,119815,1,12,0,974748,1,52338,1,43097,0,180177,1,340417,1,170925,1,34271,0,153523,0,11059,1,256260,0,-113796,0,0,0,3736779,0,3745857,0,0,1,1197,1,-10275,0,2815023,1,698059,0,379357,0,741284,1,25564,0,0,0,94612,0,101659,1,11377,1,15542,0,16028,0,0,1,40992,0,67995,1,67533,0,0,0,555020,0,921757,0,925682,0,921757,0,921757,0,0,1,3926,1,3883,1,43,0,0,0,0,0,0,0,0,0,0,0,0,0,0,0,0,0,0,0,0,0,0,0,0
2013,5,51,4,0,6025,0,874067,0,407029,1,116261,0,0,1,34525,0,0,0,0,1,54204,1,77167,0,0,1,67908,0,1082167,0,986486,0,0,0,0,1,1953,1,5072,1,4865,1,19131,0,874067,1,162444,1,36090,0,201650,1,283062,1,100898,1,5062,0,84860,0,14504,1,1590252,0,-1514246,1,5649,0,6025720,0,6025362,1,4,0,0,1,354,0,5440142,1,3126028,0,505125,0,571651,0,15377,0,0,0,96612,0,89468,1,8706,1,99,0,21487,0,0,0,142550,1,3667,0,46626,0,0,0,812748,0,585577,0,585687,0,585573,0,585573,0,0,1,241,1,75,1,166,0,0,0,0,0,0,1,-127,0,261,1,388,0,0,0,0,0,0,0,0,0,0,0,0
2013,5,51,3,0,26825,0,742727,0,395918,1,50944,0,0,1,11930,0,0,0,0,1,56706,1,45621,1,1384,1,28057,0,1175078,0,1051202,0,0,0,0,0,0,0,40116,0,38134,1,26310,0,742727,0,56170,1,47631,0,101162,0,167856,1,58625,1,-1616,0,312899,0,51815,0,4343572,0,-4046840,1,35647,0,6375633,0,6281226,0,0,0,0,0,94408,0,4979255,0,697752,0,1600986,0,674125,0,13909,1,31535,0,220166,0,160299,0,11502,1,2980,0,25221,0,0,0,73438,0,66824,0,62526,0,0,0,1337993,0,1396378,0,1400954,0,1396378,0,1396378,0,0,0,4577,1,724,0,297,0,0,1,907,1,2649,0,0,0,0,0,0,0,0,0,0,0,0,0,0,0,0,0,0
2013,5,51,2,0,10096,0,0,0,0,0,0,0,0,0,0,0,0,0,0,0,0,0,0,0,0,0,0,0,0,0,0,0,0,0,0,0,0,0,0,0,0,0,0,0,0,0,0,0,0,0,0,0,0,0,0,0,0,0,0,0,0,0,0,0,0,0,0,0,1399041,0,1387619,0,0,0,10799,1,624,0,915735,1,123195,0,185700,1,83724,1,6801,1,118,0,48231,0,31037,1,625,0,0,1,8651,0,0,0,5856,1,28081,1,13073,0,0,0,380645,0,483306,0,485026,0,483306,0,483926,1,619,1,1719,0,0,1,248,0,0,0,0,1,1472,0,0,0,0,0,0,0,0,0,0,0,0,0,0,0,0,0,0
2013,5,51,1,0,51546,0,45079904,0,7775000,0,6746870,0,147724,0,1147222,1,158944,1,961433,0,2399843,0,894599,1,76435,0,13474073,0,21772862,0,15334004,0,0,0,0,0,683097,0,5059909,0,1913297,0,1324640,0,45079904,0,3130699,0,1802380,0,6925563,0,1964734,0,6069219,0,4167226,0,21020082,0,790166,0,9634103,0,12012911,0,1417098,0,74792263,0,73478218,0,33727,0,136090,0,1144229,0,65496044,0,29705157,0,5257465,0,11320044,0,403698,0,122124,0,1758269,0,1779358,0,411412,0,466499,0,988275,0,0,0,1042313,0,526076,0,964957,0,1699,0,10748698,0,9296220,0,10156283,0,9262493,0,9357898,0,95405,0,831670,0,357871,0,110316,0,3551,0,27054,0,332878,0,58145,0,61221,0,3076,0,3975,0,4602,0,627,1,1559,1,1540,1,19
2013,5,52,12,0,342,0,284514150,0,67440296,0,71497719,0,1301101,0,195686,0,6918828,0,3337206,0,11000225,0,685994,0,38630186,0,72996448,0,11143208,0,6583070,0,23231,0,12577,0,672049,0,2158570,0,610233,0,6321486,0,284514150,0,85204579,0,16754893,0,91267257,0,913699,0,13114053,0,28606265,0,48653402,0,1410500,0,11030556,0,37708929,0,1496582,0,39786306,0,30433220,0,133814,0,2754964,0,6464307,0,32669647,0,0,0,1288319,0,12468043,0,435226,0,1391537,0,866756,0,1069298,0,2241512,0,173938,0,777636,0,37,0,1067276,0,672939,0,919178,0,27582,0,9270371,0,7116659,0,10473554,0,6982845,0,8250017,0,1267172,0,3487205,0,649445,0,606095,0,16668,0,888983,0,1326015,0,25181,0,40474,0,15293,0,-21676,0,7984,0,29660,0,4414,0,4414,0,0
2013,5,52,11,0,260,0,18246466,0,2052673,0,6363692,0,209240,0,0,0,1068008,0,450135,0,1367803,0,128152,0,1630871,0,3640927,0,1101493,0,595873,0,7673,0,1945,0,46710,0,689119,0,226109,0,732378,0,18246466,0,1352558,0,1749855,0,6981818,0,424722,0,2259939,0,807806,0,4669767,0,366142,0,1827584,0,2725795,0,249754,0,5741985,0,5000778,0,25653,0,130054,0,585501,0,4747358,0,0,0,500113,0,2176816,0,26916,0,147153,0,127579,0,188532,0,204327,0,40478,0,68851,0,0,0,67496,0,58418,0,109582,0,1494,0,1029604,0,994627,0,1280280,0,968974,0,1011828,0,42854,0,302471,0,47988,0,54628,0,374,0,17409,0,182071,0,8766,0,9352,0,587,0,69,0,141,0,72,0,1073,0,1073,0,0
2013,5,52,10,0,354,0,12151976,0,1639943,0,4071821,0,92451,0,0,0,164057,0,84831,0,997353,0,73799,0,1672064,0,2428175,0,841172,0,498191,0,0,0,0,0,45117,0,413666,0,148729,0,459348,0,12151976,0,901638,0,1634081,0,1980127,0,432576,0,1451922,0,513449,0,5238184,0,221253,0,2788965,0,2394404,0,166439,0,6688104,0,5881898,0,3510,0,33844,0,768853,0,5557008,0,0,0,499173,0,2134550,0,43288,0,200036,0,169157,0,194314,0,165454,0,26276,0,58470,0,0,0,122362,0,45048,0,141518,0,1090,0,1756271,0,1131097,0,1474343,0,1127587,0,1143763,0,16176,0,345932,0,20324,0,31398,0,57909,0,14653,0,221647,0,-1506,0,2206,0,3712,1,2331,1,2334,1,4,0,0,0,0,0,0
2013,5,52,9,0,824,0,12349023,0,2180182,0,4402132,0,119049,0,0,0,0,1,105561,0,1187402,0,177961,0,776822,0,2430544,0,954046,0,607284,0,0,0,0,0,46287,0,647259,0,189001,0,356161,0,12349023,0,1239503,0,1375514,0,1721753,0,739927,0,1986033,0,405071,0,4881222,0,197348,0,1869732,0,3206901,0,392758,0,9314762,0,8459697,0,4423,0,1971,0,848672,0,7432177,1,551099,0,960402,0,3218964,0,36672,0,280273,0,222189,0,252255,0,179058,0,40549,0,35372,0,0,0,86442,0,62430,0,169283,0,3740,0,1333450,0,1882585,0,2174401,0,1878163,0,1890053,0,11891,0,295362,0,40416,0,36933,0,144,0,2162,0,215706,0,836,0,2998,0,2162,1,41,1,57,1,15,0,0,0,0,0,0
2013,5,52,8,0,1101,0,7543179,0,2284608,0,2057137,1,11812,0,0,0,0,1,165211,0,749840,0,109819,1,110832,0,1026606,0,1676598,0,1226358,0,0,0,0,1,76729,0,624323,0,209290,0,108938,0,7543179,0,1622487,0,372219,0,809331,0,518245,0,1109467,0,293246,0,2818184,0,936663,0,1190590,0,1050889,0,359959,0,7920890,0,7516889,0,4929,1,2512,0,396560,0,6366610,0,0,0,1134159,0,2692190,0,31099,0,71618,0,463290,0,220495,0,117929,0,39645,0,50049,0,0,0,47999,0,55399,0,206549,1,11395,0,1224794,0,1554280,0,1660633,0,1549351,0,1552415,1,3064,0,108404,0,5364,0,19555,5,,0,17567,0,65918,1,-284,1,1267,1,1552,1,3162,1,3162,0,0,1,1810,1,1810,0,0
2013,5,52,7,0,5611,0,12554652,0,4109485,0,2728056,1,20261,0,0,1,11315,0,1057,0,1549052,0,106458,1,747313,0,1242449,0,1659376,0,1199340,0,0,0,0,0,349677,0,1531907,0,544183,0,282291,0,12554652,0,979968,0,1222286,0,1591065,0,1530591,0,1418795,0,387440,0,5424508,0,670774,0,1917790,0,3048171,0,212228,0,12534976,0,11987770,1,1424,1,848,0,544935,0,9976139,0,0,0,1583817,0,4011838,0,56699,0,144920,0,420995,0,435619,0,203089,0,96415,0,63684,0,0,0,106009,0,127851,0,214701,0,0,0,2510500,0,2558838,0,2744481,0,2557414,0,2582575,1,25161,0,184283,0,11306,0,61419,5,,0,12867,0,98691,0,2784,1,4844,1,2060,1,1,1,1,0,0,0,0,0,0,0,0
2013,5,52,6,0,6198,0,4433863,0,1508097,0,531959,0,0,0,0,0,0,1,54,0,228069,1,201544,1,30893,0,458260,0,933158,0,684289,0,0,0,0,0,560,0,1534493,0,589314,0,280379,0,4433863,0,390212,0,298621,0,328739,1,501525,0,1147982,1,331484,0,1435299,0,207712,0,766794,0,854482,1,393690,0,6103640,0,5824641,1,1480,1,1052,0,276467,0,4829566,0,0,0,786477,0,1921578,0,45522,0,28879,0,270643,0,174695,0,79460,0,109574,0,32897,0,0,0,66003,0,61524,0,98425,1,49,0,1153839,0,1274074,0,1417145,0,1272593,0,1294092,1,21499,0,124934,1,17568,0,19888,1,402,1,43046,1,44030,1,19617,1,19617,0,0,0,0,0,0,0,0,0,0,0,0,0,0
2013,5,52,5,0,7671,0,2847178,0,833943,0,440923,0,0,0,0,0,0,1,490,0,42068,1,321457,0,0,1,218814,0,996949,0,693516,0,0,0,0,1,110853,0,935423,0,430083,1,69856,0,2847178,0,63437,0,101459,0,421607,1,320373,0,546347,1,140598,0,1253358,0,33174,0,102579,0,1154920,1,37315,0,5869169,0,5518474,1,1905,1,1465,0,347325,0,4544771,1,2619,0,680960,0,1635353,0,36628,1,48069,0,205861,0,161029,0,73156,0,51265,0,38870,0,0,0,108452,0,107995,0,99603,1,181,0,1294729,0,1324399,0,2206425,0,1322493,0,1484905,1,162412,0,874871,1,7612,0,2812,1,416,1,25352,1,838680,1,7762,1,8558,1,796,1,1299,1,1299,0,0,0,0,0,0,0,0
2013,5,52,4,0,14538,0,2385600,0,781163,1,84210,0,0,0,0,0,0,0,0,0,177837,0,255136,1,7827,0,116081,0,1327257,0,946865,0,0,0,0,1,15487,0,997824,0,546164,0,115807,0,2385600,0,69169,0,150324,0,228787,1,128158,0,565623,1,10551,0,1232989,0,115760,0,340949,0,828771,1,52491,0,7671852,0,7570606,1,18,1,306,0,100922,0,5943866,0,0,0,1371571,0,1702767,0,50120,1,616,0,408544,0,248146,0,58505,0,79264,0,54349,0,0,0,203042,0,111147,0,103637,0,0,0,1552156,0,1727986,0,1765069,0,1727968,0,1753718,1,25749,0,38033,1,4159,0,1156,0,0,1,-283,1,33002,1,-1469,1,405,1,1874,1,537,1,537,0,0,0,0,0,0,0,0
2013,5,52,3,0,60424,0,1695735,0,922400,1,62151,0,0,0,0,0,0,0,0,0,103926,0,128597,1,964,1,100816,0,2056754,0,1659220,0,0,0,0,0,0,0,251138,0,217926,0,-53865,0,1695735,0,75067,0,137683,0,402231,0,410140,0,325292,1,-113473,0,458796,0,112258,0,255885,0,338801,1,248148,0,16657464,0,16290094,1,1,1,1306,0,366063,0,12228675,0,0,0,3171548,0,2724531,0,75742,1,5221,0,822748,0,504480,0,99732,1,4781,0,82487,0,0,0,357957,0,258088,0,206864,0,0,0,3914495,0,4428788,0,4783593,0,4428788,0,4428826,1,38,0,345673,1,789,0,116414,0,0,1,-3156,1,231626,1,9133,1,10294,1,1161,0,0,0,0,0,0,1,118,1,118,0,0
2013,5,52,2,0,20698,0,0,0,0,0,0,0,0,0,0,0,0,0,0,0,0,0,0,0,0,0,0,0,0,0,0,0,0,0,0,0,0,0,0,0,0,0,0,0,0,0,0,0,0,0,0,0,0,0,0,0,0,0,0,0,0,0,0,0,0,0,0,0,3653608,0,3438197,1,3351,1,4790,0,207270,0,2544368,0,0,0,275442,0,888497,0,14766,1,40578,0,165965,0,94803,0,29272,1,3895,0,7887,0,0,0,52228,0,22378,0,33991,1,11694,0,902972,0,1109240,0,2247468,0,1105890,0,1142090,1,36200,0,1141579,1,1236,0,6092,4,,1,5189,0,1129061,4,,0,0,4,,0,0,0,0,0,0,0,0,0,0,0,0
2013,5,52,1,0,118022,0,358721824,0,83752791,0,92239801,0,1753915,0,195686,0,8162209,0,4144544,0,17403575,0,2188917,0,43607771,0,84659121,0,22690010,0,14694004,0,30904,0,14522,0,1363470,0,9783723,0,3711033,0,8672778,0,358721824,0,91898618,0,23796935,0,105732714,0,5919956,0,23925455,0,31382436,0,76065708,0,4271586,0,22091424,0,53312064,0,3609364,0,121942757,0,107922265,0,180507,0,2933111,0,10906875,0,96840184,1,553718,0,12251982,0,35575128,0,852678,0,2358901,0,4143727,0,3543667,0,3451495,0,666078,0,1270553,0,37,0,2285266,0,1583217,0,2303332,0,57225,0,25943183,0,25102573,0,32227394,0,24922066,0,26534282,0,1612216,0,7248747,0,806207,0,956388,0,75914,0,1023789,0,4386448,0,70818,0,100015,0,29197,0,-14237,0,15514,0,29751,0,7415,0,7415,0,0
2013,5,53,12,0,131,0,58626676,0,2560446,0,2872349,0,198490,0,1107377,0,26107,0,0,0,3633219,0,157794,0,954274,0,17150762,0,33490794,0,9333974,0,151,0,51,0,4166875,0,541415,0,215680,0,1713307,0,58626676,0,1441850,0,1664269,0,2177164,0,274806,0,27354467,0,5355200,0,20358921,0,574309,0,6278499,0,13872111,0,365999,0,9014642,0,7801295,0,7906,0,366797,0,838643,0,8379018,0,2908063,0,205358,0,1803708,0,233763,0,27467,0,280079,0,209900,0,267640,0,120067,0,675540,0,0,0,58058,0,44996,0,121572,0,7239,0,1415567,0,635623,0,2287380,0,627717,0,809179,0,181462,0,860409,0,119238,0,237996,0,15559,0,75725,0,411891,0,703589,0,722636,0,19048,0,95665,0,101192,0,5528,0,20,0,20,0,0
2013,5,53,11,0,211,0,14505289,0,1393300,0,1045595,0,7715,0,260895,0,46485,0,46230,0,1389850,0,341212,0,312089,0,3664382,0,7601012,0,3372354,0,2074,0,75,0,1248902,0,245382,0,86455,0,374480,0,14505289,0,344461,0,1050148,0,626959,0,375256,0,5147700,0,813049,0,6147715,0,75826,0,1495044,0,4724078,0,147233,0,3842817,0,3574866,0,5954,0,131777,0,130219,0,3410901,0,1538957,0,110287,0,531830,0,39856,0,11569,0,128852,0,89199,0,78030,0,5695,0,457093,0,0,0,33417,0,13751,0,49842,0,1904,0,320618,0,431916,0,967052,0,425962,0,475087,0,49125,0,214822,0,20106,0,71018,0,4930,0,7311,0,111456,0,321221,0,339933,0,18712,0,5047,0,10116,0,5068,0,245,0,245,0,0
2013,5,53,10,0,493,0,16627753,0,1469196,0,1101113,0,15791,0,210754,1,1613,1,6024,0,1479478,0,540801,0,235472,0,3892778,0,8531973,0,3937205,1,546,1,484,0,1834899,0,254437,0,83893,0,1106041,0,16627753,0,401595,0,974129,0,762741,0,548984,0,6050231,0,889126,0,7000946,0,402910,0,2768829,0,3993430,0,164223,0,3681409,0,3134005,0,6077,0,112569,0,428758,0,2946020,0,990432,0,162872,0,490357,0,44617,0,8960,0,193190,0,86301,0,93603,0,5596,0,305581,0,0,0,42852,0,19646,0,40941,1,202,0,460872,0,735389,0,1374143,0,729312,0,817678,0,88365,0,199205,0,23996,0,74585,0,27405,0,937,0,72282,0,419834,0,444085,0,24251,0,25792,0,26128,1,336,1,414,1,231,0,183
2013,5,53,9,0,2110,0,32162469,0,3141326,0,5390143,0,78078,0,436388,1,3226,1,30312,0,2835177,0,1363400,0,509554,0,5162432,0,22857656,0,11448083,1,1829,1,708,0,3880736,0,642238,0,273925,0,-2291153,0,32162469,0,672782,0,3239474,0,1491630,0,1848314,0,14833922,0,1417479,0,8658870,0,964276,0,4906066,0,3181774,0,393246,0,9086852,0,8328824,0,10490,0,279873,0,467665,0,7902919,0,2554762,0,249011,0,1975886,0,116344,0,25067,0,361392,0,249405,0,219758,0,12875,0,935667,1,388,0,80653,0,35268,0,107422,1,12283,0,966739,0,1183933,0,2825700,0,1173443,0,1276520,0,103077,0,479701,0,179362,0,163829,0,3190,0,21890,0,111430,0,1123694,0,1159929,0,36236,0,48863,0,50780,1,1917,1,574,1,574,0,0
2013,5,53,8,0,3912,0,27467528,0,2204442,0,1477137,1,17815,1,202373,1,64632,0,0,0,1915958,0,1334873,0,1260052,0,3642159,0,17508622,0,7721461,1,1639,1,1639,0,4518945,0,418497,0,245432,0,904548,0,27467528,0,531788,0,1455466,0,616740,0,2353781,0,11929439,0,1380082,0,9200232,0,1191983,0,3278168,0,4943939,0,213858,0,5662742,0,5447148,1,6461,0,52978,0,156154,0,4863859,0,672614,0,486416,0,1679052,0,71302,0,15779,0,168848,0,332347,0,94062,0,5484,0,356549,0,0,0,96758,0,28632,0,109305,1,4636,0,742076,0,798883,0,1957622,0,792422,0,903852,0,111430,0,244411,0,22524,0,81140,1,94,0,13236,0,127417,0,911613,0,930170,1,18556,1,9175,1,9325,1,150,0,0,0,0,0,0
2013,5,53,7,0,31634,0,67235927,0,7250895,0,2518596,1,9513,1,233563,1,28,1,381311,0,5860466,0,1987376,0,1193561,0,7896223,0,52771067,0,25746448,1,2663,1,527,0,11028192,0,856613,0,463001,0,1474860,0,67235927,0,566860,0,2683871,0,2198022,0,7610947,0,29294117,0,2321726,0,22560384,0,4277660,0,11309541,0,8655203,0,1682021,0,16201120,0,15188501,0,17611,0,253151,0,741857,0,13467953,0,2378670,0,617604,0,5581945,0,271936,0,6766,0,465531,0,500834,0,253274,0,18705,0,896170,1,7120,0,230746,0,41845,0,134275,1,2111,0,2060421,0,2733167,0,6808874,0,2715556,0,2878497,0,162941,0,826755,0,48352,0,240344,1,11998,0,106174,0,419886,0,3165126,0,3218304,0,53179,0,101438,0,101446,1,8,1,369,1,7,0,0
2013,5,53,6,0,29817,0,21342134,0,2788390,0,309613,0,0,1,102119,0,0,1,21920,0,1081631,0,941519,0,957667,0,1554140,0,18107794,0,9614582,1,20876,1,4713,0,4339181,0,625111,0,411713,0,523182,0,21342134,0,83423,0,505984,0,474673,0,3108557,0,6664942,0,719279,0,9785275,0,1719205,0,3544868,0,5301454,0,780253,0,4632716,0,4417650,1,2104,1,45981,0,166980,0,3398362,1,356730,0,299745,0,815747,0,104041,1,2456,0,160950,0,178977,0,80476,1,4546,0,147990,0,0,0,51768,1,4438,0,57561,1,12639,0,1120298,0,1234354,0,2769063,0,1232250,0,1280983,0,48733,0,142979,1,6332,0,66142,1,3242,1,11900,0,55363,0,1378237,0,1384035,1,5798,1,15596,1,15596,0,0,1,906,1,323,1,584
2013,5,53,5,0,35217,0,12817418,0,2090861,0,390265,1,1330,1,175,0,0,0,0,0,480604,0,911591,1,212576,0,1082797,0,12981230,0,7734743,5,,0,0,0,2004204,0,353514,0,177327,0,223001,0,12817418,0,140198,0,408864,0,813356,0,2655013,0,2768612,0,503363,0,5528012,0,1231470,0,1666098,0,2936750,1,306305,0,11316975,0,10821281,1,277,1,3071,0,492345,0,9407441,1,76299,0,805654,0,4262485,0,87116,1,578,0,947826,0,310272,0,69703,1,11008,0,308282,0,0,0,241697,1,114221,0,144237,1,512,0,2027551,0,1909534,0,2906317,0,1909256,0,1928009,0,18753,0,150183,0,4311,0,22730,1,93085,1,904,0,29154,0,833428,0,839902,1,6473,1,13450,1,16494,1,3044,0,0,0,0,0,0
2013,5,53,4,0,39376,0,5871232,0,1680525,0,160458,0,0,1,2651,0,0,0,0,0,272314,0,582992,1,7348,0,345304,0,5171244,0,3132753,0,0,0,0,0,559414,0,299610,0,152162,0,74288,0,5871232,0,82078,0,215380,0,341990,0,780297,0,1045881,0,104616,0,3300989,0,346903,0,785271,0,2347702,1,178886,0,11074978,0,10164216,1,637,1,38307,0,871818,0,9402658,1,266149,0,994652,0,4296964,0,173254,1,650,0,350637,0,357173,0,33054,1,12738,0,74095,0,0,0,162742,0,55670,0,59108,0,0,0,2565772,0,1672321,0,2551308,0,1671683,0,1680436,1,8753,0,18902,1,1908,0,20169,0,0,1,212,1,-3387,0,850851,0,850851,0,0,1,9872,1,10520,1,648,0,0,0,0,0,0
2013,5,53,3,0,109020,0,3224863,0,1354885,0,69345,0,0,1,10027,1,180,0,0,0,203005,0,207000,1,44293,0,268607,0,4340296,0,3533951,1,25312,0,0,0,175021,0,233551,0,204231,0,31525,0,3224863,0,32973,0,179171,0,422081,0,1426844,0,384737,0,66779,0,712277,0,508202,0,1584628,0,-1083545,1,297007,0,16664095,0,15647855,1,14,1,37133,0,979092,0,12496349,1,446667,0,2637852,0,2970429,0,259981,1,2773,0,570180,0,429509,0,58188,0,5246,0,140786,0,0,0,458305,0,151113,0,173352,0,0,0,4191969,0,4167746,0,4721541,0,4167732,0,4174596,0,6864,0,207781,1,5838,0,12004,1,180975,1,2881,1,6082,0,324040,0,329294,1,5253,1,21988,1,21988,0,0,0,0,0,0,0,0
2013,5,53,2,0,47554,0,0,0,0,0,0,0,0,0,0,0,0,0,0,0,0,0,0,0,0,0,0,0,0,0,0,0,0,0,0,0,0,0,0,0,0,0,0,0,0,0,0,0,0,0,0,0,0,0,0,0,0,0,0,0,0,0,0,0,0,0,0,0,4403301,0,3716774,1,64,1,149713,0,536750,0,2653251,1,411200,0,324598,0,412244,0,42507,1,2174,0,218053,0,71213,0,51931,1,121,0,34655,0,0,0,59242,1,3447,0,24639,0,0,0,997228,0,1750050,0,2572977,0,1749986,0,1764413,0,14427,0,576127,0,17968,0,28849,1,1,1,2961,0,526348,0,246834,0,254531,1,7696,1,30,1,30,0,0,1,626,0,0,1,626
2013,5,53,1,0,299476,0,259881288,0,25934267,0,15334613,0,328733,0,2566323,0,142271,0,485796,0,19151704,0,8368556,0,5686885,0,44659584,0,183361687,0,85575554,0,55091,1,8196,0,33756369,0,4470368,0,2313821,0,4134078,0,259881288,0,4298009,0,12376755,0,9925358,0,20982799,0,105474049,0,13570698,0,93253620,0,11292745,0,37617011,0,48872897,0,4529032,0,95581647,0,88242416,0,57597,0,1471351,0,5810282,0,78328731,0,12600543,0,6894049,0,24820649,0,1444716,0,104238,0,3845537,0,2815129,0,1299717,0,202082,0,4332409,1,7508,0,1516237,0,513027,0,1022253,0,41525,0,16869110,0,17252916,0,31741978,0,17195319,0,17989249,0,793930,0,3921274,0,449933,0,1018806,0,340480,0,244132,0,1867923,0,10278468,0,10473671,0,195203,0,346917,0,363614,0,16698,0,3153,0,1400,1,1392
2013,5,54,12,0,68,0,21089225,0,3248924,0,7279629,0,38071,0,1076357,0,5000,0,0,0,1811565,0,66950,0,61977,0,2673618,0,4452146,0,2587015,0,0,0,0,0,119161,0,2847671,0,701661,0,772973,0,21089225,0,3391539,0,478639,0,3816273,0,186149,0,2654007,0,2131220,0,8431398,0,74347,0,2154996,0,8086082,0,1884028,0,39100293,0,38618863,0,4992,0,21421,0,455017,0,37031834,0,22969124,0,508818,0,5865388,0,132338,0,16942,0,545550,0,750624,0,84634,0,90233,0,351992,0,0,0,73530,0,403097,0,602807,0,4807,0,4631950,0,2068458,0,2683114,0,2063466,0,2124713,0,61247,0,603967,0,78563,0,65926,0,1507,0,36872,0,421100,0,1857,0,2289,0,432,0,13823,0,13824,4,,0,519,0,513,0,0
2013,5,54,11,0,104,0,6907812,0,1479238,0,1979976,0,34387,0,325879,0,14987,0,0,0,1006698,0,40573,0,1944,0,976056,0,1751269,0,1084143,0,0,0,0,0,38314,0,444275,0,139516,0,106648,0,6907812,0,879636,0,389126,0,1572329,0,113741,0,669993,0,327579,0,2955407,0,90328,0,398921,0,2892079,0,425920,0,11518970,0,11350697,0,896,0,1770,0,165608,0,10474968,0,5215783,0,326754,0,2124817,0,38438,0,21901,0,246931,0,277135,0,47129,0,21221,0,125098,0,0,0,195051,0,108744,0,238234,0,457,0,1487277,0,1044002,0,1180619,0,1043107,0,1048370,0,5263,0,132832,0,45562,0,27664,0,51,0,-2560,0,62115,0,5280,0,5953,0,673,0,-599,0,323,0,923,0,84,0,84,0,0
2013,5,54,10,0,261,0,8930271,0,1737822,0,2311509,0,39397,0,410400,1,6707,0,7145,0,1373464,0,146905,1,282,0,1322679,0,1701309,0,985938,0,30,4,,0,104581,0,708626,0,122011,0,246159,0,8930271,0,861662,0,507277,0,1944756,0,70171,0,1039497,0,901372,0,3605537,0,231952,0,964015,0,3054553,0,644983,0,15757715,0,15459600,0,679,0,6105,0,291331,0,14212361,0,6845146,0,604041,0,3474535,0,45148,0,14288,0,284430,0,407278,0,57308,0,15025,0,104993,0,0,0,155011,0,176132,0,383440,1,1069,0,1644517,0,1545353,0,1628627,0,1544674,0,1549848,1,5174,0,72442,0,19618,0,27495,1,270,0,839,0,24219,0,7381,0,8243,1,863,1,4131,1,4910,1,779,1,75,1,73,0,0
2013,5,54,9,0,948,0,14512234,0,3316430,0,4291362,0,48699,0,327538,1,49481,1,72474,0,1373805,0,265570,1,34379,0,1870065,0,4301399,0,2707026,0,718,0,153,0,108740,0,932957,0,277103,0,600296,0,14512234,0,1601165,0,831604,0,2860682,0,517534,0,1169772,0,768820,0,6762658,0,238631,0,1490146,0,5633785,0,599903,0,31918184,0,31311521,0,7801,0,26277,0,572585,0,28129692,0,14553159,0,983688,0,6092577,0,89407,0,19633,0,824573,0,798341,0,78413,0,42785,0,238304,0,0,0,156231,0,319408,0,638900,1,2317,0,3291956,0,3788491,0,4039008,0,3780690,0,3800933,0,20243,0,263232,0,22930,0,40615,1,2945,0,-735,0,197478,0,2638,0,7323,0,4685,1,-7552,1,7427,1,14979,1,155,1,155,0,0
2013,5,54,8,0,1687,0,11563429,0,3028378,0,4305585,0,69037,0,299157,1,14480,0,0,0,558692,0,422972,0,0,0,1216195,0,3334818,0,2206073,0,0,0,0,0,253475,0,171534,0,60452,0,293704,0,11563429,0,1580668,0,1161332,0,1662998,0,695643,0,1204899,0,215357,0,5042532,0,516708,0,760479,0,4307489,0,542144,0,28327916,0,27853974,1,111,0,17436,0,456395,0,25048311,0,12431844,0,1356803,0,5605055,0,88882,0,54810,0,666492,0,785541,0,86307,0,16007,0,182063,0,0,0,186670,0,192188,0,519760,1,215,0,2875676,0,3279605,0,3643178,0,3279494,0,3306698,1,27204,0,295160,0,7557,0,31156,1,3,0,-2737,0,259181,1,66605,1,69358,1,2753,1,1918,1,2266,1,348,0,0,0,0,0,0
2013,5,54,7,0,14818,0,29674604,0,9203366,0,6592772,0,30987,0,976372,0,0,1,25546,0,1857682,0,1180308,1,94091,0,3358068,0,12195902,0,8080667,1,20123,1,11808,0,391832,0,1775179,0,533779,0,660605,0,29674604,0,2588414,0,1305608,0,4165367,0,1195585,0,4241592,0,1740828,0,14437209,0,693733,0,1568210,0,13127278,0,952013,0,85102437,0,83661386,0,1304,0,45855,0,1393893,0,74796152,0,25528332,0,6371037,0,18872493,0,334161,0,99654,0,2327173,0,2672604,0,347988,0,123709,0,483950,0,0,0,987300,0,737564,0,1575010,1,118,0,14335059,0,10306285,0,10568995,0,10304982,0,10324711,1,19730,0,218221,0,38958,0,91207,0,18381,0,1798,0,67877,0,43081,0,80276,1,37195,1,2711,1,5205,1,2494,1,525,1,525,0,0
2013,5,54,6,0,15179,0,9964380,0,3432186,0,1508064,1,566,0,253151,0,0,0,0,0,1241420,0,645628,1,94398,0,735139,0,6061511,0,4640906,0,0,0,0,1,160876,0,829557,0,332411,0,-23665,0,9964380,0,912320,0,962286,0,1708717,0,2501050,0,1517556,1,-158766,0,2521217,0,137991,0,829171,0,1716567,1,162512,0,37464144,0,37231519,1,318,1,3924,0,228383,0,32320601,0,12216160,0,3182494,0,7232136,0,230231,0,38147,0,1343780,0,1161135,0,153659,0,67644,0,190398,0,0,0,267917,0,247026,0,369312,1,1197,0,5619364,0,5143543,0,5510865,0,5143225,0,5157745,1,14520,0,163965,0,9406,0,21401,1,27,1,-2283,0,135414,1,199526,1,199816,1,290,1,4149,1,4149,0,0,0,0,0,0,0,0
2013,5,54,5,0,31154,0,10860215,0,4942992,0,990181,0,0,0,127473,0,0,0,0,0,685362,0,980028,1,40596,0,613868,0,6607289,0,5011907,0,0,0,0,0,160267,0,981456,0,613375,0,355984,0,10860215,0,579456,0,684701,0,1547861,0,604639,0,1782596,0,298642,0,5362320,0,289790,0,687900,0,4552898,0,168267,0,41971736,0,40919905,1,388,1,38147,0,1013297,0,35705706,0,5679153,0,5748349,0,10634730,0,180095,0,23833,0,1713182,0,1468615,0,190868,0,49660,0,217529,0,0,0,189449,0,681623,0,570746,0,0,0,8357875,0,6266030,0,6259201,0,6265642,0,6266330,1,688,0,-13442,0,1397,0,20015,0,0,1,-30999,1,-3855,1,7001,1,9375,1,2374,0,0,0,0,0,0,0,0,0,0,0,0
2013,5,54,4,0,67143,0,10222442,0,4811623,0,772993,1,14805,0,146582,0,0,1,17583,0,702037,0,1086027,0,230,0,331303,0,8941166,0,7097247,0,0,0,0,1,43211,0,1059625,0,668961,0,91074,0,10222442,0,317337,0,515835,0,1528293,0,1197932,0,1434882,0,197414,0,5030749,0,595722,0,533006,0,4291636,0,389616,0,51158305,0,49597207,0,0,1,22,0,1561076,0,42330562,0,9924662,0,6940375,0,8422827,0,249496,0,33661,0,2024360,0,1528998,0,176092,0,52194,0,276022,0,0,0,471474,0,681432,0,501937,1,2689,0,11044342,0,8827743,0,9109686,0,8827743,0,8852291,1,24548,0,271941,1,2537,0,19172,1,40,1,-22,1,250213,1,10002,1,20109,1,10106,0,0,0,0,0,0,1,4523,1,4523,0,0
2013,5,54,3,0,274848,0,7255976,0,4059937,0,456470,1,603,0,71309,0,0,1,2773,0,276354,0,692674,1,14191,0,204349,0,8866317,0,7652147,0,0,0,0,1,24779,0,512293,0,374619,0,101899,0,7255976,0,380346,0,478811,0,1357707,0,1795140,0,905480,0,120401,0,2218091,0,865923,0,1910919,0,-243786,0,314966,0,84164449,0,82935937,1,466,0,54902,0,1173144,0,69024831,0,13779350,0,14618451,0,12179890,0,311818,0,88581,0,2881723,0,2356292,0,188990,0,29041,0,344833,0,0,0,708161,0,655449,0,940250,1,621,0,19941382,0,15139618,0,15497410,0,15139152,0,15145251,1,6098,0,351955,1,1195,0,5300,1,105996,1,6232,1,233232,1,6302,1,6302,0,0,0,0,0,0,0,0,1,1510,1,1510,0,0
2013,5,54,2,0,93355,0,0,0,0,0,0,0,0,0,0,0,0,0,0,0,0,0,0,0,0,0,0,0,0,0,0,0,0,0,0,0,0,0,0,0,0,0,0,0,0,0,0,0,0,0,0,0,0,0,0,0,0,0,0,0,0,0,0,0,0,0,0,0,11183011,0,10779706,1,57,0,96449,0,306799,0,8083904,0,905007,0,1724511,0,1131996,0,65560,0,6881,0,504273,0,304257,0,56090,1,1289,0,80867,0,0,0,196117,0,103607,0,127364,0,0,0,2876084,0,3099107,0,3770486,0,3099050,0,3127869,1,28819,0,667277,1,1685,0,1112,0,0,1,87,0,664393,1,4159,1,4159,0,0,0,0,0,0,0,0,0,0,0,0,0,0
2013,5,54,1,0,499564,0,130980588,0,39260895,0,30488541,0,276551,0,4014217,1,90655,1,125521,0,10887079,0,5527635,0,342088,0,13301340,0,58213127,0,42053069,1,20871,1,11961,0,1405237,0,10263174,0,3823887,0,3205676,0,130980588,0,13092544,0,7315218,0,22164985,0,8877583,0,16620273,0,6542867,0,56367118,0,3735125,0,11297763,0,47418581,0,6084351,0,437667162,0,429720314,0,17012,0,312306,0,7617530,0,377158924,0,130047721,0,42365322,0,81636445,0,1765574,0,418329,0,13362466,0,12510820,0,1467478,0,508808,0,2596050,0,0,0,3586911,0,4306269,0,6467759,0,13490,0,76105482,0,60508238,0,63891189,0,60491226,0,60704761,0,213535,0,3027551,0,229407,0,351064,0,129221,0,6492,0,2311367,0,353832,0,413203,0,59370,0,18580,0,38103,0,19523,1,7391,1,7384,0,0
2013,5,55,12,0,1151,0,402445080,0,29011097,0,212052726,0,3230534,0,5733,0,48263328,0,23767047,0,7104176,0,379421,0,10480772,0,62334800,0,11924259,0,6110845,0,4121,0,1241,0,1279300,0,4587345,0,400129,0,993705,0,402445080,0,3344835,0,4822682,0,308126284,0,220047,0,13373111,0,5708356,0,66849766,0,1796200,0,17689644,0,50417330,0,3053408,0,24684757,0,8020617,0,729541,0,466932,0,15467667,0,14361883,0,0,0,1367421,0,3852521,0,297926,0,520054,0,264020,0,653110,0,2020648,0,435616,0,499924,0,72,0,204620,0,257487,0,546253,0,116404,0,3325806,0,10322875,0,11754958,0,9593333,0,9724179,0,130845,0,2116845,0,323324,0,419037,0,29410,0,131981,0,1213093,0,20148,0,31331,0,11183,0,24631,0,26744,0,2113,0,2145,0,2111,0,0
2013,5,55,11,0,442,0,32591338,0,2647986,0,14324178,0,207350,0,0,0,3292591,0,2038207,0,873372,0,176057,0,599736,0,8185208,0,830194,0,488531,0,520,0,520,0,45426,0,52583,0,17366,0,239048,0,32591338,0,184359,0,290958,0,20888831,0,62680,0,583475,0,299383,0,10281652,0,240494,0,5291021,0,5039355,0,289219,0,1877417,0,462412,0,57589,0,12769,0,1344647,0,876541,0,0,0,143755,0,191319,0,19037,0,26339,0,5733,0,40770,0,131628,0,3366,0,23496,0,0,0,10650,0,12460,0,43676,0,7381,0,216930,0,1000877,0,1629951,0,943288,0,974011,0,30723,0,669869,0,77958,0,153312,0,16492,0,29256,0,392851,0,16959,0,20184,0,3225,0,-163,0,117,0,280,0,1367,0,1367,0,0
2013,5,55,10,0,333,0,12174198,0,1202187,0,3081001,0,36425,0,6688,0,555205,0,318685,0,450926,0,262193,1,57787,0,5809227,0,249886,0,161937,1,17,0,0,0,65325,0,17438,0,7960,0,303956,0,12174198,0,96950,0,125556,0,4587478,0,184616,0,294369,0,339755,0,6545474,0,1837829,0,4460056,0,2790731,0,2543143,0,2188496,0,91999,0,14130,0,78674,0,2003693,0,277735,0,0,0,56006,0,35435,0,4174,0,21969,0,2201,0,20300,0,29052,0,776,0,6487,0,0,0,2276,0,3321,0,11327,1,1790,0,82623,0,1910760,0,2499514,0,1896630,0,1935482,0,38852,0,583860,0,69458,0,67383,0,25063,0,33147,0,388809,0,18734,0,26580,0,7846,0,290,0,537,1,247,0,0,0,0,0,0
2013,5,55,9,0,537,0,8516053,0,655824,0,395758,1,3097,1,70,1,66639,1,157607,0,691122,0,290466,1,49978,0,6079216,0,89214,0,38220,1,718,1,688,1,45464,0,33765,0,5422,0,7637,0,8516053,0,53093,0,187447,0,267324,0,79027,0,334669,0,482793,0,7111701,0,782415,0,2345856,0,4457695,0,474264,0,1146645,1,3575,0,20142,1,2170,0,1120758,0,122555,1,12,0,41124,0,17692,0,1009,1,2968,0,248,0,14021,0,11261,1,185,0,1885,0,0,1,180,1,424,1,1309,1,658,0,29577,0,1024090,0,1457662,0,1003949,0,1034813,0,30864,0,427855,0,85292,0,57808,0,5047,0,26321,0,253387,0,25485,0,28324,0,2838,0,373,0,1543,1,1170,0,0,0,0,0,0
2013,5,55,8,0,419,0,2828206,0,411592,1,8470,0,0,0,0,0,0,0,0,0,175770,1,133283,1,2429,0,2089652,1,11044,1,9409,0,332,0,97,1,65683,1,36139,1,7857,1,-88824,0,2828206,1,31560,1,104537,0,7433,1,20034,1,140250,1,207890,0,2316503,0,144134,0,720428,0,1633034,1,181092,0,787135,0,3525,1,871,1,22017,0,760722,0,53961,0,0,1,7309,1,926,1,244,0,0,1,12,0,9696,0,6445,1,2246,1,298,0,0,1,211,1,121,1,282,0,0,0,26172,0,733174,0,1045188,0,732303,0,764150,1,31847,0,292816,0,15286,0,51353,1,4689,1,949,0,220539,0,20015,1,20665,1,650,1,54,1,54,0,0,0,0,0,0,0,0
2013,5,55,7,0,2561,0,5868547,0,540289,1,191364,0,0,0,0,0,0,0,0,0,190484,1,47665,1,31160,0,4551364,0,243392,0,151939,0,0,0,0,1,199748,1,2756,1,442,1,22706,0,5868547,1,61137,1,14905,0,25240,1,1028189,0,482862,1,290977,0,3965238,0,812923,0,1613848,0,1986075,1,447607,0,1286669,1,20308,1,257,0,1509,0,1264595,0,130677,0,0,1,69613,1,757,1,411,0,35,0,28,0,15784,0,13768,1,166,1,1511,0,0,1,153,0,0,0,246,0,0,0,28205,0,1155992,0,2140171,0,1155736,0,1171035,0,15299,0,978219,0,12333,0,53780,1,17,1,6415,0,905674,0,6216,0,30235,1,24019,0,0,0,0,0,0,0,0,0,0,0,0
2013,5,55,6,0,1869,0,1460414,0,87777,1,40131,0,0,0,0,0,0,0,0,1,6738,1,104884,0,0,0,1216212,1,16349,1,11936,0,0,0,0,0,0,1,151,1,151,1,260,0,1460414,1,49,1,27108,1,11563,1,2274705,1,2467,1,11256,0,-866735,0,14333,0,1296578,0,-2177646,0,0,0,275157,0,0,1,2693,0,0,0,272464,1,28853,0,0,1,7698,0,0,1,658,0,0,1,8340,1,1104,0,0,0,0,1,1393,0,0,0,0,1,462,1,2152,0,0,1,7047,0,246304,0,290631,0,243610,1,245858,1,2247,0,30045,1,2341,0,10081,1,56,1,1617,1,15950,1,3739,1,3864,1,125,1,13237,1,13237,0,0,0,0,0,0,0,0
2013,5,55,5,1,1734,1,626554,1,104158,0,0,0,0,0,0,0,0,1,6503,1,85875,1,32017,0,0,1,332683,1,116857,1,51538,0,0,0,0,0,0,1,407,1,407,0,0,1,626554,1,1142,0,0,1,46611,0,0,1,2197,1,13845,1,562758,1,143972,1,212739,1,214997,1,8950,1,60831,1,3619,1,513,0,0,1,56699,1,33227,0,0,0,0,0,0,1,2842,0,0,1,2191,1,590,1,59,0,0,1,586,0,0,0,0,0,0,0,0,0,0,1,26959,1,27605,1,104909,1,27092,1,29458,1,2367,1,77776,1,30675,1,2366,1,10576,1,-275,1,34434,1,41,1,41,0,0,0,0,0,0,0,0,0,0,0,0,0,0
2013,5,55,4,1,2095,1,326471,1,66162,1,7795,0,0,0,0,0,0,0,0,0,0,1,30162,0,0,1,145953,1,22033,1,2370,0,0,0,0,1,56736,0,0,0,0,0,0,1,326471,1,8132,0,0,1,294,1,226542,0,0,0,0,1,91502,1,23162,1,92063,1,-23723,0,0,1,84945,0,0,1,129,0,0,1,84816,1,10430,0,0,0,0,0,0,1,55,0,0,0,0,1,345,1,2413,0,0,1,801,0,0,0,0,1,1760,0,0,0,0,1,5057,1,74514,1,111416,1,74386,1,78361,1,3975,1,33445,1,705,1,1248,0,0,1,1318,1,30173,1,3585,1,3585,0,0,0,0,0,0,0,0,0,0,0,0,0,0
2013,5,55,3,0,5836,0,199218,0,101283,0,0,0,0,0,0,0,0,0,0,1,26351,1,7129,0,0,1,70258,1,2545,1,2545,0,0,0,0,0,0,1,711,1,711,1,-5802,0,199218,1,2447,1,2998,1,345596,1,310,0,0,1,35228,0,-187361,0,56645,1,75938,0,-319944,0,0,0,446825,0,0,1,1,0,0,0,446824,0,79122,0,0,1,60691,0,0,0,0,0,0,0,0,1,6836,5,,0,0,0,0,0,0,0,0,0,0,0,0,0,0,0,11595,0,367703,0,592823,0,367702,0,371411,1,3709,0,218100,1,841,0,2199,1,2,1,267,1,214792,1,7021,1,7203,1,182,0,0,0,0,0,0,0,0,0,0,0,0
2013,5,55,2,0,3147,0,0,0,0,0,0,0,0,0,0,0,0,0,0,0,0,0,0,0,0,0,0,0,0,0,0,0,0,0,0,0,0,0,0,0,0,0,0,0,0,0,0,0,0,0,0,0,0,0,0,0,0,0,0,0,0,0,0,0,0,0,0,0,591680,0,35087,0,24517,1,12291,0,519785,0,136817,0,0,0,21584,0,205695,0,1436,0,2204,0,1518,0,7279,0,12607,0,543,0,887,0,0,0,708,0,736,0,2219,1,6902,0,-127500,0,454863,0,1213425,0,430346,0,455947,1,25601,0,775934,0,12243,0,32057,1,129,1,6774,0,724731,0,974,1,1238,1,264,1,6171,1,6171,0,0,1,6948,1,6948,0,0
2013,5,55,1,0,20126,0,467036081,0,34828356,0,230101422,0,3477407,1,12490,0,52177763,0,26288049,0,9604813,0,1463277,0,11221862,0,90814574,0,13505773,0,7029271,0,5709,1,2546,0,1757682,0,4731294,0,440444,0,1472685,0,467036081,0,3783704,0,5576189,0,334306655,0,4096151,0,15213400,0,7389483,0,96670498,0,5852107,0,33798171,0,64017903,0,6997683,0,33430557,0,8641143,0,850383,0,596361,0,23342670,0,16111800,1,12,0,1775201,0,4304345,0,327791,0,573567,0,284290,0,769834,0,2227882,0,442897,0,537269,0,72,0,218798,0,276772,0,607465,0,133136,0,3632470,0,17318757,0,22840649,0,16468374,0,16784703,0,316329,0,6204764,0,630457,0,850623,0,91481,0,237769,0,4394433,0,122918,0,173250,0,50332,0,44593,0,48403,0,3810,0,10460,0,10426,0,0
2013,5,56,12,0,41,0,15176860,0,2407737,0,3825791,0,224368,0,208560,0,15766,0,18174,0,1607607,0,340802,0,2463,0,1956982,0,8222736,0,4585014,0,0,0,0,0,322389,0,1544173,0,313067,0,-173872,0,15176860,0,890935,0,890973,0,2420043,0,172293,0,3161036,0,1808770,0,5832810,0,37830,0,1612402,0,4572845,0,390267,0,28217712,0,27747276,0,6177,0,13849,0,450411,0,26133957,0,10012222,0,176071,0,8732681,0,175900,0,15123,0,459113,0,1453001,0,140435,0,60714,0,628227,0,0,0,168466,0,176938,0,805408,0,807,0,3128851,0,2083756,0,2483288,0,2077579,0,2089927,0,12348,0,392515,0,20849,0,38512,0,3553,0,3302,0,326299,0,13033,0,14446,0,1414,0,162,0,162,0,0,0,40,0,40,0,0
2013,5,56,11,0,66,0,4777747,0,521206,0,1349828,0,30672,0,99978,0,16392,0,25907,0,591051,0,86767,0,63208,0,655877,0,1799667,0,1107115,0,98422,0,83089,0,118185,0,293740,0,83384,0,361778,0,4777747,0,459643,0,377068,0,754926,0,170870,0,775020,0,384294,0,1855925,0,16373,0,420588,0,1477031,0,58068,0,8055989,0,7788798,0,1625,0,11939,0,253627,0,7403122,0,3292675,0,109988,0,1886699,0,49296,0,31405,0,169252,0,287850,0,42007,0,19817,0,128826,0,21,0,159705,0,42632,0,217235,0,48,0,965667,0,652867,0,692213,0,651242,0,658555,0,7313,0,32969,0,6027,0,18979,0,6,0,293,0,7664,0,2288,0,3709,0,1421,0,5714,0,5714,0,0,0,0,0,0,0,0
2013,5,56,10,0,147,0,4771708,0,753944,0,1327335,0,22617,0,117591,0,0,0,25343,0,567677,0,47014,0,0,0,529827,0,2329570,0,1433253,0,0,0,0,0,74480,0,409389,0,161780,0,207189,0,4771708,0,463833,0,447591,0,604557,0,121309,0,715101,0,275424,0,2143893,0,30725,0,334432,0,1788813,1,10077,0,11678610,0,11610564,1,1279,0,11109,0,55657,0,11086256,0,4028085,0,188571,0,3858210,0,71427,0,9284,0,257424,0,597053,0,40817,0,31669,0,187592,0,0,0,59420,0,19617,0,226665,1,91,0,1510332,0,592353,0,636170,0,591074,0,591786,1,712,0,36185,0,15558,0,15388,1,20,1,1205,0,4014,0,8701,1,9010,1,309,1,210,1,210,0,0,1,84,1,83,0,0
2013,5,56,9,0,392,0,6183084,0,1082028,0,1746734,0,59636,0,284755,0,0,1,40681,0,429772,0,177693,1,84601,0,701898,0,3316822,0,2195118,1,22345,1,17637,0,112725,0,291710,0,104307,0,268018,0,6183084,0,697415,0,638463,0,1106637,0,134044,0,1053217,0,168193,0,2385114,0,67956,0,434024,0,2034028,0,150894,0,15222522,0,14838974,1,1524,0,26106,0,355918,0,14076570,0,8057749,0,259817,0,2386650,0,71274,0,23726,0,203223,0,610098,0,69121,0,21346,0,233700,1,544,0,119583,0,57588,0,347631,1,1253,0,1613267,0,1145953,0,1307357,0,1144429,0,1160359,1,15930,0,146460,0,18611,0,36054,1,-19,0,-208,0,92021,0,14354,0,16797,1,2443,1,2114,1,2114,0,0,1,57,1,57,0,0
2013,5,56,8,0,547,0,3591426,0,741794,0,799792,1,3962,0,253599,0,0,0,0,0,223264,0,23730,1,100577,0,380028,0,1707691,0,988621,0,0,0,0,0,56019,0,158408,0,128367,0,267474,0,3591426,0,446687,0,399091,0,285383,0,123493,0,323970,1,310401,0,1702401,0,61936,0,486078,0,1355134,1,200748,0,8868321,0,8739623,1,34,0,33225,0,95439,0,8071874,0,4249647,0,211217,0,1725276,0,39542,0,15563,0,101689,0,237536,0,47185,0,3237,0,97461,0,0,0,83482,0,10283,0,134615,0,130,0,1115010,0,796448,0,853270,0,796414,0,822828,1,26415,0,61563,1,1399,0,17318,0,0,1,-926,1,43772,1,-4706,1,2053,1,6759,0,0,0,0,0,0,1,4,1,4,0,0
2013,5,56,7,0,5353,0,11159473,0,2575612,0,3327718,0,38108,0,250698,0,0,0,0,0,991147,0,701635,1,73129,0,1049678,0,7343742,0,5527767,1,34255,1,26609,0,127070,0,582284,0,375877,0,70867,0,11159473,0,1579565,0,1045802,0,1448023,0,886603,0,2336063,0,608634,0,3254783,0,288193,0,516803,0,2534389,0,84603,0,45590025,0,45140166,1,1208,0,57184,0,391466,0,42955342,0,21615472,0,1143814,0,10625855,0,214139,0,70436,0,891406,0,2245202,0,166938,0,32609,0,336890,1,25659,0,326706,0,107826,0,570577,0,0,0,4581814,0,2634682,0,2712307,0,2633474,0,2641048,1,7574,0,72577,0,10617,0,24038,0,0,1,-918,1,38840,1,6256,1,7905,1,1649,0,0,0,0,0,0,1,922,1,922,0,0
2013,5,56,6,0,6062,0,4102599,0,1171424,0,667140,1,1580,1,99312,0,0,0,0,0,315327,0,410600,0,0,1,44997,0,3511194,0,2430138,1,7505,1,139,1,139737,0,193971,0,52221,0,25468,0,4102599,0,529295,0,202131,0,370569,1,428954,0,987978,1,36024,0,1547648,0,31281,0,173512,0,1365590,1,22735,0,16340370,0,16274553,0,0,1,16289,0,49529,0,15051370,0,7602113,0,682893,0,3261779,0,174385,0,8493,0,386256,0,432397,0,47431,1,15292,0,207484,0,0,0,167050,0,35044,0,165986,0,0,0,1864768,0,1289000,0,1294788,0,1289000,0,1289000,0,0,0,7307,1,90,0,5127,1,927,1,1095,1,67,1,-1520,1,1223,1,2743,0,0,0,0,0,0,0,55,0,55,0,0
2013,5,56,5,0,12180,0,4325404,0,1073820,0,278712,1,43,0,249069,0,0,0,0,0,300621,0,805680,1,99871,1,22045,0,5355987,0,4369988,0,0,0,0,1,18365,0,590191,0,209314,0,110389,0,4325404,0,302649,0,565024,0,766373,0,603897,0,899250,1,-820,0,1189031,0,395859,0,261628,0,675510,1,143966,0,22175996,0,21258473,0,0,1,8964,0,908559,0,20687447,0,9794563,0,785485,0,4235470,0,199062,1,30141,0,521566,0,817903,0,170299,0,23708,0,311492,0,0,0,192682,1,31946,0,309932,0,0,0,3263197,0,1488550,0,1490154,0,1488550,0,1488550,0,0,0,1604,1,512,0,1092,0,0,0,0,0,0,0,0,0,0,0,0,0,0,0,0,0,0,0,0,0,0,0,0
2013,5,56,4,0,21014,0,3352420,0,1128146,0,499119,0,0,1,81196,0,0,0,0,0,79415,0,185387,0,0,1,66191,0,5008261,0,3975157,0,0,0,0,1,94385,0,432479,0,276026,0,29025,0,3352420,0,143452,0,252719,0,218603,0,576629,0,1056255,1,32935,0,1071827,0,116270,0,440143,0,519547,1,4134,0,16491367,0,16436089,0,0,1,19008,0,36269,0,14982269,0,5274812,0,961261,0,3849372,0,159366,0,17552,0,565769,0,605627,0,75461,0,25300,0,227431,0,0,0,314882,0,102169,0,212760,0,0,0,2590508,0,1509098,0,1530816,0,1509098,0,1510484,1,1386,0,2033,1,839,0,1092,0,0,0,0,1,102,1,282,1,282,0,0,1,19403,1,19403,0,0,0,0,0,0,0,0
2013,5,56,3,0,80320,0,1906522,0,768792,0,98099,0,0,0,47847,0,0,0,0,0,90750,0,206018,0,0,1,32926,0,5792005,0,5285677,0,0,0,0,1,18057,0,178699,0,118796,0,77802,0,1906522,0,87371,0,271686,0,356011,0,551223,0,726446,1,15579,0,-101794,0,178077,0,200392,0,-315011,1,165252,0,26762520,0,26564578,0,0,1,13015,0,184927,0,23482828,0,5417618,0,2348754,0,6236554,0,316864,1,6979,0,680166,0,1070557,0,82445,0,11970,0,189854,0,0,0,311021,1,35362,0,234944,1,222,0,6539518,0,3279692,0,3282051,0,3279692,0,3279902,1,210,0,1707,0,0,0,1707,0,0,0,0,0,0,1,652,1,652,0,0,0,0,0,0,0,0,0,0,0,0,0,0
2013,5,56,2,0,28691,0,0,0,0,0,0,0,0,0,0,0,0,0,0,0,0,0,0,0,0,0,0,0,0,0,0,0,0,0,0,0,0,0,0,0,0,0,0,0,0,0,0,0,0,0,0,0,0,0,0,0,0,0,0,0,0,0,0,0,0,0,0,0,4158340,0,4124173,1,14,1,46188,0,-12035,0,3101265,0,661858,0,337260,0,576520,0,32316,1,3534,0,156177,0,120347,0,9073,1,2719,0,38458,0,0,0,54597,1,800,0,83785,1,973,0,1022848,0,1057075,0,2417988,0,1057061,0,1099862,0,42801,1,1360938,1,9,1,4420,0,0,1,119514,1,1236994,1,-10,0,0,1,10,0,0,0,0,0,0,0,0,0,0,0,0
2013,5,56,1,0,154813,0,59347242,0,12224502,0,13920268,0,380986,0,1692605,0,32158,1,110105,0,5196632,0,2985326,1,423849,0,5440450,0,44387674,0,31897848,1,162528,1,127474,0,1081411,0,4675044,0,1823139,0,1244137,0,59347242,0,5600846,0,5090548,0,8331125,0,3769315,0,12034337,0,3639433,0,20881638,0,1224501,0,4880003,0,16007878,0,1230743,0,203561773,0,200523267,0,11862,0,256876,0,2769768,0,187032299,0,80006813,0,7205129,0,47375066,0,1503571,0,232235,0,4392041,0,8477571,0,891212,0,248381,0,2587416,1,26225,0,1957594,0,620206,0,3309537,0,3524,0,28195779,0,16529474,0,18700402,0,16517612,0,16632301,0,114689,0,2115858,0,74512,0,163727,0,4488,0,123358,0,1749774,0,39329,0,56078,0,16748,0,27603,0,27603,0,0,1,1161,1,1160,0,0
2013,5,61,12,3,,3,,3,,3,,3,,3,,3,,3,,3,,3,,3,,3,,3,,3,,3,,3,,3,,3,,3,,3,,3,,3,,3,,3,,3,,3,,3,,3,,3,,3,,3,,3,,3,,3,,3,,3,,3,,3,,3,,3,,3,,3,,3,,3,,3,,3,,3,,3,,3,,3,,3,,3,,3,,3,,3,,3,,3,,3,,3,,3,,3,,3,,3,,3,,3,,3,,3,,3,,3,,3,,3,,3,,3,,3,
2013,5,61,11,3,,3,,3,,3,,3,,3,,3,,3,,3,,3,,3,,3,,3,,3,,3,,3,,3,,3,,3,,3,,3,,3,,3,,3,,3,,3,,3,,3,,3,,3,,3,,3,,3,,3,,3,,3,,3,,3,,3,,3,,3,,3,,3,,3,,3,,3,,3,,3,,3,,3,,3,,3,,3,,3,,3,,3,,3,,3,,3,,3,,3,,3,,3,,3,,3,,3,,3,,3,,3,,3,,3,,3,,3,,3,
2013,5,61,10,1,17,1,624737,1,140235,1,98482,1,4559,1,75835,0,0,0,0,1,22384,1,17963,0,0,1,102328,1,386893,1,240663,0,0,0,0,1,9850,1,14829,1,7967,1,9127,1,624737,1,35917,1,29254,1,122542,0,0,1,89415,1,12542,1,335067,1,133,1,14349,1,325240,0,4655,1,1109500,1,1096512,0,0,0,0,1,12988,1,998769,1,138713,1,11142,1,485025,1,12428,1,13799,1,82792,1,48598,1,2922,0,337,1,17943,0,0,1,82875,1,8185,1,42869,0,0,1,51143,1,110730,1,170015,1,110730,1,110730,0,0,1,59076,1,16,1,3085,0,0,0,500,0,55474,1,209,1,209,0,0,0,0,0,0,0,0,0,0,0,0,0,0
2013,5,61,9,0,68,0,1000556,0,312898,0,246803,1,19830,1,27046,0,0,0,0,0,62016,0,0,0,0,1,95900,0,332236,0,178585,0,0,0,0,1,25054,0,101770,1,10442,1,5689,0,1000556,0,77449,1,7938,0,320205,1,8953,1,86458,1,34156,0,465398,0,21715,0,80913,0,363229,1,460,0,1580138,0,1607906,1,316,1,518,0,-28602,0,1403892,1,307409,0,52492,0,438185,0,11402,1,9963,0,87650,0,43706,1,6073,0,8630,0,7967,0,0,0,69045,0,8151,0,12032,1,109,0,341078,0,176245,0,189400,0,175930,0,176626,1,697,0,13236,1,600,0,7153,0,0,1,4989,1,494,1,235,1,235,0,0,0,0,0,0,0,0,0,0,0,0,0,0
2013,5,61,8,0,358,0,2571125,0,631966,1,558095,1,24907,1,23372,0,0,0,0,1,258510,1,8670,0,0,1,240315,0,1059481,0,494158,0,0,0,0,0,0,1,18823,1,12674,1,303633,0,2571125,1,100013,1,76291,0,655579,1,17909,1,130933,1,362823,0,1227578,0,156940,1,184627,0,886011,0,0,0,6114111,0,6113297,1,622,1,3648,1,-3456,0,5771119,1,761999,1,350557,0,1735107,0,27102,1,23430,0,396077,0,193737,1,10127,1,618,0,99318,0,0,1,170541,1,28049,1,60608,0,0,0,1913850,0,342991,0,374584,0,342370,0,348206,1,5837,0,32215,1,3732,0,28886,0,0,1,-2377,1,1974,0,0,0,0,0,0,0,0,0,0,0,0,0,0,0,0,0,0
2013,5,61,7,0,934,0,1899388,0,497225,0,572935,1,131902,1,107567,0,0,0,0,0,174594,1,52300,0,0,1,91605,0,1121864,0,570105,0,0,0,0,0,74,1,67563,1,59336,1,-24997,0,1899388,0,58181,1,29444,0,550970,1,51566,1,317282,1,11664,0,880280,0,19322,0,52455,0,808513,1,10,0,3689338,0,3684068,0,0,1,708,1,4562,0,3302516,1,467369,0,217842,0,954040,0,73930,1,69983,0,433760,0,118053,1,18647,1,814,0,30691,0,0,0,63493,1,22970,0,33655,0,0,0,797268,0,386822,0,395371,0,386822,0,386822,0,0,0,796,1,378,0,379,0,0,1,8,1,31,1,7752,1,7752,0,0,0,0,0,0,0,0,0,0,0,0,0,0
2013,5,61,6,1,1312,1,820248,1,186395,1,134886,0,0,1,12400,0,0,0,0,1,55895,1,32785,1,22667,1,61102,1,840593,1,609379,1,4183,1,3953,1,58440,1,42013,1,32736,1,14956,1,820248,1,72699,1,53250,1,323239,1,42460,1,187388,1,10217,1,130995,1,6651,1,33827,1,90517,0,0,1,2801800,1,2799961,0,0,1,1637,1,201,1,2464123,1,510721,1,146775,1,817054,1,86263,1,138,1,305120,1,80466,1,20219,1,4547,1,18883,0,0,1,24939,1,7514,1,29758,0,0,1,411725,1,337676,1,338693,1,337676,1,337676,0,0,1,1016,0,0,1,1016,0,0,0,0,0,0,0,0,0,0,0,0,0,0,0,0,0,0,0,0,0,0,0,0
2013,5,61,5,1,1356,1,465238,1,184168,1,39341,0,0,1,8667,0,0,0,0,1,13308,1,762,0,0,1,89768,1,473938,1,350880,0,0,0,0,0,0,1,62335,1,56202,1,32,1,465238,1,21530,1,14542,1,123732,1,87213,1,68852,1,31990,1,117379,1,109331,1,128725,1,-120677,0,0,1,1711779,1,1710736,0,0,0,0,1,1043,1,1635857,1,199703,1,96762,1,671023,1,29753,0,0,1,139504,1,96003,1,7867,1,3661,1,17655,0,0,1,26627,1,1558,1,51460,0,0,1,294281,1,75922,1,80228,1,75922,1,75922,0,0,1,4307,0,0,1,4307,0,0,0,0,0,0,0,0,0,0,0,0,0,0,0,0,0,0,0,0,0,0,0,0
2013,5,61,4,1,2095,1,326928,1,158360,1,4235,0,0,1,3411,0,0,0,0,1,53749,1,47102,0,0,0,0,1,150407,1,125629,0,0,0,0,0,0,1,42060,1,6766,0,0,1,326928,1,21949,1,1733,1,35903,1,76019,1,9652,5,,1,181672,1,17250,1,4384,1,160038,0,0,1,1440217,1,1439679,0,0,1,43,1,495,1,1290554,1,458574,1,102494,1,150772,1,4101,0,0,1,200299,1,61004,1,303,1,5537,1,5201,0,0,1,21185,1,5577,1,1041,0,0,1,274463,1,149663,1,149728,1,149663,1,149663,0,0,1,65,0,0,1,65,0,0,0,0,0,0,0,0,0,0,0,0,0,0,0,0,0,0,0,0,0,0,0,0
2013,5,61,3,0,14025,0,378324,0,221909,1,6546,0,0,1,16126,0,0,0,0,1,1192,1,14119,0,0,0,0,0,404788,0,312715,0,0,0,0,0,0,1,26901,1,12812,1,12270,0,378324,1,11169,1,38035,0,58602,0,236297,1,27645,1,-5886,0,12462,0,52994,1,198511,0,-239044,0,0,0,2474543,0,2397441,0,0,0,0,1,77101,0,2068448,0,182095,0,291971,0,337975,0,43333,1,460,0,310367,0,64946,0,7305,1,1690,0,36225,0,0,0,55245,1,24709,1,1838,0,0,0,710286,0,406095,0,406112,0,406095,0,406095,0,0,1,17,0,0,1,17,0,0,0,0,0,0,0,0,0,0,0,0,0,0,0,0,0,0,0,0,0,0,0,0
2013,5,61,2,0,6737,0,0,0,0,0,0,0,0,0,0,0,0,0,0,0,0,0,0,0,0,0,0,0,0,0,0,0,0,0,0,0,0,0,0,0,0,0,0,0,0,0,0,0,0,0,0,0,0,0,0,0,0,0,0,0,0,0,0,0,0,0,0,0,465189,0,464966,0,0,1,151,0,71,0,373367,1,31990,1,20333,1,30004,0,5826,1,151,0,29287,0,8518,1,621,0,0,1,9775,0,0,0,15277,1,162,1,335,0,0,0,221086,0,91822,0,92024,0,91822,0,91822,0,0,1,202,0,0,1,202,0,0,0,0,0,0,0,0,0,0,0,0,0,0,0,0,0,0,0,0,0,0,0,0
2013,5,61,1,0,26921,0,10320875,0,2667874,0,2039950,0,222083,0,293945,0,0,0,0,0,748838,0,194700,1,22667,0,1195436,0,5957470,0,3347943,1,4183,1,3953,0,146764,0,476446,0,237452,0,384034,0,10320875,0,522058,0,352951,0,2566343,0,520417,0,1288750,0,513386,0,4556970,0,398575,0,870957,0,3414622,1,127184,0,23778162,0,23666162,1,1689,0,6725,0,103586,0,21446992,0,3665276,0,1321558,0,6282108,0,325357,0,135641,0,2066572,0,781639,0,89935,0,31991,0,315750,0,0,0,615206,0,123294,0,310392,1,170,0,5382103,0,2331170,0,2473465,0,2329481,0,2337746,1,8265,0,134377,0,7038,0,61784,0,3327,0,3408,0,58819,0,9758,1,11016,0,1259,0,-151,0,0,0,151,0,0,0,0,0,0
2013,5,62,12,0,26,0,5528223,0,684248,0,1641874,0,204775,0,24944,0,7383,0,1326,0,219065,0,3216,0,0,0,419002,0,3541879,0,1548849,0,0,0,0,0,278410,0,238411,0,44826,0,266915,0,5528223,0,510949,0,270427,0,548252,0,28216,0,2110295,0,1142373,0,917711,0,23512,0,219107,0,908347,0,233255,0,8469548,0,8257097,0,742,0,2154,0,209555,0,7776414,0,1020706,0,71126,0,2666170,0,71731,0,187688,0,233903,0,419831,0,103102,0,24537,0,205129,0,0,0,60318,0,23132,0,320857,0,805,0,2367377,0,693134,0,717608,0,692392,0,693190,0,798,0,12995,0,1427,0,5657,0,1,0,244,0,5666,0,12221,0,12221,0,0,4,,0,0,4,,0,0,0,0,0,0
2013,5,62,11,0,33,0,2286087,0,289970,0,501914,0,33765,0,6032,0,0,0,439,0,172940,0,59503,0,1095,0,289909,0,1372740,0,689378,0,0,0,0,0,77563,0,214078,0,39272,0,62321,0,2286087,0,260470,0,142000,0,255768,0,30582,0,768332,0,128420,0,700516,0,43817,0,192704,0,585939,0,121944,0,4006337,0,3958547,0,78,0,368,0,47345,0,3861768,0,904673,0,49275,0,1273734,0,29811,0,37499,0,162208,0,215522,0,44205,0,15941,0,64666,0,0,0,28742,0,18801,0,119085,0,3023,0,894584,0,144569,0,180274,0,144491,0,149958,0,5467,0,29823,0,8138,0,7554,0,5,0,7,0,14118,0,6267,0,8224,0,1957,0,-307,4,,0,307,0,0,0,0,0,0
2013,5,62,10,0,78,0,2590965,0,353008,0,629067,0,30273,0,14479,0,0,1,26056,0,281714,0,32501,1,888,0,309373,0,1536962,0,790901,0,0,0,0,0,51826,0,128435,0,20229,0,68057,0,2590965,0,256860,0,171028,0,389630,1,49828,0,735168,0,274865,0,713586,0,103972,0,235243,0,418819,1,44448,0,4994173,0,4892818,1,688,1,23167,0,77501,0,4662757,0,709319,0,71947,0,2017434,0,41339,0,32644,0,240244,0,265815,0,38731,0,5665,0,78345,0,0,0,19367,0,29210,0,187274,1,4,0,925420,0,331416,0,346672,0,330728,0,332532,1,1803,0,10204,0,674,0,9483,1,5,1,-873,1,915,1,5740,1,6139,1,398,5,,0,0,5,,0,1,0,1,0,0
2013,5,62,9,0,236,0,3533991,0,552961,0,806330,0,83284,0,43170,0,0,0,0,0,297575,0,51214,1,9303,0,627160,0,2188326,0,1334995,0,0,0,0,0,31143,0,291938,0,76549,0,129698,0,3533991,0,332519,0,279064,0,411015,0,68949,0,999061,0,197775,0,1245609,0,38893,0,172058,0,1098179,0,63520,0,7458648,0,7319336,1,411,1,1528,0,137373,0,6768754,0,1416055,0,258773,0,2130511,0,63708,0,8285,0,289158,0,315698,0,50624,0,17952,0,110838,0,0,0,83090,0,43674,0,247753,1,313,0,1732321,0,689894,0,703627,0,689483,0,689483,0,0,0,8177,1,3866,0,4258,0,0,1,-68,1,122,0,5265,1,7339,1,2074,1,702,1,702,0,0,0,0,0,0,0,0
2013,5,62,8,0,671,0,4920758,0,898134,0,985038,0,39571,1,62571,0,0,0,0,0,644321,0,144720,0,0,0,406744,0,2910111,0,1598531,0,0,0,0,0,107421,0,377287,0,45917,0,68431,0,4920758,0,236239,0,484386,0,891064,1,167226,0,1161814,0,500619,0,1479411,0,76632,0,330464,0,1112033,1,39718,0,11160217,0,10708241,1,5,1,2201,0,449770,0,10298887,0,2120607,0,311227,0,3379751,0,89152,0,186733,0,547337,0,499699,0,60096,0,11524,0,159896,0,0,0,59731,0,137964,0,273780,1,76,0,2461314,0,861331,0,1139481,0,861325,0,887637,0,26312,0,264272,1,168,0,7395,0,0,1,279,1,256430,1,13883,1,14314,1,431,0,0,0,0,0,0,0,0,0,0,0,0
2013,5,62,7,0,6910,0,12333450,0,3079020,0,1233010,1,82080,0,74265,0,0,0,0,0,1130970,0,310865,0,0,0,984142,0,9934704,0,6024569,0,0,0,0,0,488659,0,1168763,0,374930,0,410631,0,12333450,0,535305,0,924447,0,1162771,0,482915,0,3903063,0,543950,0,4781000,0,349445,0,417860,0,4203934,0,190239,0,37486248,0,37031041,1,123,0,28266,0,426817,0,32762507,0,3349030,0,3549789,0,9763727,0,343023,0,44957,0,1591841,0,1246341,0,244098,0,64454,0,301621,0,0,0,280863,0,408271,0,602030,1,834,0,10971626,0,4723741,0,4742030,0,4723618,0,4723618,0,0,0,20219,0,850,0,18056,1,3,1,189,1,1121,1,-4469,1,5104,1,9572,1,2662,1,2662,0,0,0,0,0,0,0,0
2013,5,62,6,0,15620,0,10298521,0,2590914,0,742445,0,0,0,95367,0,0,0,0,0,605150,0,1070993,1,75673,0,348153,0,9569439,0,6508160,0,0,0,0,0,277088,0,2361590,0,1094307,0,164177,0,10298521,0,162121,0,486038,0,807902,0,311669,0,3780312,0,85385,0,4665093,0,176213,0,750563,0,3838869,0,100552,0,35667239,0,34925590,0,0,1,13130,0,728520,0,30677789,0,3734879,0,4327080,0,8761091,0,243465,0,12527,0,2110304,0,1100495,0,259573,0,145208,0,391116,0,0,0,332096,0,623570,0,375256,1,932,0,8260198,0,4989450,0,5082836,0,4989450,0,5014467,1,25018,0,82600,1,27,0,7598,0,0,1,-13,1,74988,1,5105,1,5105,0,0,1,5681,1,5681,0,0,0,0,0,0,0,0
2013,5,62,5,0,30600,0,10724459,0,3434288,0,582971,1,733,0,123533,0,0,0,0,0,554040,0,1250956,1,26901,0,647605,0,11224173,0,8599998,0,0,0,0,1,61754,0,2409736,0,1161134,0,170368,0,10724459,0,288428,0,527838,0,1203008,0,714643,0,3474388,0,165983,0,4350170,0,312604,0,654415,0,3401276,1,18125,0,41994030,0,40739572,1,575,1,7186,0,1246697,0,35269121,0,2150067,0,6151101,0,11139347,0,315317,1,22743,0,2075854,0,1703292,0,256670,0,147113,0,431371,0,0,0,523560,0,1129790,0,605763,1,87,0,8617045,0,6724909,0,6816176,0,6724334,0,6740528,1,16194,0,85273,1,4095,0,11295,0,0,1,705,1,69177,1,3123,1,3123,0,0,1,3445,1,3445,0,0,0,0,0,0,0,0
2013,5,62,4,0,54200,0,8573281,0,3691210,0,233295,1,7775,0,96252,0,0,0,0,0,270522,0,939719,0,0,0,119718,0,12260996,0,9814303,0,0,0,0,1,67808,0,1691259,0,1077454,0,102035,0,8573281,0,150607,0,539109,0,1385174,0,746445,0,2101759,0,139384,0,3510804,0,309257,0,951931,0,2459106,1,209490,0,53681805,0,52005664,0,0,1,28422,0,1647719,0,45270618,0,4422811,0,9763746,0,10654789,0,445338,1,4810,0,3061735,0,1855941,0,241297,0,91869,0,359879,0,0,0,446645,0,1042691,0,657706,1,1089,0,12220272,0,8411187,0,8462916,0,8411187,0,8421321,1,10134,0,52873,1,33011,0,1616,0,0,0,0,1,18247,1,-2379,1,396,1,2775,1,1234,1,1234,0,0,1,1034,1,1034,0,0
2013,5,62,3,0,136423,0,4659172,0,2221358,0,123059,1,169,0,53669,0,0,0,0,0,96937,0,567195,1,1606,0,200320,0,10192115,0,8966799,1,6550,1,2701,1,9149,0,814046,0,689685,0,32521,0,4659172,0,274379,0,343788,0,996047,0,664244,0,934313,0,1702105,0,-255704,0,279323,0,917145,0,-1409652,1,42520,0,57495356,0,54256263,1,19,1,69898,0,3169176,0,48259872,0,2239355,0,11406536,0,11337980,0,527059,0,9926,0,3624156,0,2075752,0,159223,0,30105,0,255167,0,0,0,557486,0,829063,0,626723,1,1770,0,14579572,0,9235485,0,9258451,0,9235466,0,9236999,1,1533,0,21481,1,190,0,4223,0,0,1,-34,1,17102,1,1505,1,1576,1,71,0,0,0,0,0,0,0,0,0,0,0,0
2013,5,62,2,0,29117,0,0,0,0,0,0,0,0,0,0,0,0,0,0,0,0,0,0,0,0,0,0,0,0,0,0,0,0,0,0,0,0,0,0,0,0,0,0,0,0,0,0,0,0,0,0,0,0,0,0,0,0,0,0,0,0,0,0,0,0,0,0,0,4188680,0,3941159,0,0,1,13502,0,234019,0,2957892,0,202817,0,456579,0,599030,0,15887,1,10819,0,296030,0,112123,0,12294,1,302,0,47077,0,0,0,25588,1,22558,0,21769,0,22,0,1134998,0,1230788,0,1753468,0,1230788,0,1246507,1,15719,1,522514,0,0,1,92,0,0,1,807,1,521616,1,167,1,167,0,0,0,0,0,0,0,0,0,0,0,0,0,0
2013,5,62,1,0,273916,0,65448907,0,17795112,0,7479004,0,482425,0,594282,0,7383,1,27820,0,4273234,0,4430882,1,115466,0,4352126,0,64731444,0,45876485,1,6550,1,2701,0,1450821,0,9695543,0,4624302,0,1475153,0,65448907,0,3007876,0,4168124,0,8050631,0,3264716,0,19968505,0,4880859,0,22108196,0,1713667,0,4841488,0,16616852,0,1063811,0,266602282,0,258035327,0,2641,0,189821,0,8374492,0,228566379,0,22270321,0,36417179,0,63723563,0,2185828,0,558631,0,14232770,0,9810510,0,1469912,0,554671,0,2405105,0,0,0,2417486,0,4308725,0,4037997,0,8955,0,64164725,0,38035903,0,39203538,0,38033262,0,38136240,0,102978,0,1110432,0,52447,0,77226,1,14,0,1243,0,979502,0,46427,0,63706,0,17279,0,13417,0,13724,1,307,1,1035,1,1035,0,0
2013,5,71,12,0,26,0,7395901,0,1248362,0,466033,0,6987,0,62378,0,0,0,0,0,280525,0,278888,0,14920,0,1112135,0,4001108,0,1953627,0,0,0,0,0,94306,0,1494293,0,241504,0,545072,0,7395901,0,154812,0,284646,0,1058402,0,31012,0,2665480,0,637939,0,2563611,0,78177,0,2382545,0,295689,0,192800,0,5364689,0,4427761,0,317,0,16989,0,919622,0,4916058,0,792201,0,95812,0,1785835,0,37715,0,6983,0,201281,0,203580,0,163935,0,194149,0,155388,0,0,0,152215,0,132453,0,152772,0,421,0,841318,0,448631,0,1151346,0,448315,0,577212,0,128897,0,659459,0,5378,0,21124,0,134888,0,553,0,497516,0,43474,0,43502,0,28,0,98,0,98,0,0,0,373,0,373,0,0
2013,5,71,11,0,21,0,1387134,0,335353,0,129611,0,490,0,24321,0,0,0,2001,0,38365,0,11809,0,352,0,230011,0,1207858,0,774924,0,0,0,0,0,74066,0,55373,0,23202,0,76631,0,1387134,0,70531,0,27818,0,120931,0,28981,0,352008,0,519798,0,267069,0,27994,0,166292,0,86457,0,13674,0,1476979,0,1292702,0,40,0,596,0,183640,0,1295245,0,327050,0,23933,0,358370,0,16824,0,499,0,55129,0,80943,0,24770,0,4574,0,51546,0,0,0,33818,0,7490,0,21642,0,320,0,288339,0,181734,0,204513,0,181694,0,181694,0,0,0,13464,0,965,0,5605,0,6414,0,-213,0,693,0,8183,0,8190,0,7,0,1172,0,1184,0,12,0,0,0,0,0,0
2013,5,71,10,0,36,0,1241088,0,181778,1,95900,1,394,1,15936,0,0,1,9436,0,89097,1,87589,0,0,0,333352,0,903640,0,590983,0,0,0,0,1,25636,1,80535,1,51392,1,60959,0,1241088,1,137223,1,109811,0,62873,1,12296,1,329239,1,87787,0,501859,0,2029,1,251418,0,248494,1,82,0,771066,0,726545,1,627,1,165,0,43729,0,638889,1,75846,1,32796,0,233901,0,9364,1,1556,1,12023,0,32672,0,13062,1,5587,0,31337,0,0,1,10661,1,1156,1,17867,0,33,0,161028,0,132177,0,310849,0,131551,0,151585,1,20034,0,175268,1,3122,0,5005,1,86,1,-680,1,167736,1,3953,1,3953,0,0,1,77,1,94,1,16,0,0,0,0,0,0
2013,5,71,9,0,145,0,2390415,0,573562,0,165823,1,439,0,74138,0,0,0,0,0,81858,1,65307,0,0,0,465290,0,1999214,0,1278632,0,7054,0,6092,0,213395,0,11109,0,3538,0,22367,0,2390415,0,57017,0,95041,0,343614,0,101725,0,330778,0,149650,0,1312592,0,98456,0,703793,0,513052,1,2709,0,2748317,0,2589210,1,269,1,1290,0,157549,0,2275895,0,691049,0,207914,0,461317,0,34738,0,7334,0,74197,0,108398,0,24694,1,508,0,76747,0,0,0,50801,0,8004,0,43535,1,87,0,486573,0,472421,0,481992,0,472153,0,472153,0,0,0,10255,0,2130,0,5310,1,340,0,75,0,2400,1,-411,1,2036,1,2448,1,-5,0,0,1,5,0,0,0,0,0,0
2013,5,71,8,0,221,0,1451103,0,374706,0,64070,0,1,1,18393,0,0,0,0,0,49344,1,71726,0,0,0,294747,0,2056642,0,1518594,0,0,0,0,1,30325,1,23616,1,14598,1,728,0,1451103,0,43891,1,233567,0,104572,1,70199,1,461746,1,16423,0,520703,0,66960,1,64081,0,389681,1,19,0,2664189,0,2565576,1,4083,0,816,0,93715,0,2285621,1,905950,0,195185,0,353379,0,61932,1,131,0,89574,0,66961,0,21101,1,1716,0,83462,0,0,0,59927,0,15789,0,19973,0,0,0,410541,0,378568,0,396107,0,374485,0,387335,1,12849,0,3437,1,116,0,621,1,1783,0,38,1,879,1,18185,1,19019,0,834,0,0,0,0,0,0,0,0,0,0,0,0
2013,5,71,7,0,2365,0,4701788,0,1403522,0,55494,0,0,0,123997,0,0,0,0,0,246072,1,554548,1,55532,0,165135,0,3858877,0,2161648,0,0,0,0,0,404541,0,104859,0,31925,0,-77215,0,4701788,0,180842,1,193321,0,459820,1,544360,0,1388484,1,164943,0,1770016,0,352731,0,339800,0,1078011,0,525,0,8933574,0,8583629,0,2,1,27522,0,322422,0,7222382,0,1656747,0,1486408,0,1247078,0,73155,1,5694,0,295505,0,297843,0,94642,0,6115,0,110582,0,0,0,65168,0,23459,0,35543,0,0,0,1824444,0,1711192,0,1922071,0,1711190,0,1711622,1,432,0,188636,1,206,0,9056,1,6,0,0,1,179368,1,5668,1,5668,0,0,1,16577,1,16577,0,0,0,0,0,0,0,0
2013,5,71,6,0,2566,0,1759674,0,477970,1,7716,0,0,1,41928,0,0,0,0,0,101060,1,185651,0,0,1,148860,0,2423467,0,1873954,0,0,0,0,1,237683,1,4561,1,2279,1,7011,0,1759674,1,92174,1,57127,0,72600,1,161228,1,366052,1,-40,0,1010533,0,32251,1,559975,0,418307,0,0,0,7648067,0,7605472,1,9,1,11247,0,31339,0,6950707,1,1263334,0,1653581,0,1021176,0,91093,1,43,0,299504,0,224454,0,37421,1,198,0,44974,0,0,0,76207,0,22826,0,55753,1,1906,0,2158236,0,697360,0,697726,0,697351,0,697351,0,0,0,208,1,63,1,124,0,20,0,0,0,0,1,167,1,167,0,0,0,0,0,0,0,0,0,0,0,0,0,0
2013,5,71,5,0,2823,0,1139890,0,783447,1,32477,0,0,1,1130,0,0,0,0,0,38637,1,8557,0,0,1,12674,0,675582,0,472260,0,0,0,0,1,46898,1,6249,1,4015,1,10514,0,1139890,1,243,1,14329,0,229797,1,208081,1,21748,1,9252,0,656438,0,10842,1,21422,0,624175,0,0,0,5008761,0,4999594,5,,0,0,0,9167,0,4340375,1,330590,0,1132422,0,641431,0,52236,0,0,0,161145,0,123219,1,1940,1,390,0,24985,0,0,1,17605,1,50965,0,39807,1,652,0,1762987,0,668386,0,704955,0,668386,0,686020,1,17635,0,34993,1,7812,1,58,0,0,5,,1,27123,1,1575,1,1575,0,0,0,0,0,0,0,0,0,0,0,0,0,0
2013,5,71,4,0,9187,0,1286361,0,610655,1,21921,0,0,1,23801,0,0,0,0,1,50385,1,153961,0,0,1,66350,0,1911871,0,1655102,1,105,1,12,1,57243,1,57715,1,23289,1,10757,0,1286361,1,49884,1,73671,0,150082,1,501338,1,148042,1,13794,0,349550,0,32310,1,244889,0,84129,1,11777,0,6386295,0,6344451,0,0,1,6063,1,35781,0,5687867,1,1581445,0,866117,0,967872,0,69301,1,924,0,384714,0,163275,0,8719,1,3455,0,64335,0,0,0,41926,1,126032,1,23397,0,0,0,1386354,0,698428,0,736163,0,698428,0,720773,1,22345,0,37735,1,49,0,309,0,0,0,0,1,37377,0,0,0,0,0,0,0,0,0,0,0,0,0,0,0,0,0,0
2013,5,71,3,0,31455,0,751739,0,430550,1,15,0,0,1,14636,0,0,0,0,1,7840,1,55348,0,0,1,26040,0,1411476,0,1205656,1,3195,1,2031,0,0,0,24637,0,14841,1,530,0,751739,1,6604,1,30033,0,195312,0,84392,0,135812,1,47511,0,252074,0,51512,0,411427,0,-210865,0,0,0,10671601,0,10626281,0,0,1,5974,0,39347,0,9778437,0,2120545,0,2787027,0,536090,0,116462,1,352,0,273527,0,174230,0,12891,1,1693,0,54522,0,0,0,84658,0,148272,0,48279,1,1522,0,3418368,0,893165,0,939668,0,893165,0,899143,1,5979,0,46672,1,15,0,270,1,46387,0,0,0,0,1,-169,0,0,1,169,0,0,0,0,0,0,0,0,0,0,0,0
2013,5,71,2,0,6721,0,0,0,0,0,0,0,0,0,0,0,0,0,0,0,0,0,0,0,0,0,0,0,0,0,0,0,0,0,0,0,0,0,0,0,0,0,0,0,0,0,0,0,0,0,0,0,0,0,0,0,0,0,0,0,0,0,0,0,0,0,0,0,1053049,0,1007308,1,1404,1,6650,1,37687,0,845041,1,95386,1,148387,1,58456,0,12998,1,155,1,41090,0,16188,1,806,1,15,1,14855,0,0,0,25461,1,8611,1,2361,0,0,0,420270,0,208009,0,222105,0,206604,0,206604,0,0,1,14475,1,3802,1,3284,1,1124,1,662,1,5603,0,1026,0,1189,0,163,0,0,0,0,0,0,0,0,0,0,0,0
2013,5,71,1,0,55565,0,23505093,0,6419905,0,1039058,0,8310,0,400657,0,0,1,11437,0,983183,0,1473384,1,70804,0,2854593,0,20449735,0,13485379,1,10354,1,8136,0,1184094,0,1862946,0,410584,0,657353,0,23505093,0,793222,0,1119364,0,2798004,0,1743612,0,6199390,0,1647056,0,9204445,0,753261,0,5145642,0,3527129,0,221587,0,52726588,0,50768529,0,6750,0,77312,0,1873997,0,46236516,0,9840142,0,8629580,0,7664906,0,575818,0,23669,0,1887690,0,1491763,0,403980,0,218401,0,712733,0,0,0,618447,0,545057,0,460931,0,4941,0,13158458,0,6490072,0,7767494,0,6483321,0,6691493,0,208171,0,1184603,0,23659,0,50767,0,191048,0,433,0,918696,0,81651,0,85299,0,3648,0,17919,0,17952,1,33,0,373,0,373,0,0
2013,5,72,12,0,28,0,14434146,0,903164,0,3398618,0,2830,0,252910,0,0,0,0,0,563146,0,196374,0,855,0,3517764,0,7998887,0,3726946,0,3933,0,0,0,984240,0,330601,0,127152,0,140581,0,14434146,0,272220,0,778013,0,1252854,0,355274,0,4803415,0,477499,0,6494870,0,50895,0,1149655,0,5534745,0,240425,0,9194563,0,9006517,0,489,0,7295,0,180261,0,8366629,0,4057791,0,39448,0,1702179,0,113959,0,2499,0,194864,0,280544,0,174732,0,15416,0,426820,0,0,0,184375,0,31663,0,112543,0,3031,0,1026764,0,827934,0,1118637,0,827445,0,834936,0,7491,0,264570,0,9948,0,27539,0,174224,0,4641,0,48218,0,24990,0,28137,0,3147,0,1632,0,1804,0,172,0,0,0,0,0,0
2013,5,72,11,0,47,0,3305640,0,467651,0,213025,0,6694,0,59570,0,1344,0,0,0,232753,0,18244,0,1210,0,231232,0,3233223,0,1736065,0,0,0,0,0,354848,0,258292,0,102631,0,79638,0,3305640,0,162535,0,127393,0,311542,0,76817,0,1444810,0,186534,0,996010,0,20411,0,211602,0,790526,0,26528,0,5024845,0,4950364,0,318,0,5572,0,68591,0,4698343,0,1507419,0,46440,0,593286,0,75712,0,2282,0,147271,0,155940,0,69977,0,13080,0,162774,0,0,0,129476,0,4042,0,42618,0,294,0,1747733,0,326502,0,343599,0,326184,0,328353,0,2169,0,10052,0,3029,0,5695,0,5,0,349,0,975,0,8590,0,8756,0,166,0,-1228,0,452,0,1680,0,6,0,6,0,0
2013,5,72,10,0,111,0,3664936,0,418455,0,258085,1,883,0,56263,0,0,1,4082,0,173999,1,21541,1,328,0,234835,0,3631361,0,2013729,0,0,0,0,0,464539,0,393692,0,105620,0,127988,0,3664936,0,222672,0,349085,0,270602,1,154931,0,1549132,0,112839,0,1005676,0,716222,0,325327,0,23459,1,59333,0,5077560,0,4993907,1,25,0,7881,0,75747,0,4692509,0,1798396,0,53160,0,987462,0,116516,0,1371,0,201478,0,239108,0,89922,0,17176,0,179342,0,0,0,153817,0,15059,0,48778,1,483,0,790442,0,385051,0,400469,0,385026,0,385026,0,0,0,11066,1,1406,0,10653,1,182,1,-717,1,-459,0,6110,0,6886,1,775,1,-1733,1,16,1,1749,0,0,0,0,0,0
2013,5,72,9,0,545,0,8326834,0,977945,0,381646,1,903,0,126528,0,0,1,9499,0,313496,0,78575,1,19893,0,807963,0,7413213,0,3777646,0,0,0,0,0,815819,0,1432133,0,484259,0,212932,0,8326834,0,355757,0,483482,0,465700,0,268050,0,3898769,0,202280,0,2652795,0,200694,0,1410520,0,1244264,0,202683,0,12387570,0,12144999,0,1529,0,2202,0,238841,0,11588160,0,4868314,0,129026,0,2293124,0,217860,0,2305,0,642037,0,531408,0,205058,0,88286,0,359682,0,0,0,365707,0,17849,0,97323,1,1056,0,1769127,0,799410,0,890722,0,797881,0,803850,1,5969,0,65689,0,3407,0,13630,1,39093,0,2319,0,7241,0,26697,0,31006,1,4309,1,454,1,481,1,27,0,0,0,0,0,0
2013,5,72,8,0,1526,0,10305105,0,998708,0,175471,1,7355,0,198440,0,0,1,12519,0,397941,0,286222,0,0,0,761382,0,11339011,0,6030965,0,0,0,0,0,819285,0,1351062,0,695763,0,699148,0,10305105,0,340191,0,467964,0,597019,0,569140,0,6019323,0,526809,0,1784659,0,519339,0,847683,0,742089,0,324452,0,14300162,0,14063364,0,0,0,15966,0,220833,0,13378334,0,4566346,0,160252,0,3081402,0,316718,0,1541,0,892888,0,588505,0,293799,0,88647,0,412033,0,0,0,502489,0,5182,0,117417,1,13367,0,2337749,0,921828,0,961795,0,921828,0,925229,1,3401,0,37956,0,5682,0,26333,1,53,1,2310,0,3579,1,2011,1,3746,1,1735,0,0,0,0,0,0,0,0,0,0,0,0
2013,5,72,7,0,11950,0,24872397,0,3365811,0,1086557,1,1532,0,376615,0,0,1,5673,0,1471410,0,797375,1,392297,0,800185,0,25271649,0,13792221,0,0,0,0,0,2321427,0,3859874,0,1860318,0,777597,0,24872397,0,817851,0,1315693,0,1499404,0,1598588,0,11793080,0,819688,0,7028094,0,819127,0,2533167,0,4542183,0,866383,0,43723962,0,43378307,1,1199,0,28315,0,316141,0,40433785,0,17047909,0,820088,0,7440066,0,848858,0,9356,0,2631167,0,1770133,0,645059,0,168093,0,969092,0,0,0,1155623,0,27526,0,362330,0,0,0,6538485,0,3290177,0,3438462,0,3288978,0,3299285,1,10308,0,108587,0,3965,0,50545,1,23,1,1018,0,53036,0,40409,0,47888,1,7480,1,489,1,489,0,0,0,0,0,0,0,0
2013,5,72,6,0,10145,0,7290970,0,1448667,0,42242,0,0,0,238714,0,0,0,0,0,255398,0,344212,0,0,0,292040,0,9096997,0,5867464,0,0,0,0,0,540531,0,1318236,0,647147,0,228544,0,7290970,0,388821,0,459648,0,670108,0,1158110,0,2808969,1,165500,0,1639814,0,261936,0,720524,0,1004045,1,346691,0,20479876,0,20272736,1,1909,1,64523,0,140708,0,19103991,0,7164331,0,616599,0,4210903,0,367554,1,29961,0,1404806,0,850725,0,164368,0,87106,0,324371,0,0,0,561177,1,8337,0,121588,1,1991,0,3190175,0,1375885,0,1487352,0,1373976,0,1384340,1,10364,0,113376,1,2466,0,4101,0,0,1,-1184,1,107993,0,0,0,0,0,0,0,0,0,0,0,0,0,2,0,2,0,0
2013,5,72,5,0,21413,0,7522832,0,1279672,0,355013,0,0,0,318043,0,0,0,0,0,516388,0,403614,1,97834,1,98096,0,7693905,0,4616559,0,0,0,0,0,277238,0,1353329,0,434302,0,180561,0,7522832,0,390278,0,188601,0,559000,0,1458490,0,2023958,1,91374,0,2811133,0,743322,0,811526,0,1523003,1,266718,0,24144510,0,23996401,0,0,1,1128,0,146981,0,22515119,0,9691946,0,795036,0,4033825,0,375105,1,11818,0,1891326,0,1106702,0,124839,0,81426,0,295584,0,0,0,420047,1,8937,0,127901,0,0,0,3550625,0,1629391,0,1677566,0,1629391,0,1634618,1,5227,0,15902,1,839,0,15063,0,0,0,0,0,0,1,29952,1,29952,0,0,1,2321,1,2321,0,0,0,0,0,0,0,0
2013,5,72,4,0,33782,0,5431611,0,1047299,0,128780,0,0,0,288693,0,0,0,0,0,362224,0,392215,1,3650,1,151054,0,7442559,0,5208836,0,0,0,0,1,72171,0,1533234,0,871828,0,90396,0,5431611,0,337026,0,360313,0,554268,0,1474017,0,1390491,1,58478,0,1257018,0,580179,0,511464,0,381307,1,215933,0,30966036,0,30695481,0,0,1,19171,0,251384,0,28935690,0,13086415,0,1349414,0,5283866,0,427025,1,778,0,2501019,0,1346842,0,126486,0,87306,0,394567,0,0,0,363863,1,13439,0,154566,0,0,0,3800104,0,2030346,0,2057276,0,2030346,0,2042889,1,12542,0,21372,1,58,0,21315,0,0,0,0,0,0,1,5558,1,5558,0,0,0,0,0,0,0,0,0,0,0,0,0,0
2013,5,72,3,0,51523,0,2051994,0,591250,1,12256,0,0,0,182502,0,0,0,0,0,44516,0,122359,0,0,1,12883,0,4201255,0,3352739,0,0,0,0,1,7662,0,452691,0,289519,0,66877,0,2051994,0,191938,0,51260,0,209161,0,653617,0,401632,0,102438,0,441948,0,431653,0,325604,0,-312835,1,2474,0,22653846,0,22390073,0,0,1,52476,0,211297,0,21066424,0,9324041,0,1336359,0,3260054,0,307290,1,790,0,1741638,0,1163242,0,69553,0,24322,0,158820,0,0,0,319474,1,5070,0,46525,0,0,0,3309245,0,1587423,0,1595096,0,1587423,0,1587423,0,0,0,3095,0,0,1,184,0,0,0,0,1,2911,1,4578,1,4578,0,0,0,0,0,0,0,0,0,0,0,0,0,0
2013,5,72,2,0,16582,0,0,0,0,0,0,0,0,0,0,0,0,0,0,0,0,0,0,0,0,0,0,0,0,0,0,0,0,0,0,0,0,0,0,0,0,0,0,0,0,0,0,0,0,0,0,0,0,0,0,0,0,0,0,0,0,0,0,0,0,0,0,0,3372136,0,3011636,1,19,1,202209,0,158272,0,2784106,0,1152615,0,90460,0,327839,0,49900,1,215,0,323268,0,162108,0,40144,0,10699,0,79781,0,0,0,42543,1,373,1,6452,0,0,0,497709,0,588031,0,736672,0,588012,0,596700,1,8689,1,149422,1,33080,1,32133,1,3,1,7338,1,76869,0,146,0,146,0,0,1,-907,1,4,0,912,0,0,0,0,0,0
2013,5,72,1,0,147652,0,87206465,0,11498622,0,6051694,0,20198,0,2098279,0,1344,1,31773,0,4331270,0,2660731,0,516068,0,6907434,0,87322060,0,50123170,0,3933,0,0,0,6657760,0,12283144,0,5618540,0,2604261,0,87206465,0,3479289,0,4581451,0,6389657,0,7767033,0,36133579,0,2743438,0,26112017,0,4343779,0,8847072,0,15472786,0,2551621,0,191325067,0,188903786,0,5489,0,406739,0,2009054,0,177563088,0,74265524,0,5436281,0,33214004,0,3216497,0,62915,0,12571763,0,8195256,0,2003936,0,681557,0,3762867,0,0,0,4198590,0,137476,0,1238042,0,20222,0,28558158,0,13761979,0,14707646,0,13756490,0,13822649,0,66159,0,801089,0,63880,0,207190,0,213584,0,16073,0,300363,0,149040,0,166652,0,17612,0,1027,0,5567,1,4540,0,7,0,7,0,0
2013,5,81,12,3,,3,,3,,3,,3,,3,,3,,3,,3,,3,,3,,3,,3,,3,,3,,3,,3,,3,,3,,3,,3,,3,,3,,3,,3,,3,,3,,3,,3,,3,,3,,3,,3,,3,,3,,3,,3,,3,,3,,3,,3,,3,,3,,3,,3,,3,,3,,3,,3,,3,,3,,3,,3,,3,,3,,3,,3,,3,,3,,3,,3,,3,,3,,3,,3,,3,,3,,3,,3,,3,,3,,3,,3,,3,
2013,5,81,11,3,,3,,3,,3,,3,,3,,3,,3,,3,,3,,3,,3,,3,,3,,3,,3,,3,,3,,3,,3,,3,,3,,3,,3,,3,,3,,3,,3,,3,,3,,3,,3,,3,,3,,3,,3,,3,,3,,3,,3,,3,,3,,3,,3,,3,,3,,3,,3,,3,,3,,3,,3,,3,,3,,3,,3,,3,,3,,3,,3,,3,,3,,3,,3,,3,,3,,3,,3,,3,,3,,3,,3,,3,,3,
2013,5,81,10,0,35,0,1233239,0,172972,0,180005,1,5557,1,57643,0,0,0,0,0,243314,1,12622,0,0,1,76751,0,857531,0,479695,0,0,0,0,1,48399,1,74323,1,25332,0,20262,0,1233239,0,91148,0,277419,0,101106,1,27854,0,202658,1,20893,0,512163,0,1238,1,21534,0,501296,1,11906,0,2692482,0,2662113,1,61,1,4427,0,25881,0,2545235,0,1302200,0,39933,0,377821,0,21424,0,3100,0,253699,0,87539,0,15338,0,4455,0,71629,0,0,0,13830,1,7002,0,73063,0,0,0,274201,0,147247,0,150900,0,147186,0,147186,0,0,0,2164,1,749,1,1354,0,0,1,2,1,60,1,1123,1,1132,1,9,1,427,1,427,0,0,0,411,0,411,0,0
2013,5,81,9,0,125,0,1886718,0,190024,0,361237,1,1355,0,177694,0,0,1,20267,0,128477,1,4215,1,1852,0,275824,0,1163030,0,736631,0,0,0,0,1,92497,0,32153,0,20171,0,197604,0,1886718,0,241729,0,221530,0,139821,1,28870,0,285279,0,223297,0,746192,0,7032,0,84441,0,685450,1,30730,0,4289725,0,4193540,1,1135,0,2886,0,92163,0,3999919,0,2395958,0,82563,0,436445,0,32007,0,5040,0,273791,0,103972,0,16325,0,2130,0,108761,0,0,0,36540,0,12756,0,56559,1,75,0,436996,0,289806,0,296337,0,288671,0,290482,1,1810,0,8602,1,712,0,7779,1,5,1,337,1,-232,1,-937,1,564,1,1501,1,1,1,1,0,0,0,0,0,0,0,0
2013,5,81,8,0,357,0,2691021,0,716801,0,371112,1,6307,0,303073,0,0,0,0,0,202542,1,107363,0,0,1,107746,0,2820402,0,2263556,0,0,0,0,1,30804,0,165426,1,85437,1,221051,0,2691021,0,282000,1,269172,0,203304,1,35743,0,406447,1,63851,0,1430505,0,57955,0,261591,0,1256954,1,145995,0,5845845,0,5423560,1,57,1,2248,0,419981,0,5356703,0,2566337,0,95206,0,1056011,0,94754,1,9654,0,342166,0,297585,0,21655,1,5017,0,169622,0,0,0,86805,0,18159,0,65199,0,0,0,528535,0,489142,0,501091,0,489086,0,489086,0,0,0,12005,1,4699,0,2426,0,0,1,132,1,4748,0,0,0,0,0,0,0,0,0,0,0,0,0,0,0,0,0,0
2013,5,81,7,0,5027,0,8521591,0,1585904,0,1241981,1,16203,0,653169,0,0,0,0,0,630555,0,305629,0,0,0,260739,0,6332523,0,4260924,0,0,0,0,0,947945,0,1222948,0,578721,0,196047,0,8521591,0,609482,0,465293,0,444734,0,1365076,0,2721988,1,320001,0,2595016,0,713279,0,459318,0,1482472,1,60053,0,20711699,0,20547823,1,150,0,38448,0,125278,0,19282553,0,11292533,0,735322,0,2264489,0,146364,0,67494,0,545112,0,626757,0,197362,0,83157,0,292136,0,0,0,186490,0,30691,0,403238,1,32783,0,2378625,0,1429147,0,1593992,0,1428997,0,1447579,1,18582,0,142304,1,1100,0,10755,4,,1,3002,1,127448,1,22691,1,22992,1,302,0,0,0,0,0,0,1,5188,1,5188,0,0
2013,5,81,6,0,7470,0,4907105,0,765963,0,579286,0,0,0,432035,0,0,0,0,0,190599,1,97908,0,0,0,144022,0,5014647,0,3237358,0,0,0,0,0,397394,0,786452,0,325290,0,61446,0,4907105,0,328010,0,182556,0,253984,0,270792,0,2024056,1,85630,0,1762076,0,234420,0,386401,0,1344326,1,203071,0,11980139,0,11874157,1,150,1,71668,0,34164,0,10902218,0,4953495,0,583194,0,2111376,0,167343,0,29294,0,612031,0,431044,0,112626,0,62856,0,170351,0,0,0,171674,0,35898,0,93441,1,5584,0,1362010,0,1077921,0,1473312,0,1077771,0,1116415,1,38645,0,350162,1,1595,0,5649,0,0,0,0,1,342918,1,45379,1,45379,0,0,0,0,0,0,0,0,0,0,0,0,0,0
2013,5,81,5,0,9775,0,3430017,0,896259,0,1285215,1,887313,0,229297,0,0,0,0,0,25175,0,245451,0,0,1,124829,0,3453558,0,2451123,0,0,0,0,1,172012,0,461560,0,227653,1,102751,0,3430017,0,268538,0,200624,0,312745,0,422254,0,1219985,1,124859,0,881011,0,267667,0,539189,0,74155,0,0,0,11756761,0,11617833,0,0,1,9391,0,129537,0,10595368,0,4580857,0,700840,0,1773638,0,83631,0,10002,0,1160713,0,436983,0,95597,1,26090,0,199759,0,0,0,147658,1,6439,0,142629,0,0,0,1230531,0,1161394,0,1174577,0,1161394,0,1164103,1,2709,0,8908,1,688,0,5966,0,0,0,0,1,2254,1,4276,1,4276,0,0,0,0,0,0,0,0,0,0,0,0,0,0
2013,5,81,4,0,23542,0,3787034,0,963246,0,221161,0,0,0,248624,0,0,0,0,0,125956,0,358223,0,0,1,48246,0,4164896,0,3059503,0,0,0,0,1,75622,0,1021921,0,513232,0,131873,0,3787034,0,251459,0,173057,0,220840,0,1131735,0,1214626,1,-133585,0,928902,0,515471,0,270399,0,143031,0,0,0,16102170,0,15921260,0,0,1,997,0,179913,0,14716006,0,5451996,0,1179518,0,2783374,0,204684,1,3430,0,1404648,0,664445,0,94956,0,57127,0,224545,0,0,0,254628,1,49509,0,99856,1,3026,0,2240264,0,1386164,0,1386584,0,1386164,0,1386164,0,0,0,420,0,0,0,420,0,0,0,0,0,0,0,0,0,0,0,0,0,0,0,0,0,0,0,0,0,0,0,0
2013,5,81,3,0,91090,0,2511555,0,1129225,0,150278,0,0,0,217384,0,0,0,0,0,45521,0,182449,0,0,1,36457,0,5122278,0,4488979,0,0,0,0,1,16223,0,638861,0,579319,0,41178,0,2511555,0,259072,0,98885,0,356696,0,700278,0,534509,0,19020,0,543097,0,335320,0,376311,0,-113706,1,54828,0,25284729,0,25167428,0,0,1,35395,0,81906,0,22622834,0,7644965,0,2436140,0,3911825,0,221410,0,17404,0,1973663,0,807295,0,84368,0,8527,0,194604,1,746,0,295732,0,22353,0,139991,1,1361,0,4862451,0,2661895,0,2669391,0,2661895,0,2661895,0,0,0,1634,1,1,0,1633,0,0,0,0,0,0,0,0,0,0,0,0,1,5863,1,5863,0,0,0,0,0,0,0,0
2013,5,81,2,0,34936,0,0,0,0,0,0,0,0,0,0,0,0,0,0,0,0,0,0,0,0,0,0,0,0,0,0,0,0,0,0,0,0,0,0,0,0,0,0,0,0,0,0,0,0,0,0,0,0,0,0,0,0,0,0,0,0,0,0,0,0,0,0,0,4548179,0,4430616,0,0,1,93666,1,23896,0,3948285,0,1305437,0,339195,0,426767,0,39578,1,3179,0,508224,0,137379,0,25749,1,3710,0,39626,0,0,0,55126,1,1207,0,13085,0,0,0,1050022,0,599894,0,1018180,0,599894,0,603916,1,4022,1,417447,1,1152,1,1358,0,0,0,0,1,414936,1,840,1,840,0,0,0,0,0,0,0,0,1,488,0,0,0,0
2013,5,81,1,0,172375,0,32198519,0,6642948,0,4894907,0,964901,0,2517647,0,0,1,79090,0,1955046,0,1355212,1,2241,0,1542603,0,31192888,0,22334947,0,0,0,0,0,1939017,0,4716614,0,2449308,0,1109461,0,32198519,0,2478074,0,2066895,0,2311091,0,4047620,0,8959491,0,891250,0,11444097,0,2165543,0,2473475,0,7379832,0,574753,0,106641773,0,105163265,0,3895,0,260407,0,1214205,0,97147712,0,43127636,0,6234305,0,15668529,0,1054453,0,156809,0,7167351,0,3696446,0,681851,0,269714,0,1593920,1,746,0,1276031,0,225085,0,1191919,0,43787,0,14759129,0,9494061,0,10565599,0,9490165,0,9563507,0,73341,0,992184,0,22806,0,47199,1,14108,0,5029,0,903042,0,77306,0,80403,1,3096,1,5943,1,6658,0,714,1,6087,1,5599,0,0
