YEAR,TAB_NUM,INDY_CD,AC,WT_CT_IND,WT_CT,TOT_ASSTS_IND,TOT_ASSTS,CASH_IND,CASH,TRD_NOTES_ACCTS_RCV_IND,TRD_NOTES_ACCTS_RCV,BAD_DBT_ALLW_IND,BAD_DBT_ALLW,INVNTRY_IND,INVNTRY,GVT_OBLGNS_IND,GVT_OBLGNS,TX_EXMT_SEC_IND,TX_EXMT_SEC,OTHR_CUR_ASSTS_IND,OTHR_CUR_ASSTS,LNS_TO_STKHDR_IND,LNS_TO_STKHDR,MRTG_RE_LNS_IND,MRTG_RE_LNS,OTHR_INVSMTS_IND,OTHR_INVSMTS,DPRCBL_ASSTS_IND,DPRCBL_ASSTS,ACCUM_DPR_IND,ACCUM_DPR,DPTBL_ASSTS_IND,DPTBL_ASSTS,ACCUM_DPLTN_IND,ACCUM_DPLTN,LAND_IND,LAND,INTNGBL_ASSTS_IND,INTNGBL_ASSTS,ACCUM_AMORT_IND,ACCUM_AMORT,COMP_OTHR_ASSTS_IND,COMP_OTHR_ASSTS,TOT_LBLTS_IND,TOT_LBLTS,ACCTS_PYBL_IND,ACCTS_PYBL,MRTG_LT_1YR_IND,MRTG_LT_1YR,COMP_OTHR_CUR_LBLTS_IND,COMP_OTHR_CUR_LBLTS,LNS_FRM_STKHDR_IND,LNS_FRM_STKHDR,MRTG_GT_1YR_IND,MRTG_GT_1YR,COMP_OTHR_LBLTS_IND,COMP_OTHR_LBLTS,COMP_NET_WRTH_IND,COMP_NET_WRTH,CAP_STCK_IND,CAP_STCK,PD_CAP_SRPLS_IND,PD_CAP_SRPLS,COMP_RTND_ERNGS_UNAPPR_IND,COMP_RTND_ERNGS_UNAPPR,CST_TRSRY_STCK_IND,CST_TRSRY_STCK,COMP_TOT_RCPTS_IND,COMP_TOT_RCPTS,GRS_RCPTS_IND,GRS_RCPTS,COMP_TX_EXMT_INTRST_IND,COMP_TX_EXMT_INTRST,NET_GN_LSS_POS_IND,NET_GN_LSS_POS,COMP_OTHR_RCPTS_IND,COMP_OTHR_RCPTS,COMP_TOT_DED_IND,COMP_TOT_DED,CST_OF_GDS_IND,CST_OF_GDS,CMPNSTN_OFFCRS_IND,CMPNSTN_OFFCRS,SLRS_WGS_IND,SLRS_WGS,RPRS_IND,RPRS,BAD_DBT_DED_IND,BAD_DBT_DED,RNTS_PD_IND,RNTS_PD,TX_PD_IND,TX_PD,INTRST_PD_IND,INTRST_PD,TOT_AMORT_IND,TOT_AMORT,NET_DPR_IND,NET_DPR,DPLTN_IND,DPLTN,ADVRTSNG_IND,ADVRTSNG,PNSN_PRFT_SHRNG_PLNS_IND,PNSN_PRFT_SHRNG_PLNS,EMP_BNFT_PRG_IND,EMP_BNFT_PRG,NET_GN_LSS_NEG_IND,NET_GN_LSS_NEG,COMP_OTHR_DED_IND,COMP_OTHR_DED,COMP_TOT_RCPTS_LS_TOT_DED_IND,COMP_TOT_RCPTS_LS_TOT_DED,S_NET_INCM_IND,S_NET_INCM,S_NET_INCM_POS_IND,S_NET_INCM_POS,S_NET_INCM_NEG_IND,S_NET_INCM_NEG,a.net_incm_pos_IND,a.net_incm_pos,S_PORT_INCM_IND,S_PORT_INCM,S_DIV_INCM_IND,S_DIV_INCM,S_INTRST_INCM_IND,S_INTRST_INCM,S_RYLTS_INCM_IND,S_RYLTS_INCM,S_NET_STCG_LSS_IND,S_NET_STCG_LSS,S_NET_LTCG_LSS_IND,S_NET_LTCG_LSS,S_NET_INCM_RNTL_RE_IND,S_NET_INCM_RNTL_RE,S_NET_INCM_RNTL_RE_POS_IND,S_NET_INCM_RNTL_RE_POS,S_NET_INCM_RNTL_RE_NEG_IND,S_NET_INCM_RNTL_RE_NEG,S_NET_INCM_OTHR_RNTL_IND,S_NET_INCM_OTHR_RNTL,S_NET_INCM_OTHR_RNTL_POS_IND,S_NET_INCM_OTHR_RNTL_POS,S_NET_INCM_OTHR_RNTL_NEG_IND,S_NET_INCM_OTHR_RNTL_NEG,a.comp_tx_bfr_crs_IND,a.comp_tx_bfr_crs,a.incm_tx_IND,a.incm_tx,S_EX_NET_PSV_INCM_TX_IND,S_EX_NET_PSV_INCM_TX
2013,4,1,12,0,3126,0,1188757851,0,145805304,0,384955436,0,6592120,0,85638134,0,55105070,0,29646498,0,45955391,0,3786673,0,49889763,0,203265351,0,259040322,0,143121848,0,11746468,0,4592537,0,16612155,0,35559917,0,7850717,0,23908590,0,1188757851,0,153085160,0,50534787,0,459421245,0,7016776,0,116424751,0,57647426,0,344627706,0,7838427,0,48316849,0,307172719,0,18700289,0,997277300,0,952235840,0,1051400,0,5216768,0,38773292,0,926159851,0,679981787,0,8455919,0,88299071,0,4892677,0,2639572,0,12532784,0,14240360,0,8177990,0,2369908,0,17715781,0,313079,0,7657662,0,4647154,0,11083372,0,200472,0,62952265,0,71117449,0,79583182,0,79641956,0,58773,0,70066048,0,8799410,0,2413765,0,2143104,0,616845,0,234976,0,3390720,0,490363,0,643096,0,152733,0,227360,0,374888,0,147528,0,32981,0,16718,0,15367
2013,4,1,11,0,3097,0,215519883,0,24558910,0,58842280,0,1094877,0,37347558,0,4390303,0,2745183,0,12443790,0,1622393,0,2408940,0,25421553,0,79599466,0,47431818,0,1130569,0,546403,0,4381326,0,8018732,0,2306742,0,3988721,0,215519883,0,25129182,0,21123963,0,44359096,0,4316861,0,25562932,0,5907016,0,89120833,0,2297476,0,11646689,0,78942667,0,3766000,0,388542455,0,381503510,0,117059,0,665154,0,6256732,0,367217947,0,286740759,0,4286961,0,28020681,0,1452557,0,520316,0,4975031,0,5327151,0,1753219,0,524395,0,5209507,0,60425,0,2711286,0,1164464,0,3817315,0,39831,0,20614050,0,21324507,0,23454927,0,23485948,0,31021,0,21207449,0,2046640,0,497575,0,468577,0,86893,0,40853,0,952742,0,183957,0,243964,0,60007,0,16881,0,51320,0,34439,0,11054,0,6556,0,4255
2013,4,1,10,0,6290,0,215777036,0,26830649,0,52538759,0,771409,0,50362219,0,817710,0,844883,0,13604846,0,2257347,0,1975035,0,19516682,0,88090705,0,54493698,0,754877,0,360677,0,4266137,0,7278510,0,2213791,0,4478251,0,215777036,0,29611974,0,32734984,0,24285259,0,6039369,0,27098640,0,5509280,0,90497530,0,5684480,0,13990378,0,77482580,0,6659907,0,485001406,0,475499602,0,53028,0,720263,0,8728514,0,457648890,0,355332280,0,6175659,0,38887108,0,1825939,0,554425,0,6883590,0,6622067,0,1994450,0,497953,0,5553185,0,85196,0,3201240,0,1321862,0,4363301,0,38925,0,24311711,0,27352516,0,29129313,0,29232160,0,102847,0,27299488,0,1645533,0,458199,0,372321,0,160212,0,15690,0,639111,0,169713,0,224770,0,55057,0,14579,0,48769,0,34190,0,5651,0,3430,1,2162
2013,4,1,9,0,19868,0,305970442,0,43657316,0,73652489,0,1057192,0,73628221,0,117357,0,593907,0,17518539,0,3868528,0,1541265,0,25270238,0,132704304,0,85993547,0,850393,0,427482,0,6784766,0,11056978,0,3612468,0,5816832,0,305970442,0,41542742,0,49252987,0,28350798,0,10597911,0,39489670,0,6542443,0,130193891,0,5184452,0,20724660,0,111421670,0,7136891,0,772866903,0,758923605,0,64674,0,1000603,0,12878021,0,729909735,0,566879393,0,12289508,0,58943934,0,2761265,0,884144,0,11648761,0,11347222,0,3068561,0,749423,0,7465599,0,46436,0,4925475,0,2059617,0,7632056,0,40933,0,39167408,0,42957168,0,45350410,0,45421362,0,70952,0,42892494,0,2204100,0,515536,0,546749,0,138666,0,41189,0,961959,0,242464,0,406002,0,163539,0,11352,0,35267,0,23915,0,13361,0,9975,0,3303
2013,4,1,8,0,30343,0,214617014,0,35859331,0,53238062,0,587968,0,45547741,1,21454,1,485326,0,12299759,0,3154661,0,900959,0,13048193,0,106204182,0,69435818,0,464262,0,219209,0,5546586,0,7237488,0,3168896,0,4020901,0,214617014,0,31028448,0,25259268,0,18655338,0,9758891,0,32652211,0,5639637,0,91623220,0,6228424,0,13991503,0,75926318,0,4523024,0,547896305,0,539841532,0,19139,0,763559,0,7272074,0,512336729,0,375342545,0,11955074,0,48670546,0,2595388,0,871564,0,10493923,0,9289105,0,2337923,0,411944,0,5064370,1,4073,0,3434938,0,1548465,0,5595065,0,38668,0,34683136,0,35559576,0,37386594,0,37417822,1,31228,0,35540437,0,1525386,0,272326,0,315626,0,168653,0,23936,0,744845,0,302565,0,345360,0,42796,0,18207,0,27330,1,9124,0,5195,0,4790,1,392
2013,4,1,7,0,168318,0,357948418,0,69261968,0,74492260,0,744801,0,56893652,1,55618,1,283478,0,24353829,0,9291723,0,1451521,0,23038259,0,219180036,0,151174488,0,228636,0,139767,0,14334396,0,19138698,0,8689864,0,6693263,0,357948418,0,47634884,0,26574231,0,34095059,0,24942809,0,71148326,0,8745536,0,144807573,0,10773635,0,29133029,0,114402500,0,9501591,0,1027287903,0,1012229802,0,29486,0,1427496,0,13601119,0,951564078,0,616837154,0,36244305,0,114315950,0,6722942,0,1406425,0,22867708,0,23741392,0,4992212,0,1110781,0,8838239,1,72884,0,7065444,0,3467245,0,9734458,0,47292,0,94099647,0,75723825,0,79230174,0,79298919,0,68744,0,75694340,0,2978117,0,208900,0,509419,0,59847,0,105147,0,2094805,0,491840,0,721422,0,229582,0,65878,0,139735,1,73857,0,16388,0,16352,0,36
2013,4,1,6,0,160419,0,112166521,0,26256321,0,14285248,0,73721,0,15695365,1,987,1,14871,0,6369485,0,6254191,0,341018,0,5586089,0,90875006,0,67136319,1,97628,1,54445,0,5118744,0,10386424,0,4704841,0,2854469,0,112166521,0,12050406,0,7384137,0,8721888,0,13355196,0,27409886,0,1135518,0,42109489,0,4234095,0,11368219,0,29900386,0,3393212,0,377900985,0,372247096,1,5179,0,576333,0,5072376,0,345103348,0,194302802,0,20306813,0,47257251,0,3320775,0,316487,0,12121173,0,9072302,0,1875104,0,662435,0,3697269,1,5443,0,3029084,0,1521801,0,2872168,1,23133,0,44719306,0,32797637,0,33497393,0,33527731,1,30338,0,32792458,0,409059,0,26715,0,118626,1,1277,0,-6644,0,269085,0,322874,0,359705,0,36831,0,-26998,0,46799,1,73797,1,1375,1,791,1,584
2013,4,1,5,0,238497,0,84835210,0,24623958,0,9488469,1,894877,0,8631181,0,0,1,6993,0,4552820,0,7233368,1,359287,0,3334426,0,75356389,0,56872294,1,40058,1,1791,0,2245483,0,9230030,0,4483066,0,1984778,0,84835210,0,6277026,0,5023359,0,8830442,0,9785488,0,17512898,0,1316747,0,36089249,0,5482533,0,8244205,0,23565654,0,1203142,0,341890537,0,335482051,0,4273,0,320779,0,6083433,0,307267057,0,141976821,0,27127394,0,50623855,0,2476981,0,262058,0,13464696,0,9567005,0,1573274,0,545673,0,3349221,0,0,0,2986279,0,2449965,0,2965109,1,1453,0,47897274,0,34623480,0,35565056,0,35611883,1,46827,0,34619207,0,823830,0,45915,0,79158,1,18486,0,-68564,0,748835,0,120309,0,168932,0,48623,1,1710,1,4754,1,3044,0,0,0,0,0,0
2013,4,1,4,0,414782,0,66052011,0,22722659,0,4973892,1,22986,0,6454503,0,0,1,17583,0,3268790,0,5391380,1,19054,0,1652759,0,72837653,0,57354855,1,41142,1,31494,0,1123752,0,9415888,0,5428759,0,971050,0,66052011,0,4472544,0,3950751,0,7087497,0,10914541,0,12946694,0,879666,0,25800318,0,4504801,0,8493074,0,14270452,0,1468009,0,366289472,0,359569325,1,133,0,385415,0,6334599,0,326604132,0,144136520,0,31405814,0,51569985,0,2929396,0,155542,0,16025003,0,10280788,0,1341771,0,528658,0,2955530,1,4547,0,3391265,0,2415227,0,2910392,1,7399,0,56546296,0,39685340,0,39851663,0,39950868,1,99204,0,39685207,0,67798,0,13999,0,48480,1,2828,0,-665,0,3157,0,90432,0,109787,1,19356,1,8226,1,8873,1,648,1,5558,1,5558,0,0
2013,4,1,3,0,1276195,0,37365169,0,17078153,0,1983809,1,10471,0,2387789,1,180,1,2773,0,1332729,0,3227682,1,25503,0,866076,0,72075110,0,63199036,1,12065,1,5595,0,184990,0,4491742,0,3468153,0,379822,0,37365169,0,2859115,0,2731812,0,6655499,0,11634364,0,7774249,0,2291734,0,3418396,0,3764307,0,12981529,0,-11876872,0,1450568,0,425917345,0,417286750,1,486,0,449419,0,8180691,0,367141686,0,122848207,0,52199879,0,55196384,0,3549495,0,220248,0,17433733,0,12210894,0,1248981,0,206966,0,2840805,1,12473,0,4191484,0,2514731,0,3196449,0,51269,0,89219687,0,58775659,0,59415279,0,59437225,1,21946,0,58775174,0,596734,0,7297,0,29185,1,8490,0,7665,0,544097,0,43610,0,52214,0,8604,1,-239,1,104,1,343,1,1628,1,1628,0,0
2013,4,1,2,0,425051,0,0,0,0,0,0,0,0,0,0,0,0,0,0,0,0,0,0,0,0,0,0,0,0,0,0,0,0,0,0,0,0,0,0,0,0,0,0,0,0,0,0,0,0,0,0,0,0,0,0,0,0,0,0,0,0,0,0,0,0,0,0,0,80357922,0,75314079,0,4133,0,1738229,0,3301481,0,63405905,0,27292811,0,5200439,0,7123281,0,680658,0,149027,0,3377132,0,1766069,0,412693,0,56973,0,683199,1,94,0,740535,0,223749,0,523199,0,5129,0,15170916,0,16952017,0,26702352,0,26761598,1,59246,0,16947884,0,9795672,0,55823,0,58295,0,22818,0,63044,0,9595692,0,-39805,0,16733,0,56537,1,-1400,1,71,0,1471,1,9698,1,7494,1,1715
2013,4,1,1,0,2745985,0,2799009554,0,436654569,0,728450703,0,11850422,0,382586363,0,60508678,0,34641496,0,141699979,0,46087947,0,58912344,0,320999627,0,1195963173,0,796213723,0,15366098,0,6379399,0,60598336,0,121814406,0,45927298,0,55096677,0,2799009554,0,353691481,0,224570279,0,640462123,0,108362206,0,378020257,0,95615003,0,998288205,0,55992629,0,178890135,0,821208073,0,57802632,0,5811228533,0,5680133194,0,1348991,0,13264017,0,116482332,0,5354359358,0,3511671079,0,215647764,0,588908046,0,33208073,0,7979807,0,131823534,0,113464355,0,28776177,0,7665109,0,63372705,0,604650,0,43334693,0,23334281,0,54692884,0,494506,0,529381696,0,456869175,0,489166343,0,489787471,0,621128,0,455520185,0,30892282,0,4516053,0,4689540,0,1285015,0,456626,0,19945047,0,2418321,0,3291986,0,873665,0,335556,0,737911,0,402355,0,102888,0,73291,0,27814
2013,4,11,12,0,34,0,10521717,0,494475,0,1981634,0,6945,0,2718583,0,0,0,0,0,302797,0,118012,0,7380,0,1761037,0,5086049,0,2785709,0,5,0,0,0,545701,0,145210,0,57142,0,210631,0,10521717,0,799517,0,1614689,0,844012,0,114891,0,1664805,0,225215,0,5258589,0,132815,0,471909,0,4852520,0,198655,0,14530013,0,14281806,0,6220,0,11320,0,230666,0,13877805,0,10055603,0,53368,0,680643,0,74643,0,4760,0,145295,0,150249,0,98675,0,26098,0,364943,0,29904,0,46266,0,75545,0,115227,0,1312,0,1955275,0,652208,0,776974,0,776974,0,0,0,645988,0,129953,0,92123,0,25289,0,300,0,943,0,11297,0,1384,0,2828,0,1444,0,-351,0,699,0,1050,0,1072,0,1072,0,0
2013,4,11,11,0,56,0,3827737,0,364493,0,668453,0,3387,0,578356,0,11264,0,0,0,273801,0,53076,0,31253,0,543464,0,1870527,0,1114221,0,9750,0,49,0,386635,0,95240,0,5458,0,64539,0,3827737,0,327819,0,464525,0,261206,0,104970,0,636545,0,55884,0,1976788,0,99087,0,309531,0,1606518,0,38348,0,4186042,0,3991776,0,135,0,7447,0,186683,0,3825453,0,2695864,0,32021,0,250007,0,38310,0,2712,0,59957,0,50201,0,32469,0,10373,0,97567,0,0,0,6927,0,3460,0,20061,0,103,0,525422,0,360589,0,403701,0,403928,0,227,0,360453,0,28951,0,12122,0,13998,0,48,0,-23,0,2806,0,14166,0,14412,0,246,0,130,0,248,0,119,0,1,0,1,0,0
2013,4,11,10,0,95,0,3290493,0,323790,0,590136,1,4704,0,414650,0,0,1,102604,0,140371,1,19362,1,118301,0,426595,0,2078462,0,1301658,0,0,0,0,0,274988,0,7855,0,4831,0,104572,0,3290493,0,294913,0,239649,0,322212,0,124468,0,485193,1,10361,0,1813697,0,114208,0,160555,0,1568630,1,29697,0,3884336,0,3713477,1,7184,0,6679,0,156995,0,3571658,0,2354701,0,38203,0,357918,0,48635,1,3861,0,70870,0,55171,0,28616,0,879,0,116349,0,0,0,8606,0,7633,0,27943,1,946,0,451325,0,312679,0,407920,0,407920,0,0,0,305494,0,94138,0,40529,0,6501,1,42971,1,4303,0,-165,0,7223,0,7224,1,1,1,1064,1,1417,1,353,0,0,0,0,0,0
2013,4,11,9,0,323,0,5038628,0,507531,0,529123,1,5770,0,844182,0,0,0,0,0,509027,0,71409,1,25337,0,533871,0,3109921,0,2076751,0,0,0,0,0,899493,0,6932,0,1602,0,85923,0,5038628,0,303711,0,782600,0,316141,0,162577,0,1162148,0,37196,0,2274254,0,62772,0,551977,0,1706304,0,46799,0,8133614,0,7449535,1,176,0,15169,0,668734,0,7630826,0,4788535,0,93610,0,534402,0,122310,0,2671,0,213513,0,101544,0,64551,0,476,0,197463,0,0,0,10493,0,9692,0,59522,0,0,0,1432044,0,502788,0,537653,0,537653,0,0,0,502612,0,26159,0,13003,0,10939,1,60,0,-1039,0,3197,0,8339,0,9990,1,1651,1,543,1,543,0,0,0,0,0,0,0,0
2013,4,11,8,0,836,0,5538062,0,1351905,0,750255,1,29,0,523331,0,0,0,0,0,231293,1,16187,1,2783,0,361055,0,3568820,0,2102247,1,11499,1,2025,0,575298,1,23194,1,14294,0,241037,0,5538062,0,539932,0,509090,0,243850,0,192993,0,1116200,1,26087,0,2909911,0,497645,0,208154,0,2271683,1,67570,0,11662476,0,11347203,1,19,0,30924,0,284330,0,10973807,0,8685307,0,56070,0,356015,0,75328,1,13178,0,271775,0,93702,0,90456,1,742,0,228774,1,351,0,9133,1,2383,0,11560,0,0,0,1079032,0,688669,0,798456,0,798456,0,0,0,688650,0,99552,0,62399,0,31372,1,5926,1,-157,1,12,0,10254,1,10823,1,569,0,0,0,0,0,0,0,99,0,99,0,0
2013,4,11,7,0,5599,0,11225265,0,1642518,0,435315,1,4,0,1216323,0,0,1,3015,0,593398,0,723109,1,2538,0,869284,0,12503734,0,10129433,0,0,0,0,0,2271803,0,351975,0,82024,0,823714,0,11225265,0,456140,0,1325861,0,588030,0,1099406,0,3055538,0,556540,0,4143749,0,737754,0,970445,0,2819793,0,384243,0,22541899,0,19630278,1,248,0,97353,0,2814019,0,20257305,0,9149713,0,294497,0,3260945,0,469922,1,8262,0,832596,0,460852,0,174257,0,22164,0,577402,0,0,0,81914,0,8370,0,107984,1,167,0,4808260,0,2284594,0,2480524,0,2480524,0,0,0,2284346,0,107334,0,8247,0,23387,1,32767,1,789,0,42143,0,43672,0,43672,0,0,1,45172,1,46653,1,1481,1,5557,1,5557,0,0
2013,4,11,6,0,8166,0,5994876,0,1216065,0,102229,0,0,1,320838,0,0,0,0,0,439205,0,453504,0,0,0,622676,0,8660623,0,7515287,0,0,0,0,0,1254554,1,42362,1,5120,0,403227,0,5994876,0,288819,0,351989,0,180599,0,601593,0,2152824,1,101230,0,2317822,0,676808,0,1258217,0,542945,1,160148,0,9540710,0,8034831,1,163,0,122243,0,1383473,0,8101063,0,2138318,0,270212,0,1024931,0,400420,1,1295,0,554956,0,240743,0,116417,1,61,0,329305,0,0,0,3714,1,9852,0,95092,0,0,0,2915745,0,1439647,0,1476422,0,1476462,1,40,0,1439484,0,19258,1,1093,0,16443,1,134,1,851,1,738,1,9290,1,9798,1,508,1,8391,1,8391,0,0,1,734,1,734,0,0
2013,4,11,5,0,8107,0,2811524,0,708997,1,63550,0,0,1,155323,0,0,0,0,0,37769,1,241013,0,0,1,165645,0,7685451,0,6609011,0,0,0,0,1,275138,1,78345,1,32810,0,42115,0,2811524,1,81266,0,429634,0,64825,0,222325,0,950880,1,69938,0,992657,0,783276,0,703778,0,-494039,1,359,0,7965954,0,6627197,0,0,0,118081,0,1220677,0,6503645,0,1153261,0,210091,0,914205,0,210283,0,0,0,619249,0,185305,0,61599,1,4598,0,351300,0,0,1,7347,1,11906,1,48428,0,0,0,2726073,0,1462310,0,1471469,0,1471469,0,0,0,1462310,0,6636,1,208,0,1509,0,0,0,0,1,4919,1,2523,1,2523,0,0,0,0,0,0,0,0,0,0,0,0,0,0
2013,4,11,4,0,7647,0,1050520,0,331520,1,1466,0,0,1,67365,0,0,0,0,1,56976,1,56036,0,0,1,119256,0,1275824,0,997197,0,0,0,0,1,132700,1,6544,1,6014,1,6043,0,1050520,0,0,1,134204,1,54204,1,46660,1,155107,1,4,0,660342,0,146074,1,73490,0,444839,1,4061,0,4053476,0,3510029,0,0,1,613,0,542833,0,3353574,1,1037610,0,102398,1,143678,0,102674,0,0,0,271366,0,54185,0,47668,1,43,0,49806,0,0,1,5764,1,1460,1,11502,0,0,0,1525419,0,699901,0,749954,0,749954,0,0,0,699901,1,3578,1,1474,1,2053,0,0,0,0,1,51,1,46474,1,46474,0,0,0,0,0,0,0,0,0,0,0,0,0,0
2013,4,11,3,0,11778,0,379888,0,164557,0,0,0,0,1,9263,0,0,0,0,1,22187,1,8376,0,0,1,16275,0,1608569,0,1459920,0,0,0,0,1,900,1,64588,1,52312,1,-2596,0,379888,1,58573,1,35291,0,41306,1,122474,1,127489,1,44433,0,-49678,0,54944,1,397455,0,-454852,1,47226,0,2729636,0,2388546,0,0,1,2302,0,338787,0,2170303,0,460298,0,100327,0,185315,0,80145,1,800,0,163786,0,52076,0,23122,1,10779,0,73249,0,0,1,1989,0,0,1,7496,0,0,0,1010921,0,559332,0,558512,0,559270,1,758,0,559332,1,5,0,0,1,5,0,0,0,0,0,0,1,-825,0,0,1,825,0,0,0,0,0,0,0,0,0,0,0,0
2013,4,11,2,0,4738,0,0,0,0,0,0,0,0,0,0,0,0,0,0,0,0,0,0,0,0,0,0,0,0,0,0,0,0,0,0,0,0,0,0,0,0,0,0,0,0,0,0,0,0,0,0,0,0,0,0,0,0,0,0,0,0,0,0,0,0,0,0,0,612938,1,506353,1,11,1,20015,1,86559,0,386363,1,34816,0,0,1,89816,1,27952,0,1889,1,6579,0,25598,1,3107,0,0,1,13120,0,0,1,13938,0,0,0,0,0,0,0,169548,0,226575,0,228239,0,228239,0,0,0,226564,1,1535,1,21,1,590,1,527,1,29,1,369,0,140,0,140,0,0,0,0,0,0,0,0,0,0,0,0,0,0
2013,4,11,1,0,47380,0,49678710,0,7105850,0,5122161,0,20840,0,6848215,0,11264,1,105618,0,2606825,0,1760084,0,187593,0,5419159,0,47447980,0,36091433,1,21254,1,2074,0,6617210,0,822244,0,261607,0,1979206,0,49678710,0,3150690,0,5887531,0,2916386,0,2792357,0,11506728,0,1126887,0,22298131,0,3305384,0,5105512,0,14864342,0,977108,0,89841094,0,81481033,0,14158,0,432146,0,7913757,0,80651802,0,42554026,0,1250797,0,7797874,0,1650623,0,39429,0,3209943,0,1469625,0,740936,0,76215,0,2399278,1,30256,0,196090,0,130302,0,504814,1,2528,0,18599065,0,9189292,0,9889824,0,9890849,1,1026,0,9175134,0,517101,0,231219,0,132086,0,82733,0,5696,0,65367,0,142641,0,147886,0,5245,0,54948,0,57951,1,3003,0,7464,0,7464,0,0
2013,4,21,12,0,63,0,24908437,0,3013929,0,3115607,0,19910,0,423847,0,61080,0,71631,0,1251075,0,1006917,0,42222,0,6692843,0,8607410,0,5624504,0,8823600,0,4254309,0,347903,0,1604046,0,884889,0,629940,0,24908437,0,2319049,0,377807,0,1028211,0,189782,0,3411300,0,1645802,0,15936487,0,55958,0,2205851,0,13815846,0,141169,0,11760139,0,9900944,0,10999,0,90936,0,1757260,0,8101563,0,4375989,0,107347,0,740319,0,53536,0,8987,0,148870,0,285394,0,106423,0,50837,0,750040,0,57029,0,4017,0,44912,0,134552,0,6282,0,1227028,0,3658576,0,4725151,0,4725151,0,0,0,3647577,0,981336,0,152147,0,50149,0,128586,0,8996,0,641458,0,6653,0,8621,0,1968,0,89585,0,92713,0,3128,0,1024,0,1024,0,0
2013,4,21,11,0,63,0,4310322,0,595381,0,616628,0,30240,0,115153,0,30557,0,23232,0,267124,0,99158,0,19011,0,966775,0,2139075,0,1351888,0,914888,0,444714,0,178389,0,110867,0,37843,0,98769,0,4310322,0,386032,0,122213,0,118071,0,86990,0,409378,0,94179,0,3093460,0,23553,0,18954,0,3215881,0,164928,0,3594028,0,3306837,0,1670,0,25005,0,260516,0,2957522,0,1835561,0,52037,0,231610,0,55986,0,13994,0,38240,0,110714,0,27413,0,6237,0,175298,0,55210,0,2951,0,11614,0,42975,0,1145,0,296538,0,636506,0,757264,0,759400,0,2136,0,634836,0,118000,0,8311,0,9482,0,33442,0,184,0,66581,0,4289,0,4486,0,197,0,139,0,183,0,44,0,1034,0,1034,0,0
2013,4,21,10,0,129,0,4598970,0,766694,0,754257,1,7520,0,175375,0,0,1,65852,0,389433,0,114188,0,1396,0,798579,0,2688138,0,1806953,0,661957,0,334045,0,112569,0,161879,0,80366,0,137536,0,4598970,0,535870,0,110341,0,242913,0,44341,0,576612,0,96220,0,2992673,0,54174,0,244197,0,2801293,0,106992,0,4516988,0,4300686,1,1892,0,41372,0,173038,0,3510515,0,2104431,0,60573,0,359395,0,37106,0,5862,0,63072,0,123934,0,24059,0,16462,0,232539,0,82978,0,9259,0,16364,0,48292,1,260,0,325928,0,1006473,0,1068797,0,1068797,0,0,0,1004581,0,61355,0,7445,0,5906,0,37354,0,1607,0,9043,0,3573,0,4376,1,803,1,-711,1,820,1,1531,0,1,0,1,0,0
2013,4,21,9,0,333,0,5389938,0,1477144,0,969937,0,13500,0,109834,0,0,1,87318,0,301488,0,98221,0,0,0,1003452,0,3271406,0,2406510,0,674255,0,383139,0,103439,0,255026,0,186552,0,28118,0,5389938,0,543258,0,252736,0,412592,0,179910,0,462299,0,222987,0,3316156,0,26200,0,737064,0,2620131,0,67239,0,5468030,0,5107045,0,4508,0,97328,0,259149,0,4276656,0,2539121,0,84864,0,385503,0,55399,0,11600,0,83210,0,138447,0,26093,0,13065,0,241292,0,34388,0,5587,0,18684,0,52973,1,416,0,586015,0,1191374,0,1382783,0,1382783,0,0,0,1186866,0,177257,0,8801,0,13319,0,59524,0,2583,0,93029,0,17452,0,17731,1,279,1,1208,1,1394,1,187,1,39,1,39,0,0
2013,4,21,8,0,516,0,3553774,0,482746,0,840362,1,1016,1,87072,0,0,1,749,0,171320,1,119524,0,0,0,595835,0,3475663,0,2621083,0,281192,0,187444,0,78627,0,243346,0,116822,0,103701,0,3553774,0,302963,1,188469,0,107583,0,352769,0,592428,1,70269,0,1939293,0,54109,0,357965,0,1587728,1,60509,0,6276527,0,6094397,0,0,0,18010,0,164120,0,5354755,0,3035822,0,90791,0,583589,0,53699,1,1937,0,146885,0,204448,0,28857,0,6001,0,392089,1,3247,0,14344,0,18569,0,40965,0,0,0,733513,0,921772,0,1082298,0,1082298,0,0,0,921772,0,159387,1,1768,0,2210,1,154058,1,108,1,1243,1,10,1,217,1,207,1,1129,1,1129,0,0,0,0,0,0,0,0
2013,4,21,7,0,1716,0,4369046,0,1209843,0,772096,0,0,1,71642,0,0,0,0,0,86781,0,151178,0,0,0,648020,0,4340516,0,3424597,0,139395,0,85129,0,325446,0,167554,0,122795,0,89096,0,4369046,0,191942,1,115134,0,385419,0,236764,0,813839,1,234610,0,2391338,0,47258,0,273830,0,2137269,1,67019,0,7929100,0,7800538,0,0,0,26782,0,101779,0,6286720,0,2690443,0,295419,0,891140,0,267357,1,2313,0,277408,0,234929,0,63573,1,16194,0,202507,1,40105,0,21703,0,32448,0,43664,0,0,0,1207518,0,1642380,0,1651725,0,1651725,0,0,0,1642380,0,10940,1,981,0,1140,1,8054,0,0,1,766,1,-1610,1,570,1,2181,1,16,1,16,0,0,0,0,0,0,0,0
2013,4,21,6,0,1629,0,1265346,0,505277,1,211634,1,1389,1,132331,0,0,0,0,1,21566,1,13329,0,0,1,4659,0,1747718,0,1480436,1,85925,1,50352,1,3363,1,38788,1,9643,1,42577,0,1265346,1,37979,1,18510,0,166770,1,168661,1,198156,1,3570,0,671700,0,27269,1,134840,0,526063,1,16472,0,3301709,0,3240204,0,0,1,6540,0,54966,0,2604294,0,985516,0,219783,1,361769,0,83302,1,2832,0,44302,0,102745,0,20542,1,2584,0,123851,1,5443,1,14799,1,10122,1,50939,0,0,0,575765,0,697416,0,700610,0,700610,0,0,0,697416,0,1763,0,0,1,1724,1,39,0,0,0,0,1,884,1,884,0,0,1,547,1,547,0,0,0,0,0,0,0,0
2013,4,21,5,0,1707,0,586548,1,68652,1,153000,0,0,1,15901,0,0,0,0,1,30042,0,0,0,0,1,2729,0,836232,0,751147,1,40057,1,1791,1,12048,1,19816,1,5516,1,166524,0,586548,1,3098,1,67072,1,26769,1,8781,1,112508,0,0,0,368320,1,18941,1,-25190,0,496824,1,122256,0,1846362,1,1764905,0,0,1,7799,1,73657,0,1366815,1,795255,1,71269,1,89491,1,21919,0,0,1,28896,1,35952,1,16050,1,19,1,20353,0,0,1,1872,1,6708,1,9430,0,0,0,269601,0,479547,0,483181,0,483181,0,0,0,479547,1,5640,0,0,1,156,1,5484,0,0,0,0,1,-2016,0,0,1,2016,1,10,1,10,0,0,0,0,0,0,0,0
2013,4,21,4,0,2131,0,393734,0,256971,1,23459,0,0,1,1438,0,0,0,0,1,10027,1,2653,0,0,1,7692,0,979205,0,925319,1,41037,1,31481,1,1078,1,15398,1,9778,1,21355,0,393734,1,21889,1,31144,1,16078,1,65450,1,939,4,,0,258235,0,3416,1,4286,0,341955,1,91423,0,2210807,0,2186637,4,,1,4077,1,20092,0,1866463,1,754646,1,141315,1,380894,1,65369,0,0,1,68589,0,73357,1,1997,1,2207,1,15644,1,4547,1,1356,1,15554,1,30973,0,0,0,310016,0,344343,0,358225,0,358225,0,0,0,344343,1,13882,1,4491,1,4641,1,2787,1,-730,1,2693,0,0,0,0,0,0,0,0,0,0,0,0,0,0,0,0,0,0
2013,4,21,3,0,5373,0,122264,0,40967,0,0,0,0,0,0,0,0,0,0,0,0,1,33051,0,0,0,0,1,1500243,1,1475963,1,2320,1,862,1,22361,1,19132,1,18985,0,0,0,122264,1,3842,0,0,1,1795,1,383,1,32290,1,13130,0,70824,1,6244,1,22753,0,41827,0,0,0,1436261,0,1436261,0,0,0,0,0,0,0,1153712,1,224982,1,104223,1,225510,1,68939,0,0,1,22537,0,39972,1,11838,0,0,1,52931,1,11726,1,1437,0,0,1,50768,0,0,0,338849,0,282548,0,282549,0,282549,0,0,0,282548,5,,0,0,5,,0,0,0,0,0,0,0,0,0,0,0,0,0,0,0,0,0,0,0,0,0,0,0,0
2013,4,21,2,0,3211,0,0,0,0,0,0,0,0,0,0,0,0,0,0,0,0,0,0,0,0,0,0,0,0,0,0,0,0,0,0,0,0,0,0,0,0,0,0,0,0,0,0,0,0,0,0,0,0,0,0,0,0,0,0,0,0,0,0,0,0,0,0,0,912640,0,678812,0,1,1,89386,0,144440,0,537562,1,184181,1,26010,0,96482,1,5912,0,514,0,11427,0,19602,1,2928,0,110,0,18733,1,73,1,3842,1,1786,0,24234,0,0,0,141728,0,375077,0,487948,0,487948,0,0,0,375076,0,112450,0,0,1,179,1,20041,0,0,1,92230,0,423,0,423,0,0,0,0,0,0,0,0,0,0,0,0,0,0
2013,4,21,1,0,16871,0,49498380,0,8417604,0,7456981,0,73575,0,1132593,0,91637,0,248781,0,2528857,0,1638219,0,62630,0,10720585,0,29585606,0,21868401,0,11664628,0,5773266,0,1185223,0,2635851,0,1473188,0,1317616,0,49498380,0,4345921,0,1283424,0,2506202,0,1333831,0,6609749,0,2380768,0,31038485,0,317123,0,3974550,0,27584817,0,838005,0,49252589,0,45817266,0,19070,0,407236,0,3009018,0,38016578,0,19525948,0,1253631,0,4345702,0,768524,0,48039,0,933435,0,1369492,0,329772,0,113716,0,2225277,0,294745,0,81166,0,176762,0,529765,0,8103,0,6012499,0,11236012,0,12980532,0,12982668,0,2136,0,11216942,0,1642010,0,183943,0,88907,0,449368,0,12749,0,907042,0,29657,0,37308,0,7651,0,91923,0,96812,0,4889,0,2097,0,2097,0,0
2013,4,22,12,3,,3,,3,,3,,3,,3,,3,,3,,3,,3,,3,,3,,3,,3,,3,,3,,3,,3,,3,,3,,3,,3,,3,,3,,3,,3,,3,,3,,3,,3,,3,,3,,3,,3,,3,,3,,3,,3,,3,,3,,3,,3,,3,,3,,3,,3,,3,,3,,3,,3,,3,,3,,3,,3,,3,,3,,3,,3,,3,,3,,3,,3,,3,,3,,3,,3,,3,,3,,3,,3,,3,,3,,3,,3,
2013,4,22,11,3,,3,,3,,3,,3,,3,,3,,3,,3,,3,,3,,3,,3,,3,,3,,3,,3,,3,,3,,3,,3,,3,,3,,3,,3,,3,,3,,3,,3,,3,,3,,3,,3,,3,,3,,3,,3,,3,,3,,3,,3,,3,,3,,3,,3,,3,,3,,3,,3,,3,,3,,3,,3,,3,,3,,3,,3,,3,,3,,3,,3,,3,,3,,3,,3,,3,,3,,3,,3,,3,,3,,3,,3,,3,
2013,4,22,10,1,5,1,195845,1,12128,1,159618,1,4786,0,1817,0,0,0,0,1,39583,0,1593,0,0,0,0,1,17612,1,13827,0,0,0,0,0,233,0,17,0,17,0,-18125,1,195845,1,117152,1,232353,0,17405,1,40605,0,0,1,-89834,1,-121836,1,3,1,13592,1,-134874,0,556,1,536697,1,528761,0,0,0,35,1,7902,1,503613,1,432319,1,5337,1,26121,1,18,1,1034,1,2291,1,4651,1,15690,1,631,1,344,0,0,1,268,1,1215,1,3574,0,0,1,10119,1,33085,1,33410,1,33410,0,0,1,33085,1,326,4,,1,261,0,56,4,,0,9,0,0,0,0,0,0,0,0,0,0,0,0,0,0,0,0,0,0
2013,4,22,9,1,11,1,211395,1,31728,1,47525,1,865,1,10735,0,0,0,0,1,3592,1,401,0,0,1,29978,1,176669,1,105039,0,0,0,0,1,975,0,499,0,11,1,15209,1,211395,1,35926,0,3695,1,13511,0,0,1,34182,1,20762,1,103321,1,2961,1,35182,1,65178,0,0,1,511263,1,508466,0,0,0,0,1,2797,1,476474,1,416632,1,2939,1,25899,1,3697,1,76,1,964,1,6081,1,1118,1,-85,1,7185,0,0,0,151,1,136,1,581,0,0,1,11101,1,34789,1,35369,1,35369,0,0,1,34789,1,580,1,79,1,426,5,,1,57,1,17,0,0,0,0,0,0,5,,5,,0,0,0,0,0,0,0,0
2013,4,22,8,1,107,1,762191,1,150170,1,75962,1,149,1,36916,0,0,0,0,1,51345,1,39885,0,0,1,102928,1,758617,1,533353,0,0,0,0,1,40738,1,445616,1,424589,1,18105,1,762191,1,28358,1,73159,1,31206,1,2732,1,231182,1,51464,1,344089,1,4682,1,180418,1,166596,1,7607,1,922559,1,877922,0,0,0,44,1,44593,1,746247,1,444295,1,28401,1,28173,1,24037,1,33,1,32162,1,24615,1,6682,1,26769,1,48055,0,0,1,419,1,4141,1,11331,0,0,1,67134,1,176312,1,186321,1,186321,0,0,1,176312,1,3759,1,93,1,2015,0,0,0,0,1,1651,1,1568,1,1568,0,0,1,4683,1,4683,0,0,0,0,0,0,0,0
2013,4,22,7,1,5,1,17538,1,3284,1,5979,1,285,1,2,0,0,0,0,1,5267,0,0,0,0,0,0,1,8246,1,5008,0,0,0,0,0,0,1,88,1,35,0,0,1,17538,1,3599,1,662,1,1079,0,0,1,3757,0,0,1,8441,0,0,0,0,1,8441,0,0,1,56370,1,56370,0,0,0,0,0,0,1,35091,1,28232,0,0,1,2953,1,796,0,0,1,113,1,809,1,239,1,8,1,397,0,0,0,0,1,5,1,56,0,0,1,1482,1,21279,1,21320,1,21320,0,0,1,21279,1,42,0,0,1,42,0,0,0,0,0,0,0,0,0,0,0,0,0,0,0,0,0,0,0,0,0,0,0,0
2013,4,22,6,1,360,1,329461,1,137546,0,0,0,0,0,0,0,0,0,0,0,0,0,0,0,0,0,0,1,523038,1,360080,0,0,0,0,1,28957,1,228,1,228,0,0,1,329461,0,0,1,53095,1,40782,0,0,1,88973,0,0,1,146611,1,542,1,4504,1,195918,1,54353,1,409494,1,406635,0,0,0,0,1,2859,1,378598,1,200260,1,36808,1,14580,1,4783,0,0,1,13406,1,14393,1,6033,0,0,1,30778,0,0,1,626,0,0,1,6426,0,0,1,50507,1,30896,1,31556,1,31556,0,0,1,30896,1,660,0,0,1,660,0,0,0,0,0,0,0,0,0,0,0,0,0,0,0,0,0,0,0,0,0,0,0,0
2013,4,22,5,1,317,1,107149,1,28594,1,1586,0,0,0,0,0,0,0,0,0,0,0,0,0,0,0,0,1,358082,1,281113,0,0,0,0,0,0,0,0,0,0,0,0,1,107149,0,0,0,0,0,0,0,0,0,0,5,,1,107149,1,32,1,24176,1,82941,0,0,1,160527,1,160527,0,0,0,0,0,0,1,86037,0,0,0,0,0,0,1,3978,0,0,0,0,1,1730,0,0,0,0,1,5837,0,0,0,0,0,0,0,0,0,0,1,74492,1,74490,1,74490,1,74490,0,0,1,74490,0,0,0,0,0,0,0,0,0,0,0,0,0,0,0,0,0,0,0,0,0,0,0,0,0,0,0,0,0,0
2013,4,22,4,1,388,1,61692,1,4209,0,0,0,0,0,0,0,0,0,0,0,0,0,0,0,0,0,0,1,59583,1,37702,0,0,0,0,0,0,1,43892,1,8291,0,0,1,61692,0,0,1,3363,0,0,1,2557,1,4765,0,0,1,51007,1,388,1,30621,1,19998,0,0,1,28194,1,28194,0,0,0,0,0,0,1,22004,1,1419,0,0,0,0,1,179,0,0,1,1492,0,0,0,0,1,2926,1,11251,0,0,0,0,0,0,0,0,0,0,1,4737,1,6190,1,6190,1,6190,0,0,1,6190,0,0,0,0,0,0,0,0,0,0,0,0,0,0,0,0,0,0,0,0,0,0,0,0,0,0,0,0,0,0
2013,4,22,3,1,1541,1,62090,1,13972,0,0,0,0,0,0,0,0,0,0,1,18051,1,3953,0,0,0,0,1,143634,1,117793,0,0,0,0,0,0,0,0,0,0,1,273,1,62090,0,0,0,0,1,7051,1,5953,1,20283,0,0,1,28803,1,16669,1,7611,1,4524,0,0,1,486628,1,486628,0,0,0,0,0,0,1,434381,1,145804,1,79694,1,20458,1,1737,0,0,1,38485,1,12017,1,940,0,0,1,8310,0,0,1,11544,1,6151,0,0,0,0,1,109240,1,52247,1,52250,1,52250,0,0,1,52247,1,3,0,0,1,3,0,0,0,0,0,0,0,0,0,0,0,0,0,0,0,0,0,0,0,0,0,0,0,0
2013,4,22,2,0,0,0,0,0,0,0,0,0,0,0,0,0,0,0,0,0,0,0,0,0,0,0,0,0,0,0,0,0,0,0,0,0,0,0,0,0,0,0,0,0,0,0,0,0,0,0,0,0,0,0,0,0,0,0,0,0,0,0,0,0,0,0,0,0,0,0,0,0,0,0,0,0,0,0,0,0,0,0,0,0,0,0,0,0,0,0,0,0,0,0,0,0,0,0,0,0,0,0,0,0,0,0,0,0,0,0,0,0,0,0,0,0,0,0,0,0,0,0,0,0,0,0,0,0,0,0,0,0,0,0,0,0,0,0,0,0,0,0,0,0,0,0,0,0,0,0,0
2013,4,22,1,0,2746,0,3568018,0,568675,0,823273,0,14321,0,142045,0,0,0,0,0,248338,1,76141,0,0,0,285940,0,2926430,0,1864821,0,50537,0,21660,0,115743,0,683121,0,541908,0,90484,0,3568018,0,569908,0,408986,0,180429,1,51847,0,652761,0,100560,0,1603528,0,30601,0,370674,0,1266738,1,64485,0,7052354,0,6967555,0,0,0,1054,0,83745,0,6556851,0,5143191,0,168727,0,216965,0,55687,0,5766,0,120499,0,91047,0,36368,0,34034,0,154244,0,0,0,16403,0,14249,0,26174,0,32,0,473466,0,495504,0,511889,0,511889,0,0,0,495504,0,9608,0,955,0,5946,1,812,1,76,1,1820,1,1741,1,1758,0,17,1,5036,1,5036,0,0,0,0,0,0,0,0
2013,4,23,12,0,196,0,63998947,0,8332939,0,19013177,0,87474,0,3057279,0,130146,0,406014,0,7207127,0,170228,0,65301,0,16505747,0,14571332,0,8609060,0,298608,0,79032,0,1390628,0,869400,0,222839,0,979425,0,63998947,0,13638258,0,1037605,0,19272110,0,352679,0,4218901,0,1424361,0,24055034,0,395783,0,2782270,0,22153320,0,1276340,0,109545210,0,107337509,0,43789,0,144601,0,2019312,0,103304089,0,91961791,0,1024876,0,3174539,0,147880,0,23645,0,1230486,0,892599,0,158121,0,65631,0,1038739,0,18561,0,62905,0,325004,0,763239,0,6628,0,2409446,0,6241121,0,6791962,0,6801038,0,9076,0,6197333,0,569342,0,89844,0,189573,0,18901,0,17236,0,253788,0,-33331,0,27849,0,61180,0,58618,0,62666,0,4048,0,1360,0,505,0,0
2013,4,23,11,0,303,0,20779460,0,3738891,0,7983716,0,34924,0,1461432,0,18862,0,81233,0,2342130,0,130490,0,33191,0,1721310,0,6344635,0,3889445,0,17522,0,3737,0,448394,0,228178,0,52777,0,210359,0,20779460,0,5007366,0,1309869,0,3399663,0,297832,0,1539388,0,475011,0,8750331,0,201970,0,1196706,0,7586091,0,234436,0,44510875,0,44228783,0,11282,0,45649,0,225161,0,42423476,0,37260765,0,464448,0,1405329,0,74181,0,18428,0,605910,0,455469,0,82533,0,12104,0,458994,0,2035,0,59948,0,136099,0,514489,0,1749,0,870995,0,2087399,0,2162405,0,2162723,0,318,0,2076117,0,78122,0,20005,0,35670,0,235,0,-77,0,22288,0,4952,0,10870,0,5918,0,3214,0,3251,0,37,0,1496,0,1304,0,0
2013,4,23,10,0,700,0,24240379,0,4339268,0,9267173,0,46857,0,1885050,1,92583,1,88483,0,2465997,0,209678,1,29927,0,1974488,0,8434753,0,5485609,1,33223,1,5786,0,538537,0,148804,0,48150,0,318818,0,24240379,0,6027504,0,1137722,0,3620728,0,506905,0,2577466,0,513869,0,9856185,0,242585,0,1384571,0,8411664,0,182635,0,52094825,0,51778389,0,11838,0,41414,0,263185,0,49615059,0,43038373,0,665340,0,1716542,0,107075,0,20798,0,682925,0,628566,0,140115,0,19537,0,594373,1,2065,0,79450,0,219292,0,595834,1,2791,0,1101983,0,2479766,0,2591252,0,2591869,1,617,0,2467928,0,92862,0,15061,0,56733,1,433,0,2473,0,18161,0,36927,0,41148,0,4221,0,-6464,1,1244,1,7709,1,473,1,416,0,0
2013,4,23,9,0,2634,0,40348007,0,7243411,0,16905941,0,98854,0,3411518,1,12034,0,61387,0,4002392,0,295214,0,208028,0,2213154,0,14156423,0,9689586,1,82466,1,3022,0,630992,0,229086,0,49089,0,736511,0,40348007,0,9866739,0,2659873,0,6029589,0,1035468,0,3508277,0,695308,0,16552753,0,452274,0,1958984,0,14822895,0,681400,0,93137392,0,92479910,0,10410,0,99785,0,547287,0,88262278,0,74975487,0,1484940,0,3182798,0,221106,0,94452,0,1421918,0,1298012,0,337398,0,17941,0,796744,1,2242,0,157063,0,320197,0,1684019,0,1046,0,2266915,0,4875114,0,4982319,0,4983010,1,691,0,4864704,0,96928,0,23027,0,50472,0,679,0,3570,0,19179,0,19235,0,22265,0,3030,0,1452,0,1474,0,22,0,3119,1,3059,0,0
2013,4,23,8,0,4185,0,30340924,0,6193965,0,11962408,0,50328,0,2600912,0,0,1,20156,0,3204472,0,232714,1,3920,0,1372334,0,12430625,0,9025918,0,0,0,0,0,760083,0,183647,0,96796,0,548731,0,30340924,0,7164001,0,1807282,0,3873818,0,1159685,0,2856347,0,854508,0,12625283,0,154317,0,1643284,0,11018401,0,190719,0,77462694,0,76929415,1,927,0,128568,0,403784,0,72962456,0,60263015,0,1762341,0,3699958,0,179526,0,93399,0,1316802,0,1155243,0,158567,0,7425,0,415844,1,58,0,155415,0,335967,0,1095829,1,13,0,2323055,0,4500238,0,4518706,0,4535529,1,16823,0,4499310,0,20722,0,5648,0,28202,1,21,0,1959,0,-15109,0,-5756,0,6269,0,12025,1,4430,1,4430,0,0,1,27,1,14,0,0
2013,4,23,7,0,26156,0,54275332,0,10857375,0,18033793,0,120621,0,4884244,0,0,0,0,0,7227856,0,789162,0,140886,0,1951172,0,28392121,0,20684942,1,31715,1,15184,0,1817960,0,475672,0,215737,0,709862,0,54275332,0,10003967,0,3929404,0,7768337,0,3473613,0,6772328,0,640501,0,21687183,0,757693,0,5015931,0,17128536,0,1214978,0,153062247,0,151952238,1,4783,0,170561,0,934665,0,143205330,0,111930821,0,4470178,0,8371127,0,801976,0,231703,0,2430242,0,2733081,0,451800,0,36927,0,1118603,0,0,0,525952,0,375770,0,1847180,1,1849,0,7878121,0,9856917,0,9992117,0,10001744,1,9627,0,9852134,0,101635,0,27442,0,48668,5,,0,996,0,24529,0,35040,0,84351,0,49311,1,3308,1,3308,0,0,1,300,1,300,0,0
2013,4,23,6,0,19285,0,13906133,0,3542001,0,2771491,1,2372,0,1776972,0,0,0,0,0,1145398,0,630678,1,20679,0,341466,0,11543463,0,9041930,0,0,0,0,0,597414,0,329665,0,45694,0,296902,0,13906133,0,1698964,0,1619430,0,1281761,0,1769397,0,3353100,0,84768,0,4098711,0,316923,0,1056625,0,3196419,1,471256,0,41676401,0,41388129,1,2874,0,69022,0,216376,0,38373265,0,26978708,0,1707108,0,2668514,0,305495,0,34655,0,639927,0,989802,0,200545,0,25045,0,422086,0,0,0,111959,0,124748,0,433281,0,0,0,3731389,0,3303136,0,3296386,0,3296386,0,0,0,3300261,0,2414,1,869,0,9807,0,0,1,285,1,-8547,1,-6289,1,5990,1,12279,0,0,0,0,0,0,0,0,0,0,0,0
2013,4,23,5,0,26128,0,9268186,0,2255893,0,1629318,0,0,0,947832,0,0,0,0,0,826209,0,754766,1,88973,0,216525,0,8862545,0,6901705,0,0,0,0,0,286750,0,211431,0,90680,0,180330,0,9268186,0,768191,0,634574,0,1016019,0,685264,0,2004042,0,10046,0,4150049,0,237707,0,412453,0,3633696,1,133808,0,42419997,0,42327059,0,0,0,23806,0,69132,0,38932556,0,25522281,0,1894594,0,3981887,0,246733,0,27434,0,757671,0,1109104,0,170170,1,10781,0,353399,0,0,0,259767,0,109447,0,309375,0,0,0,4179911,0,3487442,0,3569972,0,3570218,1,247,0,3487442,0,55482,1,5784,0,15305,0,0,1,-93,1,34485,1,27048,1,34706,1,7658,0,0,0,0,0,0,0,0,0,0,0,0
2013,4,23,4,0,48911,0,8135507,0,2867394,0,1091137,1,405,0,265288,0,0,0,0,0,515837,0,705829,0,0,1,246700,0,11791994,0,9658417,0,0,0,0,0,220824,0,227695,0,207281,0,68911,0,8135507,0,760098,0,641739,0,912193,0,1624134,0,1776870,0,75622,0,2344850,0,445827,0,1202394,0,857607,1,160977,0,44538290,0,44386756,0,0,0,124253,0,27281,0,40156495,0,24287467,0,2631645,0,4045048,0,240305,0,45860,0,1022197,0,1079159,0,185857,1,8510,0,481831,0,0,0,189180,0,62236,0,648934,1,595,0,5227671,0,4381795,0,4292288,0,4388522,1,96234,0,4381795,0,-99794,1,455,0,2914,0,0,5,,1,-103164,1,10287,1,10287,0,0,0,0,0,0,0,0,0,0,0,0,0,0
2013,4,23,3,0,185028,0,5200570,0,2172222,0,411784,1,6460,0,184364,0,0,0,0,0,155692,0,572300,0,0,1,10870,0,15340429,0,13811899,0,0,0,0,1,77980,0,307517,0,225588,0,11361,0,5200570,0,491446,0,593182,0,680109,0,1669785,0,2006538,0,48349,0,-288839,0,311819,0,1099779,0,-1538029,0,162408,0,66166461,0,65824774,0,0,0,36253,0,305434,0,59418713,0,32594485,0,4788876,0,5351934,0,345310,0,35919,0,1260210,0,1703545,0,223283,0,16705,0,639230,0,0,0,446664,0,104781,0,413323,0,0,0,11494448,0,6747748,0,6759980,0,6759980,0,0,0,6747748,0,14560,0,0,0,3622,0,0,0,0,1,10938,1,-1999,1,104,1,2103,1,-329,1,14,1,343,0,0,0,0,0,0
2013,4,23,2,0,54149,0,0,0,0,0,0,0,0,0,0,0,0,0,0,0,0,0,0,0,0,0,0,0,0,0,0,0,0,0,0,0,0,0,0,0,0,0,0,0,0,0,0,0,0,0,0,0,0,0,0,0,0,0,0,0,0,0,0,0,0,0,0,0,9635140,0,9456476,0,16,0,29832,0,148816,0,7825101,0,4409368,0,318387,0,473082,0,64948,1,2460,0,166084,0,166288,0,47734,1,202,0,60962,1,21,0,62116,1,867,0,42307,0,0,0,2010275,0,1810039,0,2220883,0,2220883,0,0,0,1810023,0,411218,0,14,0,209,0,0,0,26,1,410968,0,-358,0,0,0,358,0,0,0,0,0,0,0,0,0,0,0,0
2013,4,23,1,0,367675,0,270493445,0,51543358,0,89069937,0,448295,0,20474892,0,253625,0,657273,0,29093108,0,4491061,0,590905,0,26553766,0,131868319,0,96798512,0,463534,0,106761,0,6769561,0,3211094,0,1254631,0,4061210,0,270493445,0,55426534,0,15370679,0,47854326,0,12574763,0,30613258,0,4822343,0,103831540,0,3516900,0,17752997,0,87270599,0,4708956,0,734249534,0,728089437,0,85919,0,913744,0,5160433,0,684478819,0,533222560,0,21212731,0,38070759,0,2734534,0,628752,0,11534371,0,12210871,0,2156123,0,220809,0,6380803,0,24982,0,2110421,0,2114409,0,8347811,0,14672,0,43494210,0,49770714,0,51178270,0,51311903,0,133633,0,49684795,0,1343490,0,188151,0,441175,0,20269,0,26376,0,667518,0,85756,0,243839,0,158083,0,64229,0,76387,0,12158,0,6776,0,5598,0,0
2013,4,31,12,0,481,0,143421749,0,14967273,0,24587212,0,601777,0,26934095,0,371591,0,673588,0,6534706,0,529197,0,112975,0,21305215,0,79974819,0,49324836,0,2446769,0,145846,0,2544576,0,8585205,0,2044792,0,5971780,0,143421749,0,12995059,0,5702219,0,13128175,0,2014117,0,20991657,0,7696550,0,80893972,0,1953568,0,6442164,0,78309606,0,5811367,0,199113679,0,196129151,0,34698,0,189823,0,2760007,0,183325700,0,140901905,0,1660851,0,12919054,0,728434,0,159148,0,1633347,0,2653668,0,1056390,0,447760,0,4801007,0,204710,0,2401193,0,1165652,0,2638533,0,20438,0,9933610,0,15787979,0,17672329,0,17675136,0,2807,0,15753281,0,1807801,0,1040608,0,341726,0,182989,0,7614,0,234864,0,36205,0,60783,0,24578,0,75042,0,80760,0,5718,0,12354,0,2355,0,9997
2013,4,31,11,0,597,0,40969695,0,4582409,0,9063239,0,182369,0,10071774,0,39542,0,214006,0,1668092,0,236339,0,16816,0,3548592,0,26924200,0,17630622,0,80313,0,12341,0,650282,0,1677475,0,546024,0,567971,0,40969695,0,4462828,0,2557283,0,3753531,0,905951,0,4506685,0,931661,0,23851756,0,375806,0,1947751,0,22579204,0,1051006,0,76463209,0,75944500,0,14069,0,85514,0,419127,0,70837922,0,55269284,0,964400,0,4683642,0,235237,0,54674,0,903105,0,1328888,0,316129,0,107962,0,1542539,0,3055,0,473264,0,396405,0,1068903,0,19048,0,3471386,0,5625288,0,6172238,0,6172238,0,0,0,5611218,0,546397,0,252436,0,56045,0,15945,0,4081,0,217890,0,18994,0,20580,0,1586,0,-4371,0,1863,0,6234,0,3090,0,877,0,2208
2013,4,31,10,0,1293,0,44195797,0,5161227,0,10126240,0,154746,0,11881298,1,15309,1,73494,0,1737410,0,425826,1,17611,0,2788487,0,29019456,0,19074187,1,9679,0,0,0,590932,0,1395474,0,528763,0,711053,0,44195797,0,5610725,0,3519716,0,3647589,0,893670,0,4866716,0,940822,0,24716559,0,509263,0,1678147,0,23773595,0,1244446,0,87041066,0,86429886,0,7452,0,112315,0,491413,0,79903005,0,61070490,0,1395249,0,5987389,0,325436,0,55056,0,1036660,0,1304811,0,354134,0,99204,0,1566355,0,0,0,565905,0,353063,0,1044329,0,13328,0,4731596,0,7138061,0,7523437,0,7523437,0,0,0,7130610,0,380796,0,222630,0,51465,0,6142,0,132,0,100427,0,10867,0,14571,0,3705,0,1165,0,3954,1,2789,1,1620,1,643,1,977
2013,4,31,9,0,3667,0,56315053,0,8255283,0,13628670,0,208000,0,13837343,1,1955,0,75588,0,2167818,0,437781,0,63227,0,3003374,0,40115029,0,27802403,0,50612,1,13112,0,753842,0,1478854,0,537247,0,1006439,0,56315053,0,6769558,0,4225144,0,4789730,0,1653172,0,6422795,0,862083,0,31592572,0,841035,0,2863285,0,29547803,0,1659552,0,119719871,0,118666689,0,5750,0,112176,0,935256,0,109418596,0,84179930,0,2514160,0,7507460,0,400786,0,124594,0,1546583,0,2137249,0,487250,0,125864,0,1845682,1,8664,0,600080,0,486671,0,1667518,0,6555,0,5779553,0,10301275,0,10761183,0,10761681,1,497,0,10295525,0,444471,0,247520,0,84630,0,16245,0,1453,0,94622,0,20035,0,21927,0,1893,0,1153,0,3729,1,2577,0,5557,0,5341,1,216
2013,4,31,8,0,5234,0,36820205,0,6329343,0,9338762,0,105920,0,9687865,0,0,1,7036,0,1060844,0,428696,1,48131,0,1181671,0,28030521,0,20359902,0,323,0,223,0,422030,0,853133,0,398597,0,296491,0,36820205,0,4831429,0,2352280,0,2509697,0,1561496,0,4630577,0,665151,0,20269575,0,679578,0,1567092,0,19138644,0,1115739,0,84476253,0,83676612,0,2118,0,206205,0,591318,0,76761529,0,57489386,0,2427455,0,6041905,0,442015,0,77328,0,1419527,0,1640050,0,378884,0,50625,0,974706,1,417,0,430079,0,280305,0,1348652,1,1963,0,3758232,0,7714724,0,7901462,0,7901462,0,0,0,7712606,0,167224,0,78683,0,40007,1,741,0,-918,0,48712,0,18437,0,19168,1,731,1,3194,1,3194,0,0,1,1329,1,1329,0,0
2013,4,31,7,0,17570,0,40374758,0,8072896,0,10829843,0,68438,0,8655198,0,0,0,0,0,1300868,0,857263,1,38459,0,1360420,0,35456664,0,27702510,0,0,0,0,0,636391,0,1543906,0,1043158,0,436956,0,40374758,0,6272429,0,2128600,0,2672073,0,2157460,0,5913208,0,375752,0,20855237,0,972248,0,2379152,0,19461027,0,1957190,0,111176392,0,110347797,1,3329,0,122703,0,702563,0,100595497,0,71665267,0,4587949,0,8410821,0,717662,0,138562,0,2284420,0,2686836,0,526891,0,69634,0,1032951,0,0,0,337491,0,637826,0,1511031,1,3954,0,5984202,0,10580896,0,10893641,0,10893641,0,0,0,10577567,0,292708,0,34545,0,38486,1,547,1,-2554,0,221685,0,22203,1,25273,1,3070,1,1163,1,1163,0,0,1,1254,1,1254,0,0
2013,4,31,6,0,10280,0,7428041,0,2000244,0,1911164,1,11353,0,1265818,0,0,0,0,0,130988,0,308111,0,0,0,358676,0,8777281,0,7484725,0,0,0,0,0,90139,0,280270,0,234090,0,35517,0,7428041,0,855831,0,660270,0,621250,0,501855,0,1168747,1,90353,0,3529734,0,289217,0,666102,0,3044844,0,470428,0,25219547,0,25020167,0,0,1,80726,0,118655,0,22936980,0,14572425,0,1447206,0,2604993,0,222509,0,18265,0,672296,0,647510,0,101145,0,7048,0,288002,0,0,0,148272,0,113839,0,275622,0,0,0,1817849,0,2282567,0,2298587,0,2298587,0,0,0,2282567,0,10893,1,3647,0,3943,0,0,1,2916,1,387,1,4778,1,4961,1,183,1,348,1,348,0,0,0,0,0,0,0,0
2013,4,31,5,0,13314,0,4955787,0,1124295,0,1283042,0,0,0,707128,0,0,0,0,0,228200,0,441679,0,0,1,29784,0,4589735,0,3691050,0,0,0,0,1,38431,0,281603,0,142071,0,65010,0,4955787,0,946113,0,278705,0,244168,0,421621,0,633865,1,74786,0,2356529,0,242433,0,810701,0,1304392,1,997,0,17610726,0,17509013,0,0,1,29133,0,72580,0,15801872,0,10697199,0,867878,0,1112995,0,152104,0,23898,0,530199,0,396224,0,65240,0,34205,0,205502,0,0,0,136958,0,23407,0,226628,0,0,0,1329436,0,1808854,0,1813549,0,1813549,0,0,0,1808854,0,4695,1,137,0,2548,1,2010,0,0,0,0,0,0,0,0,0,0,0,0,0,0,0,0,0,0,0,0,0,0
2013,4,31,4,0,17034,0,2827830,0,772612,0,622242,0,0,0,294423,0,0,0,0,0,216588,1,193902,0,0,1,61802,0,4035536,0,3527156,0,0,0,0,1,10767,0,350984,0,195146,0,-8725,0,2827830,0,299515,0,202431,0,262107,1,411592,0,729665,1,671,0,921849,0,312987,0,434211,0,323142,1,148490,0,13873102,0,13597619,0,0,1,477,0,275007,0,12248415,0,6182320,0,1166155,0,1731580,0,149785,1,2040,0,504052,0,446622,0,67809,0,11948,0,94849,0,0,0,125083,0,46182,0,89718,0,0,0,1630273,0,1624687,0,1630894,0,1630894,0,0,0,1624687,0,6207,1,2430,0,2060,0,0,1,140,1,1578,0,0,0,0,0,0,0,0,0,0,0,0,0,0,0,0,0,0
2013,4,31,3,0,30098,0,1179614,0,575360,0,148914,0,0,0,128570,0,0,0,0,1,9631,1,58520,0,0,1,687,0,3013451,0,2742402,0,0,0,0,0,0,0,49155,0,30353,0,-31920,0,1179614,0,65700,0,221804,0,330649,0,400724,0,293271,1,61411,0,-193945,0,208569,0,404902,0,-715033,1,92384,0,8500894,0,8493914,0,0,1,3874,1,3107,0,7274925,0,3581278,0,535396,0,711677,0,77786,1,1290,0,438577,0,179832,0,28097,1,1845,0,62877,0,0,0,50508,1,13361,0,45125,0,0,0,1547274,0,1225970,0,1226120,0,1226120,0,0,0,1225970,1,151,1,123,1,27,0,0,0,0,0,0,0,0,0,0,0,0,0,0,0,0,0,0,0,0,0,0,0,0
2013,4,31,2,0,10694,0,0,0,0,0,0,0,0,0,0,0,0,0,0,0,0,0,0,0,0,0,0,0,0,0,0,0,0,0,0,0,0,0,0,0,0,0,0,0,0,0,0,0,0,0,0,0,0,0,0,0,0,0,0,0,0,0,0,0,0,0,0,0,5696767,0,5055224,1,347,0,418330,0,222866,0,4727652,0,3091967,0,241960,0,480063,0,15523,0,2261,0,105236,0,114033,0,39301,0,13062,0,60802,0,0,0,47008,0,8329,0,45214,0,21,0,462873,0,969115,0,4410351,0,4410351,0,0,0,968768,0,3441583,1,6579,0,1333,0,0,0,478,0,3433192,0,0,0,0,0,0,0,0,0,0,0,0,1,1090,0,0,1,1090
2013,4,31,1,0,110263,0,378488530,0,51840942,0,81539328,0,1332603,0,83463511,0,428397,0,1043711,0,15055146,0,3917316,0,297219,0,33638707,0,259936691,0,179339792,0,2587697,0,171522,0,5737389,0,16496059,0,5700239,0,9050573,0,378488530,0,43109187,0,21848452,0,31958969,0,10921658,0,50157185,0,11699242,0,208793837,0,6384705,0,19193507,0,196767222,0,13551598,0,748891508,0,740870571,0,67763,0,1361275,0,6591899,0,683832092,0,508701452,0,17808660,0,52191578,0,3467277,0,657115,0,11074002,0,13535722,0,3421268,0,969156,0,12475273,0,216846,0,5315842,0,3525039,0,9961273,0,65307,0,40446283,0,65059416,0,72303792,0,72307096,1,3304,0,64991653,0,7102926,0,1889339,0,622270,0,224618,0,13342,0,4353356,0,131519,0,167265,0,35746,0,77694,0,95011,0,17318,0,26293,0,11798,0,14488
2013,4,41,12,0,557,0,166333426,0,11199778,0,31318027,0,552885,0,48643483,0,70301,0,719445,0,6992909,0,528689,0,71309,0,20674354,0,58435849,0,30172461,0,102995,0,77143,0,5977482,0,8997155,0,1464741,0,4868881,0,166333426,0,27370612,0,15176982,0,13707588,0,2737532,0,29506512,0,8664712,0,69169488,0,1451746,0,4936995,0,66671547,0,3890801,0,456505679,0,450766783,0,67745,0,497373,0,5173779,0,441484975,0,376217154,0,1739202,0,26007924,0,1534480,0,258967,0,4366197,0,4342348,0,1353749,0,472832,0,4865879,0,2643,0,3094804,0,1045663,0,2811035,0,15797,0,13356302,0,15020704,0,16011422,0,16028528,0,17106,0,14952959,0,988225,0,264507,0,539017,0,48247,0,2871,0,133584,0,105169,0,117413,0,12244,0,-34931,0,60156,0,95087,0,12949,0,7580,0,5369
2013,4,41,11,0,933,0,64297115,0,5668473,0,13729273,0,242968,0,23945798,0,8796,0,61013,0,2941672,0,491147,0,92289,0,4582486,0,18845348,0,10744585,0,4550,0,1506,0,1191643,0,2948206,0,593993,0,1369473,0,64297115,0,10536071,0,12570049,0,5076441,0,1873569,0,7435508,0,1125293,0,25680185,0,678564,0,2101327,0,23811167,0,910873,0,204444665,0,202157284,0,11662,0,120132,0,2155587,0,197890267,0,171072001,0,1335247,0,10442942,0,563936,0,124304,0,1857654,0,1701206,0,575909,0,205969,0,1281461,0,104,0,1277915,0,298999,0,1057437,0,2549,0,6092634,0,6554398,0,6831401,0,6832262,0,861,0,6542736,0,262853,0,86562,0,112586,0,3570,0,1240,0,58896,0,18988,0,36796,0,17808,0,6824,0,16790,0,9965,0,3201,0,1107,0,2048
2013,4,41,10,0,2371,0,81113646,0,8257612,0,17171664,0,256528,0,34745029,0,8605,1,156957,0,3470745,0,585108,0,67182,0,3244990,0,22219837,0,13095481,0,0,0,0,0,1324527,0,2685020,0,641666,0,1170046,0,81113646,0,12980882,0,22569966,0,5522656,0,3049166,0,8233524,0,988710,0,27768742,0,1453586,0,3025464,0,24614073,0,1324381,0,267773223,0,263864964,0,10630,0,183514,0,3714114,0,259530936,0,223204384,0,2059653,0,14557254,0,686699,0,163634,0,2745612,0,2157353,0,782867,0,198378,0,1455511,1,102,0,1816286,0,345187,0,1247066,0,15886,0,8095065,0,8242286,0,8640976,0,8669328,1,28352,0,8231656,0,360275,0,61116,0,85945,0,6836,0,2164,0,204214,0,32848,0,41123,0,8275,0,16196,0,22461,0,6264,1,1783,1,786,1,997
2013,4,41,9,0,7596,0,117049940,0,13165436,0,23801619,0,331733,0,53670733,1,8446,1,66882,0,4052745,0,1206679,0,119852,0,4703469,0,29022186,0,18266313,1,9581,1,2163,0,1472280,0,3987159,0,1179217,0,1542298,0,117049940,0,17361245,0,35237220,0,7122932,0,4753016,0,9420282,0,1333790,0,41821454,0,2249159,0,5198722,0,36330189,0,1956617,0,423228681,0,416979839,0,10330,0,208880,0,6029631,0,410698487,0,351889771,0,4349998,0,23677527,0,985628,0,248267,0,4499827,0,4041061,0,1165481,0,256670,0,1518281,1,210,0,3007000,0,503636,0,1955130,0,20407,0,12579593,0,12530194,0,13075922,0,13075922,0,0,0,12519864,0,522323,0,100943,0,163797,0,12345,0,17182,0,228056,0,29250,0,37748,0,8498,0,4484,0,7330,0,2846,0,3882,1,772,1,3087
2013,4,41,8,0,10143,0,72651944,0,8943022,0,16910140,0,200023,0,30996893,1,6974,0,0,0,3071636,0,682497,1,160800,0,2173013,0,18582618,0,11894297,1,170916,1,29420,0,951048,0,2338967,0,744706,0,531867,0,72651944,0,12034107,0,16125544,0,5480025,0,2969330,0,6460355,0,1232979,0,28349604,0,2010061,0,4110827,0,23405950,0,1177234,0,252301797,0,249590213,0,4092,0,143172,0,2564321,0,242895301,0,205461394,0,3051314,0,14187217,0,745961,0,288994,0,2857254,0,2354266,0,824102,0,148182,0,662712,0,0,0,1521549,0,342878,0,1084072,1,7589,0,9357817,0,9406496,0,9881462,0,9881462,0,0,0,9402404,0,433255,0,83491,0,87132,1,1591,0,13648,0,247393,0,39196,0,40522,1,1325,1,6607,1,7412,1,805,1,1926,1,1534,1,392
2013,4,41,7,0,47752,0,106503819,0,15792525,0,22741153,0,211627,0,38876129,1,31859,1,8611,0,4256291,0,1573918,1,158296,0,4680201,0,40673343,0,28237828,1,510,1,510,0,2244028,0,5011714,0,2259824,0,1165032,0,106503819,0,21222460,0,10713255,0,9060648,0,6146050,0,14584198,0,1417184,0,43360025,0,2822300,0,5648257,0,36585427,0,1695959,0,413353628,0,409790609,0,6052,0,288621,0,3268346,0,396821755,0,317938569,0,8606541,0,27154309,0,1599101,0,445942,0,6328018,0,6697214,0,1362564,0,313163,0,1642043,0,0,0,2373250,0,729111,0,1867995,1,7476,0,19756460,0,16531873,0,17233595,0,17234929,0,1334,0,16525822,0,644408,0,73201,0,96831,1,6,0,1705,0,472666,0,41960,0,44129,1,2169,1,21406,1,23731,1,2325,1,2609,1,2573,0,36
2013,4,41,6,0,42018,0,29376890,0,5655653,0,4382447,0,56460,0,10880903,1,987,1,14108,0,1046132,0,783388,1,83942,0,676436,0,13068584,0,9413550,1,14,0,0,0,729880,0,1964800,0,978961,0,538588,0,29376890,0,5892009,0,1373394,0,1589804,0,3557586,0,4061445,0,272763,0,12629890,0,1248763,0,3005504,0,9253239,0,877616,0,131472287,0,130274347,1,1,0,97856,0,1100084,0,125835121,0,100437458,0,3558565,0,8197156,0,419738,0,100902,0,2500496,0,1899531,0,337565,0,104829,0,532028,0,0,0,884589,0,184015,0,430156,1,826,0,6247266,0,5637167,0,5859402,0,5863807,1,4404,0,5637166,0,218416,0,10570,0,16620,1,77,1,-7876,1,199025,0,-158,1,11481,1,11639,1,3978,1,3978,0,0,0,0,0,0,0,0
2013,4,41,5,0,48770,0,17541047,0,4467565,0,1958767,1,5458,0,5740050,0,0,0,0,0,674596,0,743909,0,0,0,527230,0,7719758,0,5546175,0,0,0,0,0,289953,0,1431077,0,855837,0,395613,0,17541047,0,2200226,0,760886,0,1370374,0,2515595,0,2225230,0,125443,0,8343293,0,1236138,0,2330771,0,5050383,1,273999,0,88121182,0,87564727,1,890,1,56762,0,498803,0,83870096,0,64918364,0,2793079,0,4470997,0,353810,0,62122,0,2250996,0,1350845,0,235002,0,86327,0,325635,0,0,0,666076,0,85029,0,147759,0,0,0,6124054,0,4251086,0,4368179,0,4368179,0,0,0,4250196,0,110646,1,4592,0,9548,0,0,0,0,1,96506,1,7337,1,7337,0,0,0,0,0,0,0,0,0,0,0,0,0,0
2013,4,41,4,0,79540,0,13476961,0,3505296,0,848915,0,0,0,4898154,0,0,0,0,0,365794,0,507221,0,0,0,213526,0,8266664,0,6205633,0,0,0,0,0,180436,0,1601266,0,845836,0,141160,0,13476961,0,1611048,0,569002,0,920790,0,2598607,0,1485114,0,334966,0,5957433,0,1156201,0,1496878,0,3474062,1,169707,0,87718586,0,86971895,1,111,1,45718,0,700862,0,83231297,0,63154184,0,3008696,0,5078211,0,339416,0,40282,0,2638486,0,1429836,0,179531,0,90211,0,386489,0,0,0,613389,0,115914,0,222932,0,0,0,5933721,0,4487289,0,4506455,0,4506455,0,0,0,4487178,0,9450,1,327,0,6718,0,0,1,231,1,2173,1,9827,1,10379,1,552,0,0,0,0,0,0,0,0,0,0,0,0
2013,4,41,3,0,138812,0,4706471,0,1622148,0,284378,1,110,0,1434760,0,0,0,0,0,168843,0,220832,0,0,1,17366,0,4433976,0,3802959,0,0,0,0,1,1667,0,933060,0,687021,0,79531,0,4706471,0,637463,0,229626,0,740555,0,1978478,0,588463,0,176494,0,355392,0,601674,0,1058769,0,-1071623,1,233428,0,57658829,0,57146187,0,0,1,42528,0,470113,0,52996951,0,37548447,0,2914046,0,2982483,0,226913,0,17040,0,1917161,0,968490,0,114924,0,44541,0,198215,0,0,0,405427,0,155844,0,162340,1,45604,0,5295477,0,4661878,0,4854832,0,4854832,0,0,0,4661878,0,162809,1,77,0,518,0,0,1,-169,1,162384,1,30055,1,30055,0,0,1,90,1,90,0,0,0,0,0,0,0,0
2013,4,41,2,0,44887,0,0,0,0,0,0,0,0,0,0,0,0,0,0,0,0,0,0,0,0,0,0,0,0,0,0,0,0,0,0,0,0,0,0,0,0,0,0,0,0,0,0,0,0,0,0,0,0,0,0,0,0,0,0,0,0,0,0,0,0,0,0,0,19768535,0,18828832,0,0,0,284596,0,655107,0,17876096,0,13490968,0,458897,0,1267154,0,40648,0,71000,0,548272,0,287268,0,70094,0,12209,0,71898,0,0,0,72448,0,22562,0,62413,1,1276,0,1398988,0,1892439,0,3404514,0,3404514,0,0,0,1892439,0,1512686,0,280,0,3382,0,998,1,-80,0,1508107,1,-52,0,0,1,52,0,-559,0,0,0,559,0,70,0,70,0,0
2013,4,41,1,0,423379,0,673051260,0,78277506,0,133146382,0,1857793,0,253831931,0,135967,0,1027016,0,27041363,0,7323387,0,753671,0,41493071,0,221268163,0,137379282,0,288567,0,110742,0,14362943,0,31898423,0,10251801,0,11802488,0,673051260,0,111846123,0,115325923,0,50591814,0,32178930,0,84000631,0,15672335,0,263435505,0,14908191,0,32913514,0,228124414,0,12510615,0,2402347094,0,2373935681,0,111513,0,1969152,0,26330748,0,2313131283,0,1925332693,0,33875238,0,138023174,0,7496328,0,1821455,0,32509973,0,27229419,0,7001788,0,1933309,0,12940154,1,3059,0,15732732,0,3828838,0,11048335,0,117409,0,94237377,0,89215811,0,94668161,0,94720219,0,52058,0,89104298,0,5225347,0,685665,0,1122092,0,73670,0,30916,0,3313004,0,314421,0,376983,0,62562,0,24095,0,141947,0,117852,0,26419,0,14421,0,11930
2013,4,42,12,0,356,0,96254011,0,6570032,0,23368316,0,392687,0,31491297,0,4132,0,684516,0,3658777,0,248737,0,20513,0,8739694,0,23140096,0,11938206,0,102133,0,76281,0,1192690,0,7158222,0,1030105,0,3312135,0,96254011,0,18987736,0,8179691,0,7136261,0,1887693,0,18106775,0,2187714,0,39768141,0,422304,0,2785561,0,38394812,0,1834536,0,271195206,0,269112513,0,20275,0,368371,0,1694047,0,263131774,0,232211065,0,1182145,0,12263843,0,585330,0,135692,0,1719059,0,1756247,0,810808,0,366482,0,2408857,0,0,0,1213286,0,620585,0,1442416,0,5538,0,6410422,0,8063432,0,8624000,0,8641106,0,17106,0,8043157,0,602299,0,228109,0,280766,0,47100,0,-527,0,46852,0,21573,0,32484,0,10910,0,-43030,0,50061,0,93091,0,11085,0,7580,0,3505
2013,4,42,11,0,593,0,41375599,0,3247938,0,10761736,0,211011,0,14353129,0,8796,0,57689,0,2110022,0,279766,0,42177,0,3170656,0,10706712,0,6222389,0,3989,0,1021,0,462599,0,2161818,0,429378,0,872371,0,41375599,0,8182487,0,5060899,0,3399988,0,971130,0,4958356,0,791052,0,18011686,0,431432,0,1299803,0,16943828,0,663376,0,127946581,0,127012758,0,8513,0,81286,0,844025,0,123516205,0,108012924,0,943015,0,6079657,0,302528,0,94819,0,937197,0,929318,0,366647,0,156226,0,725587,0,96,0,551707,0,216195,0,604607,0,1126,0,3594556,0,4430376,0,4618338,0,4619198,0,861,0,4421863,0,178416,0,71411,0,76441,0,2341,0,517,0,27706,0,13477,0,15878,0,2401,0,4581,0,11657,0,7076,0,1071,0,510,0,515
2013,4,42,10,0,1213,0,41992629,0,3855392,0,12138897,0,195858,0,15142973,0,8605,1,141419,0,2127603,0,281591,1,23024,0,1918245,0,11501504,0,6990104,0,0,0,0,0,498345,0,1230373,0,312398,0,623017,0,41992629,0,9956273,0,5742246,0,3061210,0,1584600,0,4197075,0,415000,0,17036224,0,399794,0,1195601,0,16243667,0,802838,0,136699597,0,135729466,0,8581,0,104444,0,857106,0,131685374,0,114045804,0,1361866,0,6885468,0,340434,0,114054,0,1187641,0,1019706,0,416559,0,95761,0,763085,0,0,0,495533,0,260782,0,669035,0,6317,0,4023328,0,5014222,0,5128421,0,5156773,1,28352,0,5005641,0,89768,0,50020,0,39945,0,6141,0,1008,0,-7346,0,16028,0,18660,1,2632,0,16984,0,20768,1,3784,1,1712,1,786,1,926
2013,4,42,9,0,3649,0,56331226,0,6623386,0,16076648,0,268382,0,19528179,1,8446,1,65327,0,2639110,0,521334,0,92804,0,3063390,0,15008198,0,9883953,1,5573,1,1458,0,640896,0,1815842,0,499898,0,895783,0,56331226,0,12276533,0,6771851,0,3803430,0,2023426,0,4585741,0,782734,0,26087510,0,673152,0,2088944,0,24498619,0,1173205,0,195876127,0,194607884,0,6670,0,134030,0,1127543,0,188102044,0,159762435,0,2727367,0,11144634,0,481453,0,157025,0,1878495,0,2149002,0,541586,0,126778,0,774589,0,0,0,740752,0,345421,0,938793,0,12683,0,6321031,0,7774083,0,8175327,0,8175327,0,0,0,7767413,0,384447,0,88351,0,78760,0,11679,0,8288,0,197369,0,23607,0,27519,0,3913,0,-140,0,2038,1,2178,0,1966,1,577,1,1366
2013,4,42,8,0,5272,0,38322390,0,4323250,0,12445289,0,167998,0,13043527,1,6974,0,0,0,1984966,0,186620,1,160800,0,1265425,0,10262286,0,6744503,1,170916,1,29420,0,394318,0,941665,0,196379,0,274655,0,38322390,0,8640849,0,4490869,0,3658155,0,1541065,0,3430344,0,685920,0,15875188,0,662845,0,2176811,0,13768082,0,732549,0,143731165,0,142722001,1,3841,0,91335,0,913987,0,138071342,0,118270448,0,2108361,0,7473642,0,408472,0,222088,0,1339424,0,1252182,0,362700,0,68205,0,318860,0,0,0,281017,0,272033,0,615693,1,7551,0,5070665,0,5659823,0,5896189,0,5896189,0,0,0,5655981,0,202399,0,42680,0,56264,1,972,0,721,0,101762,0,32098,1,33401,1,1303,1,5711,1,5738,1,27,1,1926,1,1534,1,392
2013,4,42,7,0,22830,0,54158327,0,8330574,0,16476177,0,180016,0,16076748,1,31859,1,8611,0,2555234,0,888241,1,70018,0,2671083,0,18955296,0,13633888,1,510,1,510,0,468012,0,1812670,0,773896,0,401603,0,54158327,0,13909800,0,4109737,0,4284760,0,2702416,0,5159077,0,909133,0,23083404,0,1332778,0,2489396,0,20486142,0,1224913,0,218119931,0,216694772,0,4092,0,188299,0,1232768,0,208377327,0,169553780,0,4560410,0,12915048,0,814080,0,267884,0,2898299,0,4063093,0,552539,0,116956,0,772346,0,0,0,680957,0,460654,0,903720,1,6913,0,9810648,0,9742604,0,10073454,0,10073454,0,0,0,9738512,0,296120,0,36009,0,44049,1,2,0,2385,0,213675,0,24365,0,26055,1,1690,1,14457,1,16619,1,2161,1,2573,1,2573,0,0
2013,4,42,6,0,14732,0,10482667,0,1931138,0,2662143,1,5498,0,3470439,0,0,0,4,0,329030,0,436930,1,83942,0,125521,0,3597395,0,2685370,1,14,0,0,0,177008,0,305122,0,209823,0,264672,0,10482667,0,3135252,0,638577,0,558305,0,848656,0,1075621,0,64740,0,4161516,0,314768,0,946773,0,3287341,0,387367,0,46457021,0,46287718,0,0,1,32654,0,136649,0,43952461,0,34743205,0,1401293,0,2987482,0,133598,0,53070,0,805171,0,490654,0,106522,0,10616,0,131679,0,0,0,277253,0,79630,0,179249,1,826,0,2552213,0,2504560,0,2701580,0,2701580,0,0,0,2504560,0,196676,1,2630,0,3876,1,77,1,-6708,1,196801,1,262,1,262,0,0,1,82,1,82,0,0,0,0,0,0,0,0
2013,4,42,5,0,14970,0,5542622,0,1620965,0,1094371,1,150,0,1389065,0,0,0,0,0,332814,1,124062,0,0,1,234649,0,2446487,0,1884392,0,0,0,0,1,35628,0,271362,0,183260,1,61020,0,5542622,0,858036,0,155790,0,288511,0,506208,0,605204,1,31599,0,3097272,0,624912,0,1577753,0,1097233,1,202626,0,21233045,0,21070461,1,890,1,33317,0,128377,0,19424920,0,13963616,0,1257793,0,1196672,0,87195,0,16197,0,360001,0,322635,0,66702,0,18037,0,76735,0,0,0,221053,0,58852,0,71018,0,0,0,1708414,0,1808125,0,1883865,0,1883865,0,0,0,1807235,0,72111,1,2655,0,4608,0,0,0,0,1,64847,1,4519,1,4519,0,0,0,0,0,0,0,0,0,0,0,0,0,0
2013,4,42,4,0,20929,0,3826513,0,1308265,0,410243,0,0,0,845635,0,0,0,0,0,191360,1,203395,0,0,1,64889,0,2138918,0,1507375,0,0,0,0,1,48441,0,214695,0,105424,0,13470,0,3826513,0,518572,0,142258,0,352073,0,565563,0,323605,1,85927,0,1838515,0,380877,0,552583,0,971901,1,66846,0,27143180,0,26848953,1,111,1,7360,0,286757,0,25149169,0,18950864,0,1209777,0,1609661,0,66816,1,22445,0,461092,0,274693,0,36189,0,5693,0,150379,0,0,0,119193,0,91581,0,101850,0,0,0,2048937,0,1994011,0,2005316,0,2005316,0,0,0,1993900,0,4310,1,310,0,1596,0,0,1,231,1,2173,1,7105,1,7105,0,0,0,0,0,0,0,0,0,0,0,0,0,0
2013,4,42,3,0,57858,0,1887885,0,845737,0,150420,0,0,0,233824,0,0,0,0,0,94591,0,131948,0,0,1,12595,0,1567868,0,1308844,0,0,0,0,0,0,0,395892,0,258140,0,21995,0,1887885,0,137050,0,118678,0,217284,0,804297,0,215855,0,73473,0,321248,0,205610,0,344931,0,-228174,1,1119,0,21827415,0,21787767,0,0,1,9364,0,30283,0,19562441,0,13972370,0,1375928,0,929605,0,65986,1,4698,0,399550,0,308710,0,45150,0,22574,0,78822,0,0,0,78484,0,109419,0,74435,1,83,0,2096627,0,2264973,0,2266578,0,2266578,0,0,0,2264973,0,279,1,73,0,207,0,0,0,0,0,0,1,1236,1,1236,0,0,1,90,1,90,0,0,0,0,0,0,0,0
2013,4,42,2,0,19448,0,0,0,0,0,0,0,0,0,0,0,0,0,0,0,0,0,0,0,0,0,0,0,0,0,0,0,0,0,0,0,0,0,0,0,0,0,0,0,0,0,0,0,0,0,0,0,0,0,0,0,0,0,0,0,0,0,0,0,0,0,0,0,9056570,0,8520270,0,0,0,153284,0,383016,0,8077631,0,6120351,0,216208,0,651275,0,16737,0,68707,0,163925,0,127165,0,26402,0,6779,0,37206,0,0,0,15284,0,8860,0,34755,0,0,0,583977,0,978939,0,1964561,0,1964561,0,0,0,978939,0,985621,0,280,0,1460,0,0,1,-80,1,983961,0,0,0,0,0,0,0,0,0,0,0,0,0,0,0,0,0,0
2013,4,42,1,0,161850,0,350173868,0,38656677,0,95584241,0,1421600,0,115574816,0,68812,0,957567,0,16023507,0,3302622,0,493278,0,21266146,0,99324759,0,62799023,0,283135,0,108689,0,3917936,0,16307661,0,3998700,0,6740723,0,350173868,0,76602587,0,35410597,0,26759978,0,13435054,0,42657655,0,6027293,0,149280705,0,5448473,0,15458156,0,135463450,0,7089375,0,1219285839,0,1210394563,0,52973,0,1203745,0,7634559,0,1169050690,0,989606862,0,18344162,0,64136988,0,3302629,0,1156680,0,12149854,0,12693405,0,3331805,0,994106,0,6238146,0,96,0,4674518,0,2524012,0,5635570,0,41038,0,44220820,0,50235150,0,53337627,0,53383946,1,46319,0,50182176,0,3012447,0,522527,0,587973,0,68312,0,5836,0,1827799,0,144268,0,167117,0,22849,0,-1265,0,107053,0,108317,0,20331,0,13559,0,6704
2013,4,44,12,0,201,0,70079415,0,4629747,0,7949711,0,160198,0,17152186,0,66169,0,34928,0,3334132,0,279952,0,50797,0,11934660,0,35295753,0,18234255,0,862,0,862,0,4784792,0,1838933,0,434636,0,1556746,0,70079415,0,8382876,0,6997291,0,6571328,0,849839,0,11399736,0,6476998,0,29401347,0,1029442,0,2151435,0,28276735,0,2056265,0,185310473,0,181654270,0,47470,0,129002,0,3479732,0,178353201,0,144006089,0,557057,0,13744080,0,949149,0,123274,0,2647138,0,2586101,0,542941,0,106351,0,2457023,0,2643,0,1881518,0,425078,0,1368619,0,10259,0,6945880,0,6957271,0,7387422,0,7387422,0,0,0,6909802,0,385926,0,36398,0,258251,0,1147,0,3398,0,86732,0,83596,0,84929,0,1334,0,8099,0,10094,0,1996,0,1864,0,0,0,1864
2013,4,44,11,0,339,0,22921516,0,2420535,0,2967538,0,31957,0,9592669,0,0,0,3324,0,831650,0,211381,0,50111,0,1411830,0,8138636,0,4522196,0,562,0,485,0,729044,0,786388,0,164615,0,497102,0,22921516,0,2353584,0,7509150,0,1676453,0,902438,0,2477152,0,334241,0,7668498,0,247132,0,801524,0,6867339,0,247497,0,76498084,0,75144527,0,3149,0,38845,0,1311563,0,74374062,0,63059077,0,392232,0,4363285,0,261408,0,29485,0,920458,0,771888,0,209262,0,49742,0,555873,0,8,0,726208,0,82803,0,452830,0,1423,0,2498078,0,2124022,0,2213064,0,2213064,0,0,0,2120872,0,84437,0,15150,0,36145,0,1230,0,723,0,31190,0,5511,0,20918,0,15407,0,2243,0,5132,0,2889,0,2130,0,598,0,1532
2013,4,44,10,0,1158,0,39121017,0,4402220,0,5032766,0,60670,0,19602056,0,0,1,15538,0,1343141,0,303517,1,44158,0,1326745,0,10718333,0,6105378,0,0,0,0,0,826182,0,1454646,0,329268,0,547029,0,39121017,0,3024609,0,16827720,0,2461445,0,1464567,0,4036448,0,573709,0,10732518,0,1053791,0,1829864,0,8370406,0,521543,0,131073626,0,128135499,0,2050,0,79070,0,2857008,0,127845562,0,109158580,0,697787,0,7671785,0,346265,0,49580,0,1557972,0,1137647,0,366307,0,102617,0,692426,1,102,0,1320753,0,84405,0,578031,0,9569,0,4071736,0,3228064,0,3512555,0,3512555,0,0,0,3226015,0,270507,0,11096,0,46000,1,695,0,1156,0,211560,0,16820,0,22463,1,5643,0,-787,0,1693,1,2480,0,72,0,0,0,72
2013,4,44,9,0,3946,0,60718714,0,6542050,0,7724971,0,63351,0,34142554,0,0,1,1554,0,1413635,0,685345,1,27048,0,1640080,0,14013988,0,8382360,1,4008,1,705,0,831384,0,2171317,0,679319,0,646514,0,60718714,0,5084712,0,28465368,0,3319502,0,2729590,0,4834541,0,551056,0,15733944,0,1576006,0,3109778,0,11831570,0,783411,0,227352554,0,222371955,0,3660,0,74851,0,4902088,0,222596443,0,192127336,0,1622631,0,12532892,0,504174,0,91242,0,2621332,0,1892058,0,623895,0,129892,0,743693,1,210,0,2266248,0,158216,0,1016337,0,7724,0,6258562,0,4756111,0,4900595,0,4900595,0,0,0,4752451,0,137876,0,12593,0,85037,1,666,0,8894,0,30687,0,5643,0,10229,0,4586,0,4624,1,5292,1,668,1,1916,1,195,1,1721
2013,4,44,8,0,4871,0,34329554,0,4619772,0,4464851,0,32025,0,17953366,0,0,0,0,0,1086670,0,495877,0,0,0,907588,0,8320333,0,5149794,0,0,0,0,0,556729,0,1397303,0,548327,0,257212,0,34329554,0,3393258,0,11634675,0,1821870,0,1428265,0,3030011,0,547059,0,12474416,0,1347216,0,1934016,0,9637868,0,444685,0,108570632,0,106868212,1,251,0,51837,0,1650333,0,104823959,0,87190946,0,942953,0,6713575,0,337489,0,66906,0,1517829,0,1102084,0,461402,0,79977,0,343851,0,0,0,1240532,0,70845,0,468379,1,38,0,4287152,0,3746674,0,3985273,0,3985273,0,0,0,3746423,0,230856,0,40810,0,30868,1,619,1,12927,0,145632,0,7099,1,7121,1,22,1,896,1,1674,1,778,0,0,0,0,0,0
2013,4,44,7,0,24923,0,52345492,0,7461951,0,6264975,0,31612,0,22799381,0,0,0,0,0,1701057,0,685677,1,88277,0,2009119,0,21718047,0,14603940,0,0,0,0,0,1776016,0,3199044,0,1485928,0,763428,0,52345492,0,7312660,0,6603517,0,4775888,0,3443634,0,9425121,0,508051,0,20276621,0,1489522,0,3158860,0,16099285,0,471046,0,195233697,0,193095837,1,1960,0,100322,0,2035578,0,188444428,0,148384789,0,4046131,0,14239260,0,785021,0,178058,0,3429718,0,2634121,0,810024,0,196207,0,869697,0,0,0,1692293,0,268458,0,964275,1,563,0,9945812,0,6789269,0,7160141,0,7161475,0,1334,0,6787310,0,348288,0,37192,0,52781,1,3,1,-680,0,258991,0,17595,0,18074,1,479,1,6948,1,7112,1,164,0,36,0,0,0,36
2013,4,44,6,0,27285,0,18894223,0,3724515,0,1720304,1,50962,0,7410464,1,987,1,14105,0,717102,0,346458,0,0,0,550915,0,9471190,0,6728180,0,0,0,0,0,552873,0,1659678,0,769139,0,273916,0,18894223,0,2756758,0,734817,0,1031499,0,2708930,0,2985823,0,208023,0,8468374,0,933995,0,2058730,0,5965898,0,490250,0,85015266,0,83986629,1,1,0,65202,0,963435,0,81882660,0,65694253,0,2157273,0,5209674,0,286140,0,47832,0,1695325,0,1408877,0,231043,0,94213,0,400349,0,0,0,607336,0,104385,0,250907,0,0,0,3695053,0,3132606,0,3157822,0,3162227,1,4404,0,3132606,0,21741,1,7941,0,12743,0,0,1,-1168,1,2225,0,-420,1,11219,1,11639,1,3896,1,3896,0,0,0,0,0,0,0,0
2013,4,44,5,0,33801,0,11998426,0,2846600,0,864396,1,5309,0,4350985,0,0,0,0,0,341782,0,619847,0,0,1,292582,0,5273270,0,3661784,0,0,0,0,0,254325,0,1159715,0,672577,0,334593,0,11998426,0,1342190,0,605095,0,1081863,0,2009387,0,1620026,0,93844,0,5246021,0,611227,0,753017,0,3953150,1,71374,0,66888137,0,66494266,0,0,1,23445,0,370426,0,64445175,0,50954748,0,1535287,0,3274325,0,266615,0,45926,0,1890995,0,1028210,0,168300,0,68290,0,248900,0,0,0,445023,0,26177,0,76741,0,0,0,4415639,0,2442961,0,2484315,0,2484315,0,0,0,2442961,0,38535,1,1937,0,4940,0,0,0,0,1,31659,1,2818,1,2818,0,0,0,0,0,0,0,0,0,0,0,0,0,0
2013,4,44,4,0,58611,0,9650448,0,2197030,0,438672,0,0,0,4052519,0,0,0,0,0,174434,0,303826,0,0,1,148636,0,6127746,0,4698258,0,0,0,0,0,131995,0,1386571,0,740413,0,127689,0,9650448,0,1092476,0,426743,0,568718,0,2033044,0,1161509,0,249039,0,4118919,0,775323,0,944295,0,2502161,1,102861,0,60575406,0,60122942,0,0,1,38359,0,414105,0,58082128,0,44203320,0,1798920,0,3468550,0,272599,0,17837,0,2177394,0,1155144,0,143342,0,84518,0,236110,0,0,0,494196,0,24333,0,121083,0,0,0,3884784,0,2493278,0,2501140,0,2501140,0,0,0,2493278,0,5139,1,18,0,5122,0,0,0,0,0,0,1,2722,1,3274,1,552,0,0,0,0,0,0,0,0,0,0,0,0
2013,4,44,3,0,80954,0,2818586,0,776411,0,133958,1,110,0,1200936,0,0,0,0,0,74252,0,88885,0,0,1,4771,0,2866108,0,2494115,0,0,0,0,1,1667,0,537168,0,428881,0,57536,0,2818586,0,500413,0,110948,0,523271,0,1174181,0,372608,0,103022,0,34144,0,396063,0,713838,0,-843449,1,232309,0,35831414,0,35358420,0,0,1,33164,0,439830,0,33434510,0,23576076,0,1538119,0,2052878,0,160927,0,12342,0,1517611,0,659780,0,69774,0,21967,0,119393,0,0,0,326943,0,46425,0,87905,1,45520,0,3198849,0,2396904,0,2588254,0,2588254,0,0,0,2396904,0,162530,1,4,0,311,0,0,1,-169,1,162384,1,28820,1,28820,0,0,0,0,0,0,0,0,0,0,0,0,0,0
2013,4,44,2,0,25439,0,0,0,0,0,0,0,0,0,0,0,0,0,0,0,0,0,0,0,0,0,0,0,0,0,0,0,0,0,0,0,0,0,0,0,0,0,0,0,0,0,0,0,0,0,0,0,0,0,0,0,0,0,0,0,0,0,0,0,0,0,0,0,10711965,0,10308562,0,0,0,131311,0,272091,0,9798465,0,7370618,0,242688,0,615880,0,23911,0,2293,0,384348,0,160104,0,43692,0,5430,0,34692,0,0,0,57165,1,13702,0,27658,1,1276,0,815011,0,913500,0,1439953,0,1439953,0,0,0,913500,0,527065,0,0,0,1922,0,998,0,0,1,524145,1,-52,0,0,1,52,0,-559,0,0,0,559,0,70,0,70,0,0
2013,4,44,1,0,261529,0,322877392,0,39620829,0,37562141,0,436193,0,138257115,1,67155,0,69449,0,11017856,0,4020765,0,260392,0,20226925,0,121943404,0,74580259,1,5432,1,2053,0,10445007,0,15590763,0,6253101,0,5061765,0,322877392,0,35243536,0,79915325,0,23831836,0,18743876,0,41342976,0,9645042,0,114154801,0,9459718,0,17455359,0,92660964,0,5421240,0,1183061254,0,1163541118,0,58540,0,765407,0,18696189,0,1144080593,0,935725832,0,15531077,0,73886185,0,4193699,0,664774,0,20360119,0,14536014,0,3669983,0,939203,0,6702007,1,2963,0,11058214,0,1304827,0,5412766,0,76372,0,50016557,0,38980662,0,41330534,0,41336272,1,5739,0,38922122,0,2212900,0,163138,0,534119,0,5358,0,25080,0,1485205,0,170152,0,209866,0,39713,0,25359,0,34894,0,9535,0,6088,1,863,0,5226
2013,4,48,12,0,71,0,24194057,0,1653992,0,3454709,0,92564,0,685529,0,6591,0,0,0,1300532,0,268783,0,0,0,2947920,0,22937151,0,10482133,0,4517,0,1261,0,535507,0,318765,0,130987,0,787003,0,24194057,0,1093400,0,1034993,0,1535739,0,19193,0,7083757,0,790237,0,12636738,0,116766,0,1468891,0,11378393,0,327312,0,27348448,0,26355108,0,1059,0,595413,0,396868,0,25274680,0,7667349,0,130259,0,4090209,0,735915,0,25772,0,1746792,0,647663,0,275050,0,34559,0,1856555,0,124,0,51077,0,119172,0,769451,0,62,0,7124672,0,2073767,0,2262905,0,2265255,0,2350,0,2072708,0,126717,0,56597,0,28323,0,873,0,12111,0,28814,0,50959,0,56620,0,5660,0,12521,0,12530,0,10,0,120,0,120,0,0
2013,4,48,11,0,72,0,5193498,0,543616,0,1099842,0,12182,0,187023,0,0,0,1264,0,212784,0,63445,0,461,0,465900,0,4951915,0,2563036,0,1935,0,0,0,155667,0,114080,0,39213,0,9996,0,5193498,0,561429,0,344514,0,282053,0,79861,0,1223601,0,90934,0,2611108,0,60345,0,342022,0,2277610,0,68869,0,8796097,0,8647116,0,787,0,83522,0,64672,0,8342546,0,4048098,0,88152,0,1015199,0,137904,0,6408,0,311355,0,240436,0,56887,0,6184,0,433469,0,0,0,14839,0,22342,0,170044,0,313,0,1790915,0,453551,0,531555,0,531555,0,0,0,452763,0,62553,0,2363,0,6755,0,4649,0,695,0,48091,0,1458,0,4487,0,3029,0,14781,0,14831,0,51,0,239,0,239,0,0
2013,4,48,10,0,179,0,6115516,0,625433,0,1544532,0,35257,0,184983,0,0,0,0,0,426803,0,128232,0,0,0,686618,0,5686503,0,3379881,1,2205,1,64,0,68266,0,93524,0,23114,0,106733,0,6115516,0,621550,0,571321,0,430956,0,164339,0,1509709,0,29328,0,2788314,0,212736,0,627827,0,2110351,0,162601,0,12240181,0,12023415,1,98,0,54677,0,161990,0,11646511,0,6314353,0,151608,0,1550331,0,201961,0,10593,0,458900,0,318557,0,82481,0,11021,0,492449,1,51,0,28522,0,54002,0,191079,1,996,0,1779608,0,593670,0,632905,0,632905,0,0,0,593572,0,31423,0,5847,0,21961,0,0,1,325,0,3290,0,5012,0,5337,1,325,1,2898,1,2898,0,0,1,880,1,880,0,0
2013,4,48,9,0,493,0,7515375,0,901704,0,2450872,0,20770,0,89056,0,0,1,37667,0,336319,0,232028,1,1342,0,526068,0,6681220,0,4052093,1,815,1,769,0,107572,0,197258,0,58342,0,85427,0,7515375,0,1058510,0,597093,0,628027,0,236132,0,1606038,0,129461,0,3260113,0,62275,0,1446412,0,1965767,0,214341,0,19608003,0,19193242,0,2859,0,130596,0,281306,0,18606514,0,8877664,0,287374,0,3155196,0,248353,0,12704,0,792699,0,488550,0,107311,0,16398,0,633796,0,0,0,35087,0,117992,0,410763,1,958,0,3421670,0,1001489,0,1014164,0,1014164,0,0,0,998630,0,17495,0,2936,0,11432,1,6,0,-591,0,3712,1,-627,1,6279,1,6906,0,-1334,0,0,0,1334,0,0,0,0,0,0
2013,4,48,8,0,943,0,6756343,0,919101,0,1931962,0,23891,1,23078,0,0,1,1144,0,279502,0,324384,0,0,0,258091,0,6474946,0,3714432,0,0,0,0,1,25123,0,173271,0,27203,0,111269,0,6756343,0,633239,0,795510,0,489839,1,556267,0,1674435,1,24214,0,2582840,0,10258,0,540610,0,2044116,1,12144,0,17491397,0,17345951,1,1902,0,82963,0,60582,0,16467400,0,7466207,0,303062,0,2307267,0,289304,0,14054,0,846457,0,523633,0,96207,0,5262,0,721371,0,0,0,29896,0,30685,0,404201,1,1448,0,3428346,0,1023998,0,1019893,0,1019893,0,0,0,1022096,0,-2385,1,425,0,4494,0,0,1,-7966,1,663,1,182,1,182,0,0,0,0,0,0,0,0,0,0,0,0,0,0
2013,4,48,7,0,4960,0,10117529,0,1292429,0,2265264,1,6699,0,193791,1,10276,0,0,0,295119,0,375491,0,0,0,894129,0,11437014,0,7628804,0,0,0,0,0,392756,0,568606,0,255869,0,284025,0,10117529,0,1036537,0,690902,0,540707,0,558364,0,4274865,1,-723,0,3016879,0,138869,0,362400,0,2915197,1,399587,0,32349137,0,32065456,1,1048,0,186661,0,95972,0,30465012,0,14644635,0,837113,0,3880642,0,524005,0,32249,0,1072313,0,793977,0,216571,0,28856,0,789220,0,0,0,129672,0,111077,0,322202,1,94,0,7082386,0,1884125,0,1977510,0,1977510,0,0,0,1883077,0,59839,1,1456,0,14148,0,0,1,-193,1,44428,1,34595,1,34595,0,0,0,0,0,0,0,0,0,0,0,0,0,0
2013,4,48,6,0,4947,0,3762154,0,381658,0,427948,0,0,1,48963,0,0,0,0,0,194917,0,831515,0,0,1,191115,0,4001441,0,2906125,0,0,0,0,1,21450,1,273148,1,180317,0,476440,0,3762154,0,391050,0,209481,0,148962,1,299991,0,1650326,1,1871,0,1060474,0,33290,1,135287,0,891897,0,0,0,15106120,0,14951331,0,0,1,3124,0,151664,0,14139139,0,6862610,0,410700,0,1331396,0,366657,1,1344,0,699254,0,344005,0,111808,1,4462,0,387750,0,0,0,27737,1,21257,0,159984,0,0,0,3410176,0,966981,0,985883,0,985883,0,0,0,966981,0,8477,0,0,0,7478,0,0,0,0,1,999,1,505,1,505,0,0,1,9921,1,9921,0,0,0,0,0,0,0,0
2013,4,48,5,0,6960,0,2499442,0,656440,1,299941,0,0,1,6171,0,0,0,0,1,249380,1,375271,0,0,1,129558,0,2257005,0,1563749,0,0,0,0,1,19583,1,24279,1,22228,1,67790,0,2499442,1,201185,1,190087,0,207973,1,225877,0,564249,1,78425,0,1031645,0,158702,1,43677,0,829267,0,0,0,14400367,0,14378766,0,0,1,14649,1,6952,0,13801140,0,5711482,0,4044522,0,651093,0,106882,1,1601,0,359319,0,195726,0,38117,1,24,0,242707,0,0,1,10623,1,12945,1,63981,1,21,0,2362097,0,599227,0,573758,0,573758,0,0,0,599227,1,-25469,0,0,1,785,0,0,1,-26253,0,0,0,0,0,0,0,0,0,0,0,0,0,0,0,0,0,0,0,0
2013,4,48,4,0,11455,0,1728131,0,421977,1,252120,0,0,1,2207,0,0,0,0,0,147834,1,99510,0,0,1,27629,0,2785407,0,2191432,0,0,0,0,1,59855,1,111465,1,43487,1,55046,0,1728131,1,208118,0,135317,0,126204,0,106144,0,372770,1,109930,0,669648,0,69574,1,157999,0,446218,1,4143,0,13130964,0,12862771,0,0,1,98099,0,170095,0,12172211,0,5127616,0,461727,0,1546643,0,237918,1,6167,0,550259,0,298042,0,51722,1,8431,0,226349,0,0,0,35138,1,39516,1,48277,0,0,0,3534405,0,958753,0,959392,0,959392,0,0,0,958753,1,621,0,0,1,621,0,0,0,0,0,0,1,18,1,18,0,0,0,0,0,0,0,0,0,0,0,0,0,0
2013,4,48,3,0,51260,0,1382772,0,527720,0,110992,1,3129,1,7465,0,0,0,0,1,46280,0,121605,0,0,1,15275,0,3961430,0,3443666,0,0,0,0,0,0,0,66713,0,35229,1,7318,0,1382772,0,236091,0,63825,0,112605,0,1298548,0,397096,1,-19001,0,-706392,0,180755,0,189173,0,-1044991,1,31328,0,19425231,0,19090226,0,0,1,100700,0,234305,0,17795984,0,6525218,0,1012684,0,1569542,0,557101,0,0,0,507793,0,449377,0,63058,1,3985,0,325577,0,0,0,61607,1,38648,0,37984,1,169,0,6643242,0,1629247,0,1630037,0,1630037,0,0,0,1629247,0,790,0,0,0,790,0,0,0,0,0,0,0,0,0,0,0,0,0,0,0,0,0,0,0,0,0,0,0,0
2013,4,48,2,0,22318,0,0,0,0,0,0,0,0,0,0,0,0,0,0,0,0,0,0,0,0,0,0,0,0,0,0,0,0,0,0,0,0,0,0,0,0,0,0,0,0,0,0,0,0,0,0,0,0,0,0,0,0,0,0,0,0,0,0,0,0,0,0,0,5161983,0,4882660,0,0,0,241715,1,37609,0,4372027,0,1279662,0,231800,0,405804,0,241778,1,2136,0,293753,0,105423,0,20721,1,10687,0,95579,0,0,0,6170,1,2586,0,38787,0,0,0,1637141,0,789957,0,1404381,0,1404381,0,0,0,789957,1,614425,0,0,1,156,0,0,0,0,1,614269,0,0,0,0,0,0,0,0,0,0,0,0,0,0,0,0,0,0
2013,4,48,1,0,103658,0,69264818,0,7924069,0,13838182,0,194492,0,1428266,1,16867,1,40075,0,3489471,0,2820263,1,1803,0,6142304,0,71174032,0,41925350,1,9473,1,2094,0,1385781,0,1941109,0,815988,0,1991046,0,69264818,0,6041108,0,4633043,0,4503064,0,3544716,0,20356845,0,1234676,0,28951367,0,1043569,0,5314297,0,23813825,0,1220325,0,185057928,0,181796042,0,7754,0,1592117,0,1662015,0,173083164,0,74524893,0,7959001,0,21503322,0,3647777,0,113028,0,7638894,0,4405389,0,1119934,0,129868,0,6204823,1,174,0,430366,0,570223,0,2616751,0,4062,0,42214658,0,11974764,0,12992386,0,12994736,0,2350,0,11967011,0,894486,0,69625,0,96942,0,5527,0,-21873,0,744265,0,92102,0,108023,0,15920,0,38786,0,40181,0,1394,0,1240,0,1240,0,0
2013,4,51,12,0,39,0,18925234,0,1841195,0,1944354,0,45757,0,155842,0,138139,0,674759,0,299320,0,8079,0,446,0,9772388,0,5664333,0,3307966,0,0,0,0,0,298279,0,1347941,0,364103,0,497983,0,18925234,0,463747,0,524097,0,3666837,0,36949,0,1385857,0,2979736,0,9868011,0,25061,0,374892,0,9557067,0,89009,0,9781728,0,9293913,0,30035,0,52088,0,405692,0,8459649,0,2978846,0,119210,0,2218951,0,86831,0,18403,0,265414,0,260541,0,83202,0,154856,0,313202,0,0,0,82581,0,149028,0,242626,0,81,0,1485875,0,1322079,0,1698175,0,1698175,0,0,0,1292044,0,357681,0,227941,0,59816,0,260,0,15192,0,54471,0,47642,0,48052,0,410,0,808,0,808,4,,0,1234,0,1234,0,0
2013,4,51,11,0,50,0,3376581,0,517658,0,461008,0,22810,0,116432,0,0,0,0,0,274366,0,45136,0,666,0,721644,0,1973419,0,1288049,0,0,0,0,0,54019,0,659454,0,343758,0,207397,0,3376581,0,266456,0,151374,0,474459,0,16000,0,585674,0,331747,0,1550871,0,29618,0,351365,0,1293071,0,123184,0,3660665,0,3553833,0,504,0,3929,0,102399,0,3149214,0,1168782,0,84627,0,690343,0,40589,0,12720,0,96411,0,81251,0,38851,0,50571,0,101795,0,0,0,172361,0,22233,0,79791,0,98,0,508790,0,511451,0,616691,0,616691,0,0,0,510947,0,103613,0,4322,0,12132,0,2,0,3845,0,83313,0,2096,0,3040,0,944,0,34,0,661,0,627,0,272,0,272,0,0
2013,4,51,10,0,70,0,2333392,0,318803,0,403779,0,17852,0,94011,0,17008,1,8163,0,148827,1,8776,0,0,0,314724,0,1631686,0,1033949,0,0,0,0,0,19576,0,558836,0,217413,0,78417,0,2333392,0,121560,0,104845,0,244762,1,21288,0,662527,0,153062,0,1025348,0,25507,0,696984,0,450284,1,147427,0,2890411,0,2846329,1,90,0,2515,0,41477,0,2530631,0,1042909,0,118796,0,436891,0,36623,0,4628,0,154057,0,80975,0,40277,0,44011,0,90767,0,0,0,40984,0,9864,0,46627,1,10,0,383211,0,359780,0,411029,0,411029,0,0,0,359690,0,47067,0,16512,0,5205,0,78,1,1806,1,23466,1,4271,1,4333,1,62,1,1,1,1,0,0,0,5,0,0,0,5
2013,4,51,9,0,329,0,4935533,0,985755,0,942574,0,15529,0,242407,1,1526,0,0,0,445295,0,56514,1,35259,0,519914,0,3730675,0,2686845,0,0,0,0,0,102938,0,758456,0,291197,0,107791,0,4935533,0,478108,0,154088,0,589482,0,142184,0,924872,0,197843,0,2448958,0,118532,0,340432,0,2361498,0,371505,0,8769941,0,8550757,0,1822,0,2077,0,215285,0,7889852,0,4112212,0,313450,0,1278305,0,65580,0,8189,0,148466,0,177031,0,51409,0,87503,0,155868,0,0,0,73852,0,42979,0,101041,1,1481,0,1272485,0,880090,0,916958,0,916958,0,0,0,878268,0,37678,0,10420,0,4808,4,,0,3314,0,19135,0,664,1,1763,1,1099,1,348,1,348,0,0,0,0,0,0,0,0
2013,4,51,8,0,383,0,2823456,0,503745,0,1095288,0,24835,1,223823,0,0,1,278511,0,128397,1,26580,0,0,1,100238,0,1211541,0,853703,0,0,0,0,1,116474,1,11531,1,1844,1,7709,0,2823456,0,568224,1,12457,0,345259,1,63889,1,188525,1,48408,0,1596693,0,8285,0,153699,0,1470861,1,36151,0,7085642,0,7015012,4,,1,1068,0,69561,0,6366736,0,4584672,0,114464,0,620249,0,23130,1,6729,0,73831,0,157430,0,11280,1,735,0,67570,0,0,0,22679,0,55011,0,110537,1,11,0,518408,0,718906,0,721717,0,721717,0,0,0,718906,0,2985,1,738,0,1859,0,0,1,392,1,-4,1,-174,0,0,1,174,0,0,0,0,0,0,0,0,0,0,0,0
2013,4,51,7,0,2415,0,5350379,0,1719534,0,1208196,1,9276,0,203594,1,2271,0,0,0,639322,0,325429,1,38681,0,285611,0,2310360,0,1746523,0,0,0,0,1,35582,0,534445,0,279138,0,82292,0,5350379,0,789643,0,472898,0,865368,1,434632,0,797990,1,383751,0,1606097,0,90448,0,973064,0,1068480,1,525894,0,14642301,0,14447357,1,423,1,61670,0,132851,0,12989197,0,6297141,0,1302384,0,2228612,0,47368,0,30935,0,268450,0,333160,0,78039,0,33476,0,62636,0,0,0,221790,0,53599,0,107430,1,15,0,1924160,0,1653105,0,1673038,0,1673038,0,0,0,1652681,0,16817,1,2190,0,12307,1,44,1,1652,1,625,1,1385,1,1385,0,0,1,2155,1,2155,0,0,1,34,1,34,0,0
2013,4,51,6,0,2164,0,1480642,0,371756,1,154118,0,0,1,47678,0,0,0,0,1,4164,1,105137,0,0,1,97084,0,1511154,0,1190963,0,0,0,0,1,25211,0,272927,0,122634,1,205009,0,1480642,1,59254,1,118309,0,196102,1,361334,1,284385,1,8937,0,452320,0,211570,1,533398,0,-244323,1,48325,0,9593855,0,9466305,0,0,1,585,1,126965,0,9036125,0,4717372,0,509244,0,1489379,0,33786,1,7620,0,269095,0,280971,0,41555,1,31468,0,92036,0,0,0,146008,1,19298,0,73279,0,0,0,1325014,0,557729,0,561856,0,561856,0,0,0,557729,0,3579,1,1623,0,1012,0,0,1,-19,1,964,0,0,0,0,0,0,1,547,1,547,0,0,0,0,0,0,0,0
2013,4,51,5,0,3027,0,974748,0,426832,1,147737,0,0,1,1390,0,0,0,0,1,71927,1,49383,0,0,1,97365,0,931318,0,829887,0,0,0,0,1,7015,1,191471,1,119815,1,12,0,974748,1,52338,1,43097,0,180177,1,340417,1,170925,1,34271,0,153523,0,11059,1,256260,0,-113796,0,0,0,3736779,0,3745857,0,0,1,1197,1,-10275,0,2815023,1,698059,0,379357,0,741284,1,25564,0,0,0,94612,0,101659,1,11377,1,15542,0,16028,0,0,1,40992,0,67995,1,67533,0,0,0,555020,0,921757,0,925682,0,925682,0,0,0,921757,1,3926,1,3883,1,43,0,0,0,0,0,0,0,0,0,0,0,0,0,0,0,0,0,0,0,0,0,0,0,0
2013,4,51,4,0,6025,0,874067,0,407029,1,116261,0,0,1,34525,0,0,0,0,1,54204,1,77167,0,0,1,67908,0,1082167,0,986486,0,0,0,0,1,1953,1,5072,1,4865,1,19131,0,874067,1,162444,1,36090,0,201650,1,283062,1,100898,1,5062,0,84860,0,14504,1,1590252,0,-1514246,1,5649,0,6025720,0,6025362,1,4,0,0,1,354,0,5440142,1,3126028,0,505125,0,571651,0,15377,0,0,0,96612,0,89468,1,8706,1,99,0,21487,0,0,0,142550,1,3667,0,46626,0,0,0,812748,0,585577,0,585687,0,585687,0,0,0,585573,1,241,1,75,1,166,0,0,0,0,0,0,1,-127,0,261,1,388,0,0,0,0,0,0,0,0,0,0,0,0
2013,4,51,3,0,26825,0,742727,0,395918,1,50944,0,0,1,11930,0,0,0,0,1,56706,1,45621,1,1384,1,28057,0,1175078,0,1051202,0,0,0,0,0,0,0,40116,0,38134,1,26310,0,742727,0,56170,1,47631,0,101162,0,167856,1,58625,1,-1616,0,312899,0,51815,0,4343572,0,-4046840,1,35647,0,6375633,0,6281226,0,0,0,0,0,94408,0,4979255,0,697752,0,1600986,0,674125,0,13909,1,31535,0,220166,0,160299,0,11502,1,2980,0,25221,0,0,0,73438,0,66824,0,62526,0,0,0,1337993,0,1396378,0,1400954,0,1400954,0,0,0,1396378,0,4577,1,724,0,297,0,0,1,907,1,2649,0,0,0,0,0,0,0,0,0,0,0,0,0,0,0,0,0,0
2013,4,51,2,0,9623,0,0,0,0,0,0,0,0,0,0,0,0,0,0,0,0,0,0,0,0,0,0,0,0,0,0,0,0,0,0,0,0,0,0,0,0,0,0,0,0,0,0,0,0,0,0,0,0,0,0,0,0,0,0,0,0,0,0,0,0,0,0,0,1399149,0,1387619,0,0,0,10799,1,731,0,915223,1,123195,0,185700,1,83724,1,6801,1,118,0,48231,0,30821,1,625,0,0,1,8651,0,0,0,5856,1,28081,1,13073,0,0,0,380349,0,483926,0,484173,0,484173,0,0,0,483926,1,248,0,0,1,248,0,0,0,0,0,0,0,0,0,0,0,0,0,0,0,0,0,0,0,0,0,0,0,0
2013,4,51,1,0,50950,0,41816758,0,7488225,0,6524259,0,136059,0,1131631,1,158944,1,961433,0,2122528,0,747824,1,76435,0,12004933,0,21221731,0,14975573,0,0,0,0,0,661046,0,4380251,0,1782899,0,1232049,0,41816758,0,3017945,0,1664887,0,6865258,0,1867609,0,5160278,0,4141201,0,19099581,0,586398,0,9613918,0,10282056,0,1382791,0,73961824,0,72613568,0,32879,0,135929,0,1179448,0,64571047,0,29546968,0,5233342,0,11033514,0,395557,0,120878,0,1735346,0,1753605,0,376823,0,421241,0,955262,0,0,0,1023091,0,518578,0,951090,0,1696,0,10504054,0,9390777,0,9995961,0,9995961,0,0,0,9357898,0,578412,0,268428,0,97892,0,384,0,27090,0,184619,0,55758,0,58834,0,3076,0,3893,0,4520,0,627,1,1544,1,1540,0,5
2013,4,52,12,0,315,0,260448748,0,66419081,0,69785019,0,1301101,0,181048,0,6158193,0,3299998,0,9602703,0,82870,0,38410278,0,55010417,0,10940236,0,6452254,0,15163,0,11995,0,623212,0,2153383,0,608304,0,6140800,0,260448748,0,85017813,0,16430682,0,88920627,0,677853,0,12511464,0,20684142,0,36206165,0,1866848,0,6444310,0,28601231,0,706225,0,40660031,0,30255860,0,126597,0,2748669,0,7528905,0,32281825,0,0,0,1269904,0,12301630,0,432115,0,1384448,0,857600,0,1057506,0,2223179,0,173816,0,763808,0,37,0,1066968,0,665695,0,912657,0,27582,0,9144879,0,8378206,0,9312668,0,9323466,0,10798,0,8251609,0,1070200,0,172855,0,377084,0,16130,0,57870,0,446261,0,23912,0,35286,0,11373,0,-33054,0,1493,0,34547,0,164,0,164,0,0
2013,4,52,11,0,231,0,16186858,0,1947389,0,6184349,0,209240,0,0,0,982178,0,427992,0,1152206,0,97957,0,1516638,0,2588653,0,1003005,0,562125,0,693,0,373,0,37963,0,688395,0,225974,0,557151,0,16186858,0,1317640,0,1602468,0,6858844,0,365894,0,2049049,0,752912,0,3240052,0,328294,0,1170581,0,1966870,0,225693,0,5668250,0,4922151,0,21928,0,125759,0,598412,0,4634448,0,0,0,484475,0,2137628,0,26515,0,146035,0,124473,0,183167,0,194701,0,40137,0,66718,0,0,0,66376,0,57778,0,107389,0,1494,0,997564,0,1033801,0,1127379,0,1127428,0,49,0,1011873,0,109110,0,17696,0,29124,0,30,0,11924,0,50336,0,6333,0,6603,0,270,0,64,0,132,0,68,0,1073,0,1073,0,0
2013,4,52,10,0,332,0,11413709,0,1524715,0,4108207,0,92451,0,0,0,164057,0,82457,0,842336,0,75300,0,1670674,0,2053674,0,886340,0,500876,1,6,1,6,0,55706,0,406427,0,144799,0,281942,0,11413709,0,902668,0,1637674,0,1970786,0,578427,0,1367125,0,616778,0,4340250,0,166019,0,1800860,0,2537276,0,163905,0,6682179,0,5867139,0,2239,0,34438,0,778363,0,5532904,0,0,0,495575,0,2143795,0,23155,0,200283,0,166810,0,193166,0,166343,0,25555,0,52158,0,0,0,121751,0,44672,0,137701,0,1090,0,1760849,0,1149275,0,1230913,0,1295619,1,64706,0,1147036,0,92282,0,12621,0,34034,1,56737,0,-1431,0,-9678,0,-1696,0,1967,0,3663,1,-6710,1,3334,1,10044,0,0,0,0,0,0
2013,4,52,9,0,765,0,11471354,0,1980345,0,4384915,0,119049,0,0,0,0,1,105561,0,956659,0,131184,0,705128,0,2173222,0,907045,0,596054,0,0,0,0,0,43711,0,609952,0,167191,0,355928,0,11471354,0,1237420,0,1319808,0,1660243,0,712592,0,1892843,0,336037,0,4312411,0,200172,0,1735845,0,2773850,0,397455,0,9206413,0,8402233,0,4355,0,1411,0,798415,0,7307295,1,551099,0,951934,0,3159428,0,36344,0,280246,0,216887,0,246821,0,173056,0,38547,0,35237,0,0,0,85386,0,62320,0,164738,0,3740,0,1301510,0,1899118,0,2082670,0,2082871,1,201,0,1894763,0,190733,0,21411,0,31402,0,141,0,1216,0,136563,0,-2863,0,1572,0,4435,1,36,1,52,1,15,0,0,0,0,0,0
2013,4,52,8,0,1087,0,7413822,0,2239525,0,2021913,1,11812,0,0,0,0,1,165211,0,743123,0,109411,1,110832,0,1026606,0,1674855,0,1225031,0,0,0,0,1,34161,0,624323,0,209290,0,109998,0,7413822,0,1622287,0,372219,0,807993,0,481230,0,1109467,0,293246,0,2727380,0,891658,0,1144883,0,1050798,0,359959,0,7903696,0,7499747,0,4877,1,2512,0,396560,0,6346404,0,0,0,1133454,0,2679062,0,30924,0,71618,0,462144,0,219591,0,117929,0,39645,0,49774,0,0,0,47999,0,55399,0,204275,1,11395,0,1223195,0,1557292,0,1653297,0,1653297,0,0,0,1552415,0,98005,0,5345,0,12468,5,,0,17580,0,62612,1,-284,1,1267,1,1552,1,3162,1,3162,0,0,1,1810,1,1810,0,0
2013,4,52,7,0,4991,0,11067183,0,3869194,0,2698069,1,20261,0,0,1,11213,0,1057,0,1207808,0,95825,1,467552,0,893588,0,1522966,0,1124902,0,0,0,0,1,201297,0,1507158,0,519744,0,256362,0,11067183,0,941293,0,1090487,0,1481335,0,1191601,0,1225331,0,368466,0,4768670,0,333744,0,1493248,0,3053913,1,112235,0,12114200,0,11575289,1,1424,1,846,0,536640,0,9530202,0,0,0,1466304,0,3874069,0,52127,0,144849,0,383296,0,411222,0,196242,0,92653,0,56729,0,0,0,87119,0,119881,0,214399,0,0,0,2431311,0,2583998,0,2697406,0,2697406,0,0,0,2582575,0,115152,0,5174,0,23315,0,0,0,3373,0,83289,1,-321,1,1738,1,2059,0,0,0,0,0,0,0,0,0,0,0,0
2013,4,52,6,0,5351,0,3813625,0,1469668,0,459246,0,0,0,0,0,0,1,54,0,100705,1,210736,1,30893,1,210626,0,1014431,0,706618,0,0,0,0,0,0,0,1534493,0,589314,1,78706,0,3813625,0,389024,0,295944,0,200947,1,333166,0,1217523,1,220436,0,1156586,0,205140,0,207006,0,1110911,1,366472,0,6127166,0,5857149,0,0,1,451,0,269566,0,4779800,0,0,0,776765,0,1904386,0,45206,0,28879,0,271270,0,174139,0,79460,0,109574,0,32336,0,0,0,66003,0,58316,0,96271,1,49,0,1137146,0,1347367,0,1302163,0,1320710,1,18548,0,1347367,0,7001,1,1390,0,1273,0,0,1,-118,1,4456,1,19617,1,19617,0,0,1,-71822,0,0,1,71822,0,0,0,0,0,0
2013,4,52,5,0,7194,0,2655471,0,783853,0,359863,0,0,0,0,0,0,1,490,0,33030,1,321104,0,0,1,215274,0,890918,0,628090,0,0,0,0,1,103832,0,935423,0,430083,1,69856,0,2655471,1,57689,0,101459,0,404975,1,131672,0,533991,1,55479,0,1370205,0,24837,0,102579,0,1250685,1,7896,0,5553572,0,5446063,1,1905,1,1465,0,104139,0,4066762,1,2619,0,629592,0,1336732,0,36273,1,47997,0,196682,0,148786,0,65837,0,51265,0,32510,0,0,0,105170,0,97419,0,99603,1,181,0,1216094,0,1486811,0,2093737,0,2093737,0,0,0,1484905,0,598976,1,3826,0,2808,1,416,1,-1984,1,593910,1,8558,1,8558,0,0,1,1299,1,1299,0,0,0,0,0,0,0,0
2013,4,52,4,0,14165,0,2321373,0,769983,1,84210,0,0,0,0,0,0,0,0,0,177837,0,254497,1,7827,1,63673,0,1317083,0,936691,0,0,0,0,1,15487,0,997824,0,546164,0,115807,0,2321373,0,69169,0,150324,0,228143,1,128158,0,565623,1,10551,0,1169405,0,115660,0,272975,0,833262,1,52491,0,7630074,0,7536869,1,18,1,306,0,92881,0,5876338,0,0,0,1367532,0,1671505,0,50119,1,325,0,408111,0,246572,0,45730,0,68988,0,54337,0,0,0,203027,0,111147,0,100917,0,0,0,1548028,0,1753735,0,1755241,0,1755241,0,0,0,1753718,0,3003,1,2136,0,352,0,0,1,-283,1,798,1,-1479,1,395,1,1874,0,0,0,0,0,0,0,0,0,0,0,0
2013,4,52,3,0,59974,0,1674627,0,921854,1,62151,0,0,0,0,0,0,0,0,0,103926,0,128284,1,964,1,80565,0,2056754,0,1659220,0,0,0,0,0,0,0,251138,0,217926,0,-53865,0,1674627,0,75041,0,137683,0,364227,0,392899,0,325292,1,-113473,0,492958,0,109074,0,260586,0,355006,1,231708,0,16710549,0,16337641,1,1,1,1272,0,371635,0,12253435,0,0,0,3171548,0,2718644,0,75701,1,6895,0,822645,0,502360,0,111501,0,13538,0,82170,0,0,0,353440,0,258088,0,206413,0,0,0,3930493,0,4457114,0,4416052,0,4437240,0,21188,0,4457113,0,-51355,1,653,0,452,0,0,1,-2389,1,-50071,1,10294,1,10294,0,0,0,0,0,0,0,0,1,118,1,118,0,0
2013,4,52,2,0,20307,0,0,0,0,0,0,0,0,0,0,0,0,0,0,0,0,0,0,0,0,0,0,0,0,0,0,0,0,0,0,0,0,0,0,0,0,0,0,0,0,0,0,0,0,0,0,0,0,0,0,0,0,0,0,0,0,0,0,0,0,0,0,0,3398839,0,3189959,5,,1,4790,0,204091,0,2256622,0,0,0,250839,0,760489,0,14230,1,40218,0,138638,0,83172,0,20325,1,1088,0,7602,0,0,0,50951,0,18321,0,24291,1,1085,0,845371,0,1142217,0,1909534,0,1909556,1,21,0,1142217,0,767317,1,1084,0,3172,4,,1,4951,1,758110,4,,0,0,4,,0,0,0,0,0,0,0,0,0,0,0,0
2013,4,52,1,0,114712,0,328466771,0,81925606,0,90147943,0,1753915,0,181048,0,7315641,0,4082819,0,14920334,0,1507168,0,42920785,0,64316299,0,22213634,0,14391860,1,15861,1,12373,0,1115368,0,9708515,0,3658788,0,7912684,0,328466771,0,91630044,0,23138749,0,102898120,0,4993491,0,22797708,0,23224575,0,59784084,0,4241446,0,14632873,0,43533803,0,2624038,0,121654969,0,106890100,0,163344,0,2921918,0,11679608,0,94866035,1,553718,0,11997923,0,34687368,0,822708,0,2351794,0,4048557,0,3466502,0,3394302,0,654807,0,1233379,0,37,0,2254191,0,1549039,0,2268654,0,46617,0,25536440,0,26788934,0,29581060,0,29696571,0,115511,0,26625591,0,3000423,0,244192,0,515483,0,73455,0,90708,0,2076586,0,62071,0,87297,0,25225,0,-107025,0,9472,0,116497,1,3165,1,3165,0,0
2013,4,53,12,0,70,0,22222052,0,1118257,0,1672483,0,163800,0,1040169,0,26107,0,0,0,1582980,0,96065,0,701762,0,7405936,0,11298874,0,5045017,0,151,0,51,0,1159425,0,310804,0,108851,0,1126761,0,22222052,0,443184,0,1401008,0,1008291,0,18309,0,8099392,0,2126108,0,9125760,0,115462,0,2413751,0,6850242,0,253696,0,8264030,0,7179983,0,2681,0,363309,0,718057,0,7451906,0,2865916,0,112592,0,1475209,0,219405,0,10120,0,267342,0,172940,0,197589,0,118173,0,599567,0,0,0,50306,0,41167,0,103746,0,274,0,1217561,0,812124,0,1241421,0,1246476,0,5055,0,809443,0,223559,0,27586,0,109703,0,10194,0,11955,0,64121,0,190206,0,210589,0,20383,0,18214,0,20097,0,1883,0,0,0,0,0,0
2013,4,53,11,0,119,0,8369959,0,941904,0,592808,0,7828,0,267948,0,2237,0,42008,0,673519,0,92646,0,48343,0,2208547,0,4891153,0,2231231,0,1975,0,75,0,565717,0,145203,0,29720,0,164805,0,8369959,0,268619,0,696858,0,399553,0,259693,0,2635195,0,264188,0,3845854,0,33834,0,864520,0,3013928,0,66428,0,3807298,0,3533044,0,2976,0,134882,0,136396,0,3321458,0,1585542,0,97426,0,488721,0,39543,0,11013,0,122934,0,80730,0,70895,0,5528,0,451741,0,0,0,32658,0,10403,0,47324,0,1809,0,275192,0,485840,0,667045,0,689495,0,22450,0,482864,0,97646,0,5721,0,30822,0,4845,0,2585,0,53672,0,90112,0,113495,0,23383,0,-3576,0,9660,0,13237,0,245,0,245,0,0
2013,4,53,10,0,237,0,7961616,0,858210,0,706803,0,13163,0,232121,0,0,1,4914,0,1094324,0,156873,1,21949,0,1669122,0,4198441,0,2289367,1,47778,1,20775,0,489385,0,56549,0,30574,0,779027,0,7961616,0,278007,0,673313,0,485605,0,164844,0,2127611,0,415935,0,3816300,0,101659,0,1623174,0,2122566,0,31099,0,3641281,0,3151714,0,1657,0,112350,0,375561,0,2817964,0,1075771,0,148059,0,408524,0,40176,0,8371,0,189310,0,72051,0,78647,0,5384,0,299573,0,0,0,42532,0,13180,0,38636,1,161,0,397589,0,823317,0,915062,0,924234,1,9173,0,821661,0,51641,0,10868,0,31879,1,227,0,1734,0,6932,0,37959,0,67428,0,29469,1,3801,1,6581,1,2780,1,403,1,220,0,183
2013,4,53,9,0,1046,0,16288719,0,1784099,0,1725233,0,26229,0,357717,1,3225,1,11269,0,1831046,0,703052,0,243801,0,2690617,0,11422284,0,6465074,1,1829,1,708,0,1337434,0,417557,0,167123,0,418689,0,16288719,0,514833,0,1292254,0,947352,0,704559,0,6323608,0,735144,0,5770969,0,348469,0,1659706,0,4212015,0,449220,0,8879010,0,8137906,0,4148,0,270400,0,466556,0,7588069,0,2483367,0,220941,0,1926017,0,108959,0,24260,0,356880,0,219582,0,207097,0,12024,0,909344,1,388,0,79931,0,31248,0,103412,1,463,0,904157,0,1290941,0,1559189,0,1626198,0,67009,0,1286793,0,152788,0,21738,0,68508,1,2287,0,7627,0,52629,0,106112,0,223277,0,117165,0,13495,0,15412,1,1916,1,552,1,552,0,0
2013,4,53,8,0,1559,0,10795529,0,1196986,0,1041765,1,17931,1,202373,0,0,0,0,0,923815,0,231668,1,574493,0,1476724,0,6307421,0,2988804,0,0,0,0,0,1222023,0,171643,0,106534,0,559886,0,10795529,0,283536,0,525724,0,432269,0,827789,0,4285985,0,916768,0,3523458,0,381968,0,888820,0,2383385,0,130714,0,5438997,0,5221140,1,164,0,52538,0,165155,0,4530396,0,664698,0,341208,0,1572866,0,66701,0,15917,0,163933,0,319656,0,85743,0,5418,0,352457,0,0,0,121037,0,17772,0,95130,1,2461,0,705401,0,908601,0,1172728,0,1185672,1,12944,0,908437,0,103681,0,8533,0,20169,1,60,1,1816,0,73102,0,159759,0,177899,1,18140,1,850,1,1001,1,150,0,0,0,0,0,0
2013,4,53,7,0,9670,0,20728758,0,3357059,0,1468684,1,6776,1,231529,0,0,1,239576,0,2286655,0,515372,1,467372,0,2327961,0,17806027,0,10656236,1,2637,1,527,0,1861658,0,207239,0,105916,0,726444,0,20728758,0,403297,0,868112,0,1285488,0,3131052,0,7313703,0,985167,0,6741939,0,1168479,0,5481080,0,653749,0,561369,0,15835078,0,14823893,1,7971,0,252785,0,750429,0,12928255,0,2376201,0,559300,0,5391312,0,266747,0,6401,0,448044,0,470224,0,233457,0,18705,0,881146,1,7120,0,230028,0,41845,0,134046,0,0,0,1863679,0,2906823,0,3462102,0,3510554,1,48452,0,2898852,0,273476,0,3497,0,85602,0,0,0,93167,0,91209,0,251961,0,355870,0,103909,1,37812,1,37820,1,8,0,0,0,0,0,0
2013,4,53,6,0,9124,0,6405454,0,1369281,0,110667,0,0,1,47700,0,0,1,709,0,779461,0,231152,1,12765,0,782467,0,4409548,0,2399827,0,0,0,0,0,699365,0,130560,0,67701,0,299306,0,6405454,0,37765,0,284618,0,211438,0,839354,0,1910704,0,132003,0,2989573,0,338783,0,755883,0,1987489,1,92582,0,4436125,0,4234421,0,0,1,40324,0,161380,0,3151730,1,384804,0,273620,0,768959,0,97724,1,2206,0,123795,0,163203,0,72961,1,4218,0,135345,0,0,0,49704,1,3237,0,48003,1,12639,0,1011312,0,1284395,0,1400326,0,1407437,1,7112,0,1284395,0,20573,1,78,0,17867,0,0,0,0,1,2628,0,97333,0,106411,1,9079,1,-1975,0,0,1,1975,1,584,0,0,1,584
2013,4,53,5,0,15253,0,5324559,0,1441086,0,222538,1,1330,1,175,0,0,0,0,0,264577,0,579178,1,102945,0,289285,0,5953187,0,4202501,5,,0,0,0,493165,0,194286,0,78961,0,66929,0,5324559,0,115939,0,322186,0,721466,0,1277542,0,1003324,1,256455,0,1627648,0,581769,0,507809,0,642313,1,104244,0,11352275,0,10825841,0,2,1,3071,0,523360,0,9391844,1,78712,0,812516,0,4262485,0,86811,1,468,0,947786,0,303752,0,67765,1,11008,0,306148,0,0,0,241530,1,114221,0,144237,1,512,0,2013892,0,1960430,0,1962998,0,2003907,1,40908,0,1960428,0,-32353,1,797,0,9891,4,,1,247,1,-43288,0,37967,0,74542,1,36575,1,-3044,4,,1,3044,0,0,0,0,0,0
2013,4,53,4,0,19788,0,2719271,0,1250136,0,73838,0,0,1,2544,0,0,0,0,0,233064,0,308983,1,7348,1,24519,0,1881806,0,1368531,0,0,0,0,1,100265,0,234245,0,126108,1,97162,0,2719271,0,73042,0,171172,0,307371,0,402803,0,439860,1,34439,0,1290583,0,61561,0,283294,0,945843,1,115,0,11078323,0,10167571,0,0,1,38307,0,872445,0,9397201,1,265941,0,994631,0,4298453,0,173131,1,638,0,349905,0,356768,0,34236,1,12738,0,74127,0,0,0,162737,0,55670,0,59250,0,0,0,2558975,0,1681122,0,1713648,0,1716619,1,2971,0,1681122,0,-651,1,330,0,4475,0,0,0,0,1,-5456,1,27712,1,31373,1,3661,1,5465,1,6113,1,648,0,0,0,0,0,0
2013,4,53,3,0,86410,0,2320025,0,1177068,0,67923,0,0,1,10027,1,180,0,0,0,174552,0,187849,1,7358,0,161133,0,2967169,0,2484762,0,0,0,0,1,6212,0,111484,0,82302,0,16136,0,2320025,1,21464,0,87274,0,405620,0,931171,0,259063,0,45613,0,569821,0,296592,0,842016,0,-532389,1,36398,0,16655247,0,15638879,0,0,1,37133,0,979234,0,12480652,1,446667,0,2637852,0,2970429,0,259858,1,2773,0,570180,0,426017,0,56384,0,5246,0,140247,0,0,0,458305,0,150756,0,173352,0,0,0,4182587,0,4174596,0,4205336,0,4205336,0,0,0,4174596,0,26734,1,3598,0,9634,1,4537,1,2881,1,6082,0,4007,1,9260,1,5253,0,0,0,0,0,0,0,0,0,0,0,0
2013,4,53,2,0,39491,0,0,0,0,0,0,0,0,0,0,0,0,0,0,0,0,0,0,0,0,0,0,0,0,0,0,0,0,0,0,0,0,0,0,0,0,0,0,0,0,0,0,0,0,0,0,0,0,0,0,0,0,0,0,0,0,0,0,0,0,0,0,0,4532027,0,3837527,1,14,1,157868,0,536618,0,2727757,1,411200,0,352795,0,411710,0,42587,1,2174,0,218037,0,78573,0,60951,1,121,0,35097,0,0,0,69341,1,3290,0,24350,0,0,0,1017530,0,1804270,0,1711497,0,1719973,1,8477,0,1804256,0,-48611,1,81,0,5530,0,0,1,129,1,-54349,0,-44179,1,11765,1,55944,1,30,1,30,0,0,1,626,0,0,1,626
2013,4,53,1,0,182767,0,103135941,0,14494086,0,7682742,0,237058,0,2392303,1,31749,0,298477,0,9843993,0,3102836,0,2188136,0,19036312,0,71135910,0,40131350,1,54369,1,22135,0,7934647,0,1979571,0,903792,0,4255145,0,103135941,0,2439686,0,6322519,0,6204451,0,8557116,0,34398445,0,5911819,0,39301905,0,3428577,0,15320053,0,22279140,0,1725866,0,93919691,0,86751919,0,19613,0,1462968,0,5685191,0,75787233,0,12638819,0,6550941,0,23974686,0,1401641,0,84342,0,3758145,0,2663495,0,1165724,0,198564,0,4184794,1,7508,0,1538109,0,482789,0,971485,0,18318,0,16147874,0,18132458,0,20011350,0,20235900,0,224550,0,18112845,0,868483,0,82826,0,394081,0,22152,0,122141,0,247283,0,958949,0,1381910,0,422961,0,71073,0,96714,0,25641,1,2409,1,1017,1,1392
2013,4,54,12,0,62,0,20044461,0,3187301,0,7001607,0,37433,0,1076139,0,5000,0,0,0,1682079,0,41450,0,0,0,2153846,0,4355232,0,2524146,0,0,0,0,0,117464,0,2839364,0,699896,0,846454,0,20044461,0,3305067,0,380850,0,3747330,0,170648,0,2584075,0,1990460,0,7866032,0,74201,0,1940758,0,7735101,0,1884028,0,38705268,0,38225124,0,4992,0,20943,0,454209,0,36575563,0,22793737,0,480716,0,5741057,0,130246,0,16034,0,532096,0,735185,0,83726,0,89632,0,344466,0,0,0,73105,0,394715,0,589368,0,1385,0,4570094,0,2129705,0,2478226,0,2478226,0,0,0,2124713,0,337587,0,74374,0,60908,0,1507,0,5038,0,195760,0,2103,0,2214,0,111,0,13823,0,13824,4,,0,519,0,513,0,0
2013,4,54,11,0,99,0,6524656,0,1393011,0,1937469,0,32886,0,325879,0,14987,0,0,0,888345,0,40572,0,1944,0,893565,0,1641209,0,1005424,0,0,0,0,0,26343,0,443279,0,139382,0,95743,0,6524656,0,826055,0,351239,0,1542830,0,113741,0,657283,0,327579,0,2705928,0,87707,0,387742,0,2656399,0,425920,0,11253616,0,11087731,0,896,0,1723,0,163266,0,10204350,0,5077363,0,288820,0,2098184,0,36774,0,21901,0,240257,0,269436,0,46699,0,20798,0,117788,0,0,0,194787,0,107651,0,233636,0,443,0,1449813,0,1049266,0,1167700,0,1167700,0,0,0,1048370,0,119627,0,38331,0,22985,0,50,0,292,0,57968,0,302,0,975,0,673,0,-599,0,323,0,923,0,84,0,84,0,0
2013,4,54,10,0,254,0,8674121,0,1727413,0,2311509,0,39397,0,410400,1,6707,0,7145,0,1271095,0,146905,1,282,0,1180714,0,1698706,0,983932,0,30,4,,0,104581,0,708616,0,122001,0,245347,0,8674121,0,861662,0,490748,0,1937239,0,70171,0,1039497,0,901372,0,3373432,0,231945,0,696373,0,3090096,0,644983,0,15591407,0,15293293,0,679,0,6105,0,291330,0,14040880,0,6845146,0,596427,0,3403142,0,45121,0,14288,0,283214,0,401597,0,57253,0,15025,0,104747,0,0,0,155011,0,175520,0,382472,1,1069,0,1560848,0,1550528,0,1626935,0,1626935,0,0,0,1549848,0,65576,0,19116,0,24279,1,270,0,260,0,21650,0,7379,0,8242,1,863,1,4132,1,4910,0,778,1,75,1,73,0,0
2013,4,54,9,0,898,0,13797034,0,3273217,0,4216867,0,48349,0,323893,1,49481,1,72474,0,1345222,0,234497,1,34379,0,1470858,0,3939623,0,2455277,0,718,0,153,0,102597,0,930199,0,274534,0,581322,0,13797034,0,1581702,0,830326,0,2838692,0,357437,0,1112712,0,714971,0,6361194,0,238461,0,961150,0,5735113,0,573529,0,31691515,0,31083405,0,8482,0,26269,0,573358,0,27881125,0,14426547,0,963995,0,6036607,0,86598,0,19617,0,814013,0,792838,0,77247,0,42786,0,233125,0,0,0,156152,0,318327,0,635387,1,2317,0,3275570,0,3810390,0,3933166,0,3934161,1,996,0,3801908,0,145689,0,18008,0,25299,1,2940,0,-2674,0,102116,0,386,0,5039,1,4653,1,-14817,0,145,1,14963,1,155,1,155,0,0
2013,4,54,8,0,1641,0,11316269,0,2994442,0,4313404,0,69930,0,309400,1,14480,0,0,0,559590,0,198759,0,0,0,1195480,0,3380404,0,2235692,0,0,0,0,1,250377,0,172123,0,60770,0,294203,0,11316269,0,1573260,0,696708,0,1652659,0,639360,0,1224980,0,246385,0,5282917,0,517412,0,745790,0,4560837,0,541122,0,28411767,0,27937535,1,111,0,17436,0,456685,0,25098598,0,12449446,0,1356803,0,5633226,0,89665,0,51328,0,672676,0,780899,0,88126,0,16083,0,184735,0,0,0,186478,0,192188,0,519889,1,215,0,2876841,0,3313169,0,3440696,0,3442157,1,1460,0,3313058,0,67810,0,7552,0,30949,1,3,0,-2737,0,32043,1,65730,1,68483,1,2753,1,-5902,1,2266,1,8169,0,0,0,0,0,0
2013,4,54,7,0,14554,0,29047200,0,9142068,0,6583029,0,30987,0,978052,0,0,1,25546,0,1783874,0,1194752,1,4915,0,2985983,0,12158965,0,8080795,1,20123,1,11808,0,381186,0,1775084,0,533547,0,670761,0,29047200,0,2587715,0,1299967,0,3958881,0,1288399,0,4318290,0,1727812,0,13866136,0,692678,0,1407594,0,12717877,0,952013,0,84676878,0,83225728,0,1304,0,45855,0,1403991,0,74283184,0,25533842,0,5839213,0,18885863,0,335226,0,99654,0,2330979,0,2663467,0,344751,0,123709,0,488901,0,0,0,987198,0,736569,0,1577338,1,118,0,14336357,0,10393694,0,10511809,0,10516342,1,4533,0,10392390,0,186101,0,33768,0,78809,0,18381,0,1798,0,53343,0,-1843,0,39967,1,41810,1,-64838,1,5205,1,70043,1,525,1,525,0,0
2013,4,54,6,0,14715,0,9671810,0,3245519,0,1582829,1,566,0,265712,0,0,0,0,0,1047379,0,645628,1,94398,0,734184,0,6056918,0,4634733,0,0,0,0,1,160876,0,829840,0,332508,0,-23665,0,9671810,0,912320,0,965233,0,1657288,0,2584515,0,1565707,1,-158766,0,2145513,0,137584,0,722678,0,1447763,1,162512,0,37256544,0,37025250,1,72,1,3028,0,228193,0,32093384,0,12193523,0,3167032,0,7125770,0,229822,0,38147,0,1327998,0,1151800,0,154392,0,67673,0,190602,0,0,0,265685,0,244783,0,363132,1,1197,0,5571829,0,5163159,0,5454191,0,5454425,1,234,0,5163087,0,87429,0,4016,0,19886,1,27,1,-2283,0,65784,1,199526,1,199816,1,290,1,4149,1,4149,0,0,0,0,0,0,0,0
2013,4,54,5,0,30686,0,10774872,0,4947212,0,900619,0,0,0,127473,0,0,0,0,0,685362,0,980028,1,40596,0,613868,0,6657689,0,5062307,0,0,0,0,0,160267,0,981386,0,613305,0,355984,0,10774872,0,579456,0,684701,0,1480051,0,553475,0,1782596,0,308271,0,5386323,0,289251,0,687845,0,4577494,0,168267,0,42068713,0,41017152,1,388,1,38147,0,1013027,0,35797472,0,5679153,0,5804988,0,10634730,0,180078,0,23833,0,1727228,0,1471157,0,190868,0,49660,0,217529,0,0,0,189449,0,691251,0,570746,0,0,0,8366803,0,6271241,0,6246783,0,6252455,1,5672,0,6270853,0,-31072,0,1397,0,14067,0,0,1,-41194,1,-5342,1,7001,1,9375,1,2374,0,0,0,0,0,0,0,0,0,0,0,0
2013,4,54,4,0,64783,0,9794626,0,4597267,0,743938,1,14805,0,146582,0,0,1,17583,0,611141,0,1078812,0,230,0,331303,0,8771398,0,6988697,0,0,0,0,1,33160,0,1042836,0,667195,0,91074,0,9794626,0,312685,0,515835,0,1524123,0,1024557,0,1434882,0,197413,0,4785131,0,585901,0,523464,0,4065383,0,389616,0,51095711,0,49597207,0,0,1,22,0,1498482,0,42243420,0,9924662,0,6901135,0,8422827,0,249496,0,33661,0,2021948,0,1524960,0,175978,0,52194,0,275397,0,0,0,471233,0,681432,0,501937,1,2689,0,11003872,0,8852291,0,8949168,0,8949168,0,0,0,8852291,0,103750,1,1005,0,16355,1,40,1,-22,1,86371,1,-6873,1,3233,1,10106,0,0,0,0,0,0,1,4523,1,4523,0,0
2013,4,54,3,0,273603,0,7236748,0,4041984,0,456470,1,603,0,71309,0,0,1,2773,0,275081,0,692674,1,14191,0,204349,0,8834777,0,7620607,0,0,0,0,1,24779,0,512293,0,374619,0,101899,0,7236748,0,380346,0,478811,0,1356861,0,1795140,0,905480,0,120401,0,2199709,0,572856,0,1888752,0,53068,0,314966,0,83999437,0,82777262,1,466,0,48599,0,1173111,0,68853721,0,13696189,0,14586768,0,12165790,0,309719,0,88581,0,2874772,0,2355066,0,188990,0,29041,0,343996,0,0,0,707244,0,655449,0,938822,1,621,0,19912673,0,15145716,0,15343071,0,15343071,0,0,0,15145251,0,197808,1,1195,0,5193,0,0,1,6232,1,185187,1,12,1,12,0,0,0,0,0,0,0,0,1,1510,1,1510,0,0
2013,4,54,2,0,92918,0,0,0,0,0,0,0,0,0,0,0,0,0,0,0,0,0,0,0,0,0,0,0,0,0,0,0,0,0,0,0,0,0,0,0,0,0,0,0,0,0,0,0,0,0,0,0,0,0,0,0,0,0,0,0,0,0,0,0,0,0,0,0,11199338,0,10781755,1,57,0,110183,0,307343,0,8045980,0,894430,0,1724973,0,1115877,0,63871,0,6881,0,498187,0,305064,0,55947,1,1773,0,80684,0,0,0,196767,0,103638,0,121967,0,0,0,2875923,0,3153357,0,3623317,0,3674065,1,50748,0,3153300,0,469030,1,1686,0,1114,0,0,1,-72023,0,538253,1,986,1,986,0,0,0,0,0,0,0,0,1,476,1,476,0,0
2013,4,54,1,0,494214,0,126881798,0,38549433,0,30047741,0,274957,0,4034838,1,90655,1,125521,0,10149169,0,5254077,0,190935,0,11764151,0,57494922,0,41591611,1,20871,1,11961,0,1361631,0,10235020,0,3817757,0,3259120,0,126881798,0,12920269,0,6694419,0,21695952,0,8597442,0,16625502,0,6375898,0,53972316,0,3427994,0,9962146,0,46639131,0,6056955,0,435950194,0,428051443,0,17446,0,318310,0,7562995,0,375117677,0,129514038,0,41710871,0,81263072,0,1756616,0,413923,0,13323369,0,12451469,0,1463975,0,508373,0,2581969,0,0,0,3583110,0,4301522,0,6434693,0,10055,0,75800622,0,60832517,0,62775062,0,62838705,1,63643,0,60815070,0,1749335,0,200449,0,299846,0,23219,0,-107311,0,1333133,0,274710,0,338343,0,63633,0,-64054,0,30822,0,94876,0,7867,1,7860,0,0
2013,4,55,12,0,1111,0,389429632,0,28287150,0,210952052,0,3210956,0,5733,0,48122156,0,23722740,0,6219985,0,331169,0,10474772,0,52434031,0,11687285,0,6067533,0,4121,0,1241,0,1282176,0,4580576,0,393268,0,998683,0,389429632,0,3336659,0,4587758,0,307180750,0,137915,0,12828759,0,5432451,0,55925340,0,1461073,0,13994639,0,43374519,0,2904891,0,24683030,0,8015452,0,716681,0,466626,0,15484272,0,14237778,0,0,0,1353750,0,3837308,0,296447,0,510038,0,263139,0,646649,0,1986038,0,435959,0,496646,0,72,0,203558,0,238947,0,544411,0,116247,0,3308570,0,10445252,0,11128517,0,11140098,0,11581,0,9728571,0,1362013,0,190171,0,267584,0,25570,0,84351,0,794337,0,13093,0,22829,0,9736,0,24841,0,26725,0,1885,0,2145,0,2111,0,0
2013,4,55,11,0,391,0,28877656,0,2479775,0,14011746,0,200925,0,0,0,3264144,0,1891995,0,724787,0,106003,0,582462,0,5577902,0,766309,0,451499,0,520,0,520,0,43286,0,51045,0,16499,0,47126,0,28877656,0,163640,0,243919,0,20505278,0,9289,0,404920,0,186368,0,7364241,0,226439,0,1994266,0,5371272,0,227736,0,1851936,0,454357,0,49958,0,12584,0,1335037,0,827789,0,0,0,137291,0,173689,0,18331,0,25566,0,5010,0,39294,0,121610,0,3066,0,22844,0,0,0,10466,0,12301,0,41979,0,7484,0,208859,0,1024148,0,1421321,0,1426300,0,4980,0,974189,0,444582,0,28599,0,107516,0,13809,0,15328,0,279329,0,2711,0,5713,0,3002,0,-161,0,111,0,272,0,314,0,314,0,0
2013,4,55,10,0,230,0,8477639,0,945438,0,2894560,0,35113,0,6688,0,513440,0,225391,0,253723,1,167404,1,46496,0,3140674,0,228418,0,145987,0,0,0,0,0,64697,0,17033,0,7748,0,162525,0,8477639,0,69039,0,85696,0,4316264,1,37590,0,170841,0,260540,0,3537667,0,1719127,0,1041043,0,3269152,0,2491654,0,2179517,0,89999,0,7869,0,78619,0,2003030,0,236166,0,0,0,51298,0,32145,0,3969,0,5584,0,2006,0,18900,0,28202,0,729,0,6191,0,0,0,2123,0,2963,0,10681,1,1778,0,69597,0,1943351,0,2198807,0,2198807,0,0,0,1935482,0,254025,0,28387,0,13614,1,8818,0,1344,0,201862,0,9090,0,11269,1,2179,1,210,1,402,1,192,0,0,0,0,0,0
2013,4,55,9,0,319,0,5099541,0,404705,0,342196,1,3097,0,0,1,40690,1,25223,0,291979,1,57825,1,8233,0,3812061,0,62743,0,28402,1,718,1,688,1,38058,1,32946,1,4943,0,19294,0,5099541,0,35384,0,186804,0,255422,0,55665,0,135931,0,379444,0,4050891,0,152578,0,756183,0,3460310,0,318180,0,1147649,1,2221,0,7814,1,2170,0,1135444,0,105017,0,0,0,40678,0,17227,0,934,1,816,1,185,0,13148,0,5039,0,50,0,1056,0,0,1,179,1,266,1,1309,1,658,0,23471,0,1042632,0,1252524,0,1254083,1,1558,0,1034818,0,205101,0,24583,0,34588,0,5025,0,9164,0,131741,0,11087,0,13181,0,2094,0,1518,1,1542,1,23,0,0,0,0,0,0
2013,4,55,8,0,237,0,1758339,0,298501,1,8464,0,0,0,0,0,0,0,0,0,160811,1,111816,0,0,0,1201849,1,7974,1,7317,0,332,0,97,1,65145,1,33468,1,6729,1,-115879,0,1758339,1,31502,1,104537,0,6797,1,19630,1,111503,1,10078,0,1474291,0,103197,0,313150,0,1239037,1,181092,0,815915,0,3525,1,127,1,22017,0,790246,0,51638,0,0,1,6597,1,926,1,202,0,0,1,12,0,9096,0,6445,1,2246,1,291,0,0,0,20,1,121,1,208,0,0,0,25474,0,764277,0,911596,0,911596,0,0,0,764150,0,135997,0,2197,0,6684,1,4417,1,754,0,121945,1,11394,1,11779,1,385,1,54,1,54,0,0,0,0,0,0,0,0
2013,4,55,7,0,1599,0,3799151,0,253881,1,191364,0,0,0,0,0,0,0,0,1,158512,1,47501,1,31160,0,2983662,1,130530,1,114089,0,0,0,0,1,104709,1,2756,1,442,1,9609,0,3799151,1,61002,1,14905,0,23642,1,610069,1,59837,1,44895,0,2984803,0,513985,0,1162467,0,1755957,1,447607,0,1293105,1,20308,1,221,0,1509,0,1271067,0,121849,0,0,1,69613,1,757,1,411,0,35,0,28,0,15290,0,11384,1,166,1,1289,0,0,1,153,0,0,0,246,0,0,0,22478,0,1171256,0,2016328,0,2016328,0,0,0,1171035,0,830769,0,1378,0,24762,1,17,1,1114,1,803498,1,14525,1,15568,1,1043,0,0,0,0,0,0,0,0,0,0,0,0
2013,4,55,6,1,709,1,619272,1,54133,1,1122,0,0,0,0,0,0,0,0,1,6738,1,25079,0,0,1,527527,1,16349,1,11936,0,0,0,0,0,0,1,151,1,151,1,260,1,619272,1,40,0,0,1,11563,1,38458,1,2467,1,11256,1,555487,1,7687,1,335862,1,211938,0,0,1,274028,0,0,1,1,0,0,1,274027,1,28170,0,0,1,7698,0,0,1,658,0,0,1,8340,1,1052,0,0,0,0,1,1393,0,0,0,0,1,462,1,2152,0,0,1,6415,1,245859,1,260769,1,260769,0,0,1,245858,1,1784,1,51,1,2051,1,53,1,-298,1,-73,1,-110,0,0,1,110,1,13237,1,13237,0,0,0,0,0,0,0,0
2013,4,55,5,1,816,1,328823,1,94596,0,0,0,0,0,0,0,0,1,6503,1,3560,1,32017,0,0,1,126828,1,116857,1,51538,0,0,0,0,0,0,1,407,1,407,0,0,1,328823,0,0,0,0,1,46611,0,0,0,0,1,11552,1,270660,1,66790,1,149770,1,54100,0,0,1,60831,1,3619,1,513,0,0,1,56699,1,30860,0,0,0,0,0,0,1,2842,0,0,1,2191,1,381,1,59,0,0,1,586,0,0,0,0,0,0,0,0,0,0,1,24801,1,29971,1,70420,1,70420,0,0,1,29458,1,40921,1,11344,1,354,1,10576,1,8,1,18639,1,41,1,41,0,0,0,0,0,0,0,0,0,0,0,0,0,0
2013,4,55,4,1,1058,1,175134,1,45896,1,7795,0,0,0,0,0,0,0,0,0,0,1,30162,0,0,1,91282,0,0,0,0,0,0,0,0,0,0,0,0,0,0,0,0,1,175134,1,210,0,0,1,294,1,87502,0,0,0,0,1,87128,1,22537,0,0,1,64591,0,0,1,84816,0,0,0,0,0,0,1,84816,1,6455,0,0,0,0,0,0,1,55,0,0,0,0,1,308,1,15,0,0,0,0,0,0,0,0,1,1760,0,0,0,0,1,4317,1,78361,1,80449,1,80449,0,0,1,78361,1,958,1,10,1,1184,0,0,1,-1,1,-235,1,1131,1,1131,0,0,0,0,0,0,0,0,0,0,0,0,0,0
2013,4,55,3,0,3090,0,118546,1,65049,0,0,0,0,0,0,0,0,0,0,1,16319,1,7129,0,0,1,35851,1,2545,1,2545,0,0,0,0,0,0,1,711,1,711,1,-5802,0,118546,1,2447,1,2998,1,344883,1,266,0,0,1,35228,0,-267276,0,25657,1,36847,0,-329780,0,0,0,447107,0,0,0,0,0,0,0,447107,1,75696,0,0,1,60691,0,0,0,0,0,0,0,0,1,6002,5,,0,0,0,0,0,0,0,0,0,0,0,0,0,0,1,9003,0,371411,0,581528,0,581528,0,0,0,371411,1,209982,1,722,1,2107,1,2,1,237,1,206915,1,135,1,317,1,182,0,0,0,0,0,0,0,0,0,0,0,0
2013,4,55,2,0,2051,0,0,0,0,0,0,0,0,0,0,0,0,0,0,0,0,0,0,0,0,0,0,0,0,0,0,0,0,0,0,0,0,0,0,0,0,0,0,0,0,0,0,0,0,0,0,0,0,0,0,0,0,0,0,0,0,0,0,0,0,0,0,0,547765,0,25927,0,2249,1,12291,0,507299,0,89569,0,0,0,20235,0,15013,0,1343,0,2059,0,1501,0,6783,0,6622,0,540,0,780,0,0,0,553,0,588,0,1986,1,1751,0,29816,0,458196,0,1137789,0,1137789,0,0,0,455947,0,680738,0,9188,0,8174,0,126,1,1213,0,662038,1,1068,1,1079,0,11,0,37,0,37,0,0,1,6948,1,6948,0,0
2013,4,55,1,0,11612,0,438683732,0,32929123,0,228409299,0,3450092,0,12420,0,51940430,0,25871852,0,7836413,0,916105,0,11143123,0,69931667,0,13019009,0,6880846,0,5691,1,2546,0,1598070,0,4719094,0,430897,0,1115815,0,438683732,0,3699923,0,5226617,0,332691504,0,996384,0,13714258,0,6371812,0,75983233,0,4299070,0,19784227,0,58471096,0,6571161,0,33385700,0,8615407,0,785434,0,595816,0,23389044,0,15810988,0,0,0,1747851,0,4077065,0,325190,0,544098,0,282411,0,756904,0,2165414,0,442756,0,531075,0,72,0,217052,0,257409,0,602973,0,127918,0,3732801,0,17574713,0,21060048,0,21078167,1,18119,0,16789279,0,4166869,0,296630,0,468618,0,68413,0,113212,0,3219996,0,64165,0,82907,0,18742,0,39735,0,42107,0,2372,0,9406,0,9372,0,0
2013,4,56,12,0,38,0,14588940,0,2203265,0,3800798,0,220369,0,184506,0,15766,0,18174,0,1597419,0,338416,0,2463,0,1730264,0,8117728,0,4530682,0,0,0,0,0,306682,0,1543098,0,312621,0,-205966,0,14588940,0,887290,0,873214,0,2344596,0,164085,0,3022168,0,1804758,0,5492828,0,37722,0,1421196,0,4424178,0,390267,0,27547877,0,27089759,0,2015,0,7703,0,448400,0,25455935,0,9932015,0,174654,0,8600684,0,172821,0,14447,0,455211,0,1430118,0,134379,0,59993,0,610104,0,0,0,167990,0,173776,0,797091,0,779,0,2731873,0,2091942,0,2143638,0,2143638,0,0,0,2089927,0,50959,0,5386,0,33271,0,3553,0,3197,0,5551,0,2591,0,4005,0,1414,0,161,0,161,0,0,0,40,0,40,0,0
2013,4,56,11,0,62,0,4488046,0,502643,0,1304987,0,30672,0,99978,0,16392,0,0,0,532337,0,44029,0,63208,0,651475,0,1706220,0,1037424,0,98422,0,83089,0,113584,0,269849,0,79158,0,315264,0,4488046,0,429224,0,346482,0,735356,0,83677,0,714539,0,249895,0,1928873,0,16217,0,405465,0,1565195,0,58003,0,7883624,0,7616863,0,750,0,11869,0,254143,0,7224320,0,3225460,0,101417,0,1864533,0,47072,0,31207,0,165837,0,284054,0,41193,0,18239,0,126893,0,21,0,159699,0,42490,0,210206,0,48,0,905951,0,659305,0,689432,0,689432,0,0,0,658555,0,27434,0,5897,0,14213,0,6,0,335,0,6983,0,2179,0,3600,0,1421,0,1265,0,1265,0,0,0,0,0,0,0,0
2013,4,56,10,0,134,0,4292711,0,738605,0,1297328,0,22443,0,111113,0,0,0,25343,0,528094,0,46671,0,0,0,365282,0,2077658,0,1296764,0,0,0,0,0,34911,0,349182,0,153832,0,191563,0,4292711,0,449350,0,426509,0,585606,0,98647,0,649606,0,271842,0,1811150,0,30192,0,334157,0,1456879,1,10077,0,11325597,0,11258364,1,1279,0,10693,0,55260,0,10732531,0,3829604,0,180740,0,3816768,0,69765,0,8322,0,238302,0,590053,0,37041,0,28132,0,164445,0,0,0,50202,0,18295,0,219397,1,91,0,1481374,0,593065,0,623770,0,623770,0,0,0,591786,0,28759,0,15500,0,8020,1,20,1,1205,1,4014,1,3014,1,3323,1,309,1,210,1,210,0,0,0,1,0,0,0,0
2013,4,56,9,0,379,0,6007034,0,1080380,0,1746733,0,59636,0,284755,0,0,1,40681,0,421988,0,148959,1,84601,0,564612,0,3314791,0,2193599,1,22345,1,17637,0,112639,0,291696,0,104293,0,268018,0,6007034,0,697407,0,631919,0,1082167,0,128654,0,1053217,0,168193,0,2245476,0,66862,0,198216,0,2105386,0,124988,0,15233314,0,14832169,1,1524,0,26106,0,373514,0,14071431,0,8057749,0,256670,0,2386427,0,71267,0,23726,0,203157,0,609910,0,69121,0,21346,0,233678,1,544,0,119583,0,57588,0,347303,1,1253,0,1612110,0,1161883,0,1281992,0,1281992,0,0,0,1160359,0,104890,0,13951,0,18422,1,-19,0,-1964,0,74500,0,14629,0,16791,1,2162,1,2114,1,2114,0,0,1,57,1,57,0,0
2013,4,56,8,0,504,0,3353635,0,738677,0,793591,1,3962,0,253599,0,0,0,0,0,223264,1,18062,0,0,0,380028,0,1584933,0,987522,0,0,0,0,0,56019,0,156823,0,127352,0,267474,0,3353635,0,446687,0,399091,0,285125,0,123493,0,265316,1,90234,0,1743689,0,40071,0,448367,0,1389130,1,133880,0,8740970,0,8612272,1,34,0,33225,0,95439,0,7918108,0,4127032,0,209938,0,1718039,0,39542,0,15563,0,99701,0,235892,0,46090,0,3237,0,97184,0,0,0,82817,0,9882,0,134615,0,130,0,1098445,0,822863,0,850981,0,850981,0,0,0,822828,0,28036,1,1399,0,14402,0,0,1,-926,1,13162,1,117,1,2053,1,1936,0,0,0,0,0,0,1,4,1,4,0,0
2013,4,56,7,0,5100,0,10748509,0,2543088,0,3090754,0,38108,0,250698,0,0,0,0,0,983525,0,666689,0,0,0,1049678,0,7173739,0,5383543,1,34255,1,26609,0,127070,0,582284,0,375877,0,70867,0,10748509,0,1579111,0,1043343,0,1422764,0,860778,0,2231225,0,608634,0,3002655,0,286863,0,516803,0,2283591,0,84603,0,45023450,0,44573591,1,1208,0,57184,0,391466,0,42381193,0,21171878,0,1128087,0,10588137,0,213470,0,70436,0,873331,0,2242976,0,162416,0,32609,0,336264,1,25659,0,326706,0,107826,0,570577,0,0,0,4530822,0,2642256,0,2700710,0,2700710,0,0,0,2641048,0,53405,0,10591,0,15014,0,0,1,-919,1,28719,1,6256,1,7905,1,1649,0,0,0,0,0,0,1,922,1,922,0,0
2013,4,56,6,0,5884,0,4010048,0,1127768,0,667140,1,1580,1,99312,0,0,0,0,0,315327,0,410600,0,0,1,44997,0,3461113,0,2419722,1,7505,1,139,1,130871,0,193526,0,52139,0,25468,0,4010048,0,529295,0,202131,0,368574,1,361942,0,960671,1,36024,0,1551411,0,30749,0,173512,0,1369884,1,22735,0,16340370,0,16274553,0,0,1,16289,0,49529,0,15051370,0,7602113,0,682893,0,3261779,0,174385,0,8493,0,386256,0,432397,0,47431,1,15292,0,207484,0,0,0,167050,0,35044,0,165986,0,0,0,1864768,0,1289000,0,1293564,0,1293564,0,0,0,1289000,0,7307,1,90,0,5127,1,927,1,1095,1,67,1,-2743,0,0,1,2743,0,0,0,0,0,0,0,55,0,55,0,0
2013,4,56,5,0,12180,0,4325404,0,1073820,0,278712,1,43,0,249069,0,0,0,0,0,300621,0,805680,1,99871,1,22045,0,5355987,0,4369988,0,0,0,0,1,18365,0,590191,0,209314,0,110389,0,4325404,0,302649,0,565024,0,766373,0,603897,0,899250,1,-820,0,1189031,0,395859,0,261628,0,675510,1,143966,0,22175996,0,21258473,0,0,1,8964,0,908559,0,20687447,0,9794563,0,785485,0,4235470,0,199062,1,30141,0,521566,0,817903,0,170299,0,23708,0,311492,0,0,0,192682,1,31946,0,309932,0,0,0,3263197,0,1488550,0,1490154,0,1490154,0,0,0,1488550,0,1604,1,512,0,1092,0,0,0,0,0,0,0,0,0,0,0,0,0,0,0,0,0,0,0,0,0,0,0,0
2013,4,56,4,0,20609,0,3266042,0,1081616,0,499119,0,0,1,81196,0,0,0,0,0,79415,0,185387,0,0,1,66191,0,4686423,0,3693168,0,0,0,0,1,94385,0,432479,0,276026,0,29025,0,3266042,0,143452,0,212246,0,218603,0,576629,0,1041089,1,32935,0,1041088,0,116270,0,440143,0,488809,1,4134,0,16420292,0,16365175,0,0,1,18848,0,36269,0,14909808,0,5274812,0,950060,0,3849372,0,159232,0,17552,0,565769,0,602848,0,74919,0,25300,0,222231,0,0,0,314882,0,61696,0,212760,0,0,0,2578375,0,1510484,0,1514325,0,1514325,0,0,0,1510484,0,2033,1,839,0,1092,0,0,0,0,1,102,1,282,1,282,0,0,1,1526,1,1526,0,0,0,0,0,0,0,0
2013,4,56,3,0,79901,0,1905791,0,768792,0,98099,0,0,0,47847,0,0,0,0,0,90750,0,206018,0,0,1,32195,0,5792005,0,5285677,0,0,0,0,1,18057,0,178699,0,118796,0,77802,0,1905791,0,87371,0,271686,0,356011,0,549371,0,726446,1,15579,0,-100673,0,177867,0,200392,0,-313680,1,165252,0,26762520,0,26564578,0,0,1,13015,0,184927,0,23482618,0,5417618,0,2348754,0,6236554,0,316864,1,6979,0,680166,0,1070557,0,82445,0,11970,0,189854,0,0,0,311021,1,35362,0,234944,1,222,0,6539308,0,3279902,0,3281609,0,3281609,0,0,0,3279902,0,1707,0,0,0,1707,0,0,0,0,0,0,0,0,0,0,0,0,0,0,0,0,0,0,0,0,0,0,0,0
2013,4,56,2,0,28688,0,0,0,0,0,0,0,0,0,0,0,0,0,0,0,0,0,0,0,0,0,0,0,0,0,0,0,0,0,0,0,0,0,0,0,0,0,0,0,0,0,0,0,0,0,0,0,0,0,0,0,0,0,0,0,0,0,0,0,0,0,0,0,4131194,0,4079188,1,14,1,45509,1,6483,0,3031318,0,618272,0,335613,0,569632,0,32286,1,2893,0,155710,0,115027,0,4872,1,2456,0,38259,0,0,0,54548,1,790,0,83699,1,973,0,1016287,0,1099876,0,2263219,0,2263219,0,0,0,1099862,1,1163368,1,9,1,3233,0,0,1,119514,1,1040611,1,-10,0,0,1,10,0,0,0,0,0,0,0,0,0,0,0,0
2013,4,56,1,0,153479,0,56986160,0,11858653,0,13577261,0,376813,0,1662074,0,32158,1,84198,0,5072741,0,2870511,1,250144,0,4906767,0,43270598,0,31198090,1,162528,1,127474,0,1012583,0,4587826,0,1809408,0,1149903,0,56986160,0,5551837,0,4971645,0,8165176,0,3551172,0,11563529,0,3277273,0,19905528,0,1198672,0,4399879,0,15444881,0,1137905,0,201585204,0,198524985,0,6825,0,249404,0,2803990,0,184946079,0,79051116,0,7154309,0,47127397,0,1495766,0,229758,0,4345005,0,8431736,0,870205,0,242282,0,2537889,1,26225,0,1947181,0,574695,0,3286510,0,3497,0,27622509,0,16639126,0,18133395,0,18133395,0,0,0,16632301,0,1469502,0,54174,0,115592,0,4488,0,121538,0,1173710,0,26315,0,37959,0,11644,0,5277,0,5277,0,0,1,1078,1,1077,0,0
2013,4,61,12,3,,3,,3,,3,,3,,3,,3,,3,,3,,3,,3,,3,,3,,3,,3,,3,,3,,3,,3,,3,,3,,3,,3,,3,,3,,3,,3,,3,,3,,3,,3,,3,,3,,3,,3,,3,,3,,3,,3,,3,,3,,3,,3,,3,,3,,3,,3,,3,,3,,3,,3,,3,,3,,3,,3,,3,,3,,3,,3,,3,,3,,3,,3,,3,,3,,3,,3,,3,,3,,3,,3,,3,,3,,3,
2013,4,61,11,3,,3,,3,,3,,3,,3,,3,,3,,3,,3,,3,,3,,3,,3,,3,,3,,3,,3,,3,,3,,3,,3,,3,,3,,3,,3,,3,,3,,3,,3,,3,,3,,3,,3,,3,,3,,3,,3,,3,,3,,3,,3,,3,,3,,3,,3,,3,,3,,3,,3,,3,,3,,3,,3,,3,,3,,3,,3,,3,,3,,3,,3,,3,,3,,3,,3,,3,,3,,3,,3,,3,,3,,3,,3,
2013,4,61,10,1,17,1,624737,1,140235,1,98482,1,4559,1,75835,0,0,0,0,1,22384,1,17963,0,0,1,102328,1,386893,1,240663,0,0,0,0,1,9850,1,14829,1,7967,1,9127,1,624737,1,35917,1,29254,1,122542,0,0,1,89415,1,12542,1,335067,1,133,1,14349,1,325240,0,4655,1,1109500,1,1096512,0,0,0,0,1,12988,1,998769,1,138713,1,11142,1,485025,1,12428,1,13799,1,82792,1,48598,1,2922,0,337,1,17943,0,0,1,82875,1,8185,1,42869,0,0,1,51143,1,110730,1,170015,1,170015,0,0,1,110730,1,59076,1,16,1,3085,0,0,0,500,0,55474,1,209,1,209,0,0,0,0,0,0,0,0,0,0,0,0,0,0
2013,4,61,9,0,63,0,938652,0,312818,0,246803,1,19830,1,27046,0,0,0,0,0,62016,0,0,0,0,1,34077,0,332236,0,178585,0,0,0,0,1,25054,0,101770,1,10442,1,5689,0,938652,0,77449,1,7938,0,320205,1,8953,1,86458,1,783,0,436867,0,21715,1,36350,0,379262,1,460,0,1580138,0,1607906,1,316,1,518,0,-28602,0,1403196,1,307409,0,52492,0,437547,0,11402,1,9963,0,87650,0,43656,1,6073,0,8630,0,7967,0,0,0,69045,0,8151,0,12032,1,109,0,341070,0,176942,0,180028,0,180028,0,0,0,176626,0,3167,1,600,0,2434,0,0,1,-361,1,494,1,235,1,235,0,0,0,0,0,0,0,0,0,0,0,0,0,0
2013,4,61,8,0,316,0,2320872,0,628392,1,558095,1,24907,1,23372,0,0,0,0,1,258510,1,8670,0,0,1,240315,0,1059481,0,494158,0,0,0,0,0,0,1,18823,1,12674,1,56953,0,2320872,1,100013,1,76175,0,655545,1,17909,1,130933,1,111036,0,1229261,0,156940,1,184627,0,887694,0,0,0,6118647,0,6113297,1,622,1,3648,1,1080,0,5769819,1,761999,1,350557,0,1735107,0,27102,1,23430,0,396077,0,192955,1,10127,1,618,0,99318,0,0,1,170541,1,28049,1,60608,0,0,0,1913333,0,348828,0,352989,0,352989,0,0,0,348206,1,4782,1,3732,1,1453,0,0,1,-2377,1,1974,0,0,0,0,0,0,0,0,0,0,0,0,0,0,0,0,0,0
2013,4,61,7,0,934,0,1899388,0,497225,0,572935,1,131902,1,107567,0,0,0,0,0,174594,1,52300,0,0,1,91605,0,1121864,0,570105,0,0,0,0,0,74,1,67563,1,59336,1,-24997,0,1899388,0,58181,1,29444,0,550970,1,51566,1,317282,1,11664,0,880280,0,19322,0,52455,0,808513,1,10,0,3689338,0,3684068,0,0,1,708,1,4562,0,3302516,1,467369,0,217842,0,954040,0,73930,1,69983,0,433760,0,118053,1,18647,1,814,0,30691,0,0,0,63493,1,22970,0,33655,0,0,0,797268,0,386822,0,395371,0,395371,0,0,0,386822,0,796,1,378,0,379,0,0,1,8,1,31,1,7752,1,7752,0,0,0,0,0,0,0,0,0,0,0,0,0,0
2013,4,61,6,1,1312,1,820248,1,186395,1,134886,0,0,1,12400,0,0,0,0,1,55895,1,32785,1,22667,1,61102,1,840593,1,609379,1,4183,1,3953,1,58440,1,42013,1,32736,1,14956,1,820248,1,72699,1,53250,1,323239,1,42460,1,187388,1,10217,1,130995,1,6651,1,33827,1,90517,0,0,1,2801800,1,2799961,0,0,1,1637,1,201,1,2464123,1,510721,1,146775,1,817054,1,86263,1,138,1,305120,1,80466,1,20219,1,4547,1,18883,0,0,1,24939,1,7514,1,29758,0,0,1,411725,1,337676,1,338693,1,338693,0,0,1,337676,1,1016,0,0,1,1016,0,0,0,0,0,0,0,0,0,0,0,0,0,0,0,0,0,0,0,0,0,0,0,0
2013,4,61,5,1,1356,1,465238,1,184168,1,39341,0,0,1,8667,0,0,0,0,1,13308,1,762,0,0,1,89768,1,473938,1,350880,0,0,0,0,0,0,1,62335,1,56202,1,32,1,465238,1,21530,1,14542,1,123732,1,87213,1,68852,1,31990,1,117379,1,109331,1,128725,1,-120677,0,0,1,1711779,1,1710736,0,0,0,0,1,1043,1,1635857,1,199703,1,96762,1,671023,1,29753,0,0,1,139504,1,96003,1,7867,1,3661,1,17655,0,0,1,26627,1,1558,1,51460,0,0,1,294281,1,75922,1,80228,1,80228,0,0,1,75922,1,4307,0,0,1,4307,0,0,0,0,0,0,0,0,0,0,0,0,0,0,0,0,0,0,0,0,0,0,0,0
2013,4,61,4,1,2095,1,326928,1,158360,1,4235,0,0,1,3411,0,0,0,0,1,53749,1,47102,0,0,0,0,1,150407,1,125629,0,0,0,0,0,0,1,42060,1,6766,0,0,1,326928,1,21949,1,1733,1,35903,1,76019,1,9652,5,,1,181672,1,17250,1,4384,1,160038,0,0,1,1440217,1,1439679,0,0,1,43,1,495,1,1290554,1,458574,1,102494,1,150772,1,4101,0,0,1,200299,1,61004,1,303,1,5537,1,5201,0,0,1,21185,1,5577,1,1041,0,0,1,274463,1,149663,1,149728,1,149728,0,0,1,149663,1,65,0,0,1,65,0,0,0,0,0,0,0,0,0,0,0,0,0,0,0,0,0,0,0,0,0,0,0,0
2013,4,61,3,0,14025,0,378324,0,221909,1,6546,0,0,1,16126,0,0,0,0,1,1192,1,14119,0,0,0,0,0,404788,0,312715,0,0,0,0,0,0,1,26901,1,12812,1,12270,0,378324,1,11169,1,38035,0,58602,0,236297,1,27645,1,-5886,0,12462,0,52994,1,198511,0,-239044,0,0,0,2474543,0,2397441,0,0,0,0,1,77101,0,2068448,0,182095,0,291971,0,337975,0,43333,1,460,0,310367,0,64946,0,7305,1,1690,0,36225,0,0,0,55245,1,24709,1,1838,0,0,0,710286,0,406095,0,406112,0,406112,0,0,0,406095,1,17,0,0,1,17,0,0,0,0,0,0,0,0,0,0,0,0,0,0,0,0,0,0,0,0,0,0,0,0
2013,4,61,2,0,6737,0,0,0,0,0,0,0,0,0,0,0,0,0,0,0,0,0,0,0,0,0,0,0,0,0,0,0,0,0,0,0,0,0,0,0,0,0,0,0,0,0,0,0,0,0,0,0,0,0,0,0,0,0,0,0,0,0,0,0,0,0,0,0,465189,0,464966,0,0,1,151,0,71,0,373367,1,31990,1,20333,1,30004,0,5826,1,151,0,29287,0,8518,1,621,0,0,1,9775,0,0,0,15277,1,162,1,335,0,0,0,221086,0,91822,0,92024,0,92024,0,0,0,91822,1,202,0,0,1,202,0,0,0,0,0,0,0,0,0,0,0,0,0,0,0,0,0,0,0,0,0,0,0,0
2013,4,61,1,0,26872,0,9828416,0,2611115,0,1979437,0,210899,0,292119,0,0,0,0,0,743997,0,194700,1,22667,0,1107437,0,5897744,0,3321040,1,4183,1,3953,0,145921,0,472383,0,234083,0,126687,0,9828416,0,513934,0,290230,0,2513450,0,520417,0,1256755,0,225725,0,4507906,0,398447,0,820162,0,3416480,1,127184,0,23703946,0,23587924,1,1340,0,6725,0,107957,0,21364860,0,3658068,0,1318761,0,6242935,0,323689,0,134254,0,2063594,0,776333,0,89185,0,31841,0,309642,0,0,0,606322,0,122823,0,304807,1,170,0,5382437,0,2339086,0,2441733,0,2441733,0,0,0,2337746,0,94380,0,7038,0,27137,0,3327,0,-1942,0,58819,0,9758,1,11016,0,1259,0,-151,0,0,0,151,0,0,0,0,0,0
2013,4,62,12,0,24,0,5282111,0,663359,0,1595838,0,201252,0,20077,0,0,0,1326,0,215067,0,2634,0,0,0,417145,0,3309749,0,1446032,0,0,0,0,0,260793,0,224003,0,43487,0,262892,0,5282111,0,498750,0,259675,0,527566,0,27599,0,1961905,0,1140199,0,866417,0,14372,0,219107,0,866193,0,233255,0,7989882,0,7778885,0,595,0,2140,0,208263,0,7296098,0,925741,0,65094,0,2485283,0,68903,0,184654,0,211014,0,393753,0,100679,0,23771,0,196565,0,0,0,59256,0,22646,0,303760,0,805,0,2254173,0,693785,0,715772,0,715772,0,0,0,693190,0,12385,0,1296,0,5585,4,,0,211,0,5293,0,10197,0,10197,0,0,4,,0,0,4,,0,0,0,0,0,0
2013,4,62,11,0,29,0,2035578,0,240253,0,473453,0,32528,0,5738,0,0,0,439,0,95111,0,55145,0,1095,0,285081,0,1202706,0,611357,0,0,0,0,0,66145,0,209902,0,36377,0,80772,0,2035578,0,247595,0,136057,0,237224,0,23128,0,683406,0,125523,0,582644,0,43614,0,175718,0,484292,0,120981,0,3866248,0,3818765,0,78,0,253,0,47152,0,3716212,0,901379,0,47032,0,1214326,0,28491,0,37051,0,154931,0,202210,0,41704,0,15726,0,62059,0,0,0,28220,0,18522,0,110783,0,2063,0,851715,0,150036,0,162196,0,162196,0,0,0,149958,0,12647,0,8090,0,2728,0,0,0,7,0,1823,0,-103,0,1246,0,1348,0,-307,4,,0,307,0,0,0,0,0,0
2013,4,62,10,0,74,0,2421809,0,333865,0,579408,0,29199,0,14088,0,0,0,0,0,281312,0,32501,1,888,0,279561,0,1507369,0,786168,0,0,0,0,0,39582,0,125915,0,20205,0,62892,0,2421809,0,254130,0,170975,0,383824,1,49828,0,704224,0,243210,0,615617,0,103872,0,214934,0,340289,1,43478,0,4989633,0,4889428,0,29,1,23064,0,77112,0,4657073,0,709319,0,71772,0,2015783,0,41296,0,32285,0,240230,0,265473,0,38149,0,5450,0,77461,0,0,0,19189,0,29210,0,187274,1,4,0,924179,0,332561,0,344283,0,344283,0,0,0,332532,0,8035,1,295,0,6962,1,5,1,21,1,753,1,3717,1,4116,1,398,5,,0,0,5,,0,1,0,1,0,0
2013,4,62,9,0,236,0,3533991,0,552961,0,806330,0,83284,0,43170,0,0,0,0,0,297575,0,51214,1,9303,0,627160,0,2188326,0,1334995,0,0,0,0,0,31143,0,291938,0,76549,0,129698,0,3533991,0,332519,0,279064,0,411015,0,68949,0,999061,0,197775,0,1245609,0,38893,0,172058,0,1098179,0,63520,0,7458648,0,7319336,1,411,1,1528,0,137373,0,6768754,0,1416055,0,258773,0,2130511,0,63708,0,8285,0,289158,0,315698,0,50624,0,17952,0,110838,0,0,0,83090,0,43674,0,247753,1,313,0,1732321,0,689894,0,703627,0,703627,0,0,0,689483,0,8177,1,3866,0,4258,0,0,1,-68,1,122,0,5265,1,7339,1,2074,1,702,1,702,0,0,0,0,0,0,0,0
2013,4,62,8,0,633,0,4640776,0,818779,0,985038,0,39571,1,62571,0,0,0,0,0,640990,1,140497,0,0,0,406744,0,2651647,0,1493853,0,0,0,0,1,69026,0,376244,0,45767,0,68431,0,4640776,0,236239,0,482924,0,878117,1,167226,0,1020429,0,500619,0,1355223,0,76474,0,330464,0,986402,1,38117,0,11076190,0,10624214,1,5,1,2201,0,449770,0,10188548,0,2095820,0,306275,0,3324743,0,88959,0,186733,0,544892,0,488434,0,60043,0,11524,0,159783,0,0,0,59624,0,137964,0,272608,1,76,0,2451070,0,887643,0,1042713,0,1042713,0,0,0,887637,0,154203,1,168,0,7395,0,0,1,279,1,146361,1,873,1,1304,1,431,0,0,0,0,0,0,0,0,0,0,0,0
2013,4,62,7,0,6910,0,12333450,0,3079020,0,1233010,1,82080,0,74265,0,0,0,0,0,1130970,0,310865,0,0,0,984142,0,9934704,0,6024569,0,0,0,0,0,488659,0,1168763,0,374930,0,410631,0,12333450,0,535305,0,924447,0,1162771,0,482915,0,3903063,0,543950,0,4781000,0,349445,0,417860,0,4203934,0,190239,0,37486248,0,37031041,1,123,0,28266,0,426817,0,32762507,0,3349030,0,3549789,0,9763727,0,343023,0,44957,0,1591841,0,1246341,0,244098,0,64454,0,301621,0,0,0,280863,0,408271,0,602030,1,834,0,10971626,0,4723741,0,4742030,0,4742030,0,0,0,4723618,0,20219,0,850,0,18056,1,3,1,189,1,1121,1,-4469,1,5104,1,9572,1,2662,1,2662,0,0,0,0,0,0,0,0
2013,4,62,6,0,15160,0,9973245,0,2587408,0,742445,0,0,0,95367,0,0,0,0,0,535234,0,1070993,1,75673,0,348153,0,9156274,0,6272836,0,0,0,0,0,204844,0,2344757,0,1079244,0,164177,0,9973245,0,159076,0,479941,0,788395,0,311669,0,3585735,0,69767,0,4578661,0,176024,0,750563,0,3752626,0,100552,0,35094356,0,34352706,0,0,1,13130,0,728520,0,30079888,0,3708659,0,4261119,0,8576643,0,235028,0,12527,0,2055850,0,1085522,0,251184,0,144086,0,374111,0,0,0,326903,0,623570,0,375256,1,932,0,8048497,0,5014467,0,5025254,0,5025254,0,0,0,5014467,0,4888,1,27,0,4874,0,0,1,-13,0,0,1,217,1,217,0,0,1,5681,1,5681,0,0,0,0,0,0,0,0
2013,4,62,5,0,30597,0,10723686,0,3434281,0,582971,1,733,0,123533,0,0,0,0,0,554040,0,1250956,1,26901,0,646838,0,11224173,0,8599998,0,0,0,0,1,61754,0,2409736,0,1161134,0,170368,0,10723686,0,288428,0,527838,0,1203008,0,714582,0,3474388,0,165983,0,4349459,0,312389,0,653649,0,3401545,1,18125,0,42009824,0,40739166,1,575,1,7186,0,1262898,0,35268721,0,2150067,0,6151101,0,11139347,0,315317,1,22743,0,2075854,0,1703267,0,256670,0,147113,0,431371,0,0,0,523560,0,1129790,0,605763,1,87,0,8616671,0,6741103,0,6810342,0,6810342,0,0,0,6740528,0,65049,1,4095,0,11292,0,0,1,705,1,48957,1,1320,1,1320,0,0,1,3445,1,3445,0,0,0,0,0,0,0,0
2013,4,62,4,0,53819,0,8509870,0,3637232,0,233295,1,7775,0,96252,0,0,0,0,0,270522,0,939719,0,0,0,110286,0,12260996,0,9814303,0,0,0,0,1,67808,0,1691259,0,1077454,0,102035,0,8509870,0,150607,0,539109,0,1354699,0,742460,0,2101759,0,139384,0,3481852,0,308875,0,951931,0,2430537,1,209490,0,53574175,0,52000076,0,0,1,28422,0,1545677,0,45152854,0,4422811,0,9677852,0,10654789,0,445338,1,4810,0,3061735,0,1851970,0,241297,0,91869,0,359879,0,0,0,446645,0,1024437,0,657706,1,1089,0,12210627,0,8421321,0,8440360,0,8440360,0,0,0,8421321,0,20183,1,320,0,1616,0,0,0,0,1,18247,1,-2379,1,396,1,2775,1,1234,1,1234,0,0,1,1034,1,1034,0,0
2013,4,62,3,0,136046,0,4655400,0,2219983,0,123059,1,169,0,51606,0,0,0,0,0,96937,0,567195,1,1606,0,200320,0,10186451,0,8961469,1,6550,1,2701,1,9149,0,814046,0,689685,0,32521,0,4655400,0,274379,0,343788,0,992896,0,646733,0,934313,0,1702104,0,-238813,0,278945,0,917069,0,-1392307,1,42520,0,57478193,0,54239405,1,19,1,69898,0,3168872,0,48241175,0,2237826,0,11406536,0,11337980,0,527017,0,9429,0,3618059,0,2075589,0,158781,0,30105,0,254756,0,0,0,553752,0,829063,0,626723,1,1770,0,14573789,0,9237018,0,9258408,0,9258408,0,0,0,9236999,0,21481,1,190,0,4223,0,0,1,-34,1,17102,1,-71,0,0,1,71,0,0,0,0,0,0,0,0,0,0,0,0
2013,4,62,2,0,29114,0,0,0,0,0,0,0,0,0,0,0,0,0,0,0,0,0,0,0,0,0,0,0,0,0,0,0,0,0,0,0,0,0,0,0,0,0,0,0,0,0,0,0,0,0,0,0,0,0,0,0,0,0,0,0,0,0,0,0,0,0,0,0,4004382,0,3767710,0,0,1,13078,0,223593,0,2757875,0,202817,0,456008,0,531484,0,15664,1,10726,0,293641,0,107613,0,12294,1,298,0,47071,0,0,0,25187,1,22558,0,19133,0,22,0,1013358,0,1246507,0,1366715,0,1366715,0,0,0,1246507,1,120042,0,0,1,53,0,0,1,807,1,119182,1,167,1,167,0,0,0,0,0,0,0,0,0,0,0,0,0,0
2013,4,62,1,0,272641,0,64109916,0,17567143,0,7354847,0,476591,0,586668,0,0,0,1765,0,4117758,0,4421720,1,115466,0,4305430,0,63622394,0,45345580,1,6550,1,2701,0,1298902,0,9656561,0,4604831,0,1484416,0,64109916,0,2977027,0,4143818,0,7939515,0,3235089,0,19368283,0,4828515,0,21617669,0,1702905,0,4803352,0,16171690,0,1060278,0,265027780,0,256560733,0,1835,0,189165,0,8276047,0,226889705,0,22119525,0,36251352,0,63174615,0,2172744,0,554200,0,14137205,0,9735870,0,1455523,0,552348,0,2375515,0,0,0,2406290,0,4289706,0,4008791,0,7996,0,63648026,0,38138075,0,38611700,0,38611700,0,0,0,38136240,0,447309,0,19198,0,67041,1,8,0,2103,0,358960,0,14734,0,31404,0,16670,0,13417,0,13724,1,307,1,1035,1,1035,0,0
2013,4,71,12,0,20,0,5916109,0,1117977,0,390035,0,6017,0,38317,0,0,0,0,0,179984,0,23437,0,0,0,969865,0,2971676,0,1362523,0,0,0,0,0,73088,0,1230294,0,185314,0,475290,0,5916109,0,105495,0,210585,0,906699,0,31012,0,2189291,0,438526,0,2034501,0,77772,0,2086046,0,46112,0,175430,0,4087629,0,3160400,0,64,0,16975,0,910190,0,3510353,0,315735,0,85983,0,1458496,0,26855,0,3129,0,103102,0,167178,0,134547,0,178314,0,118799,0,0,0,49771,0,106897,0,113469,0,421,0,647659,0,577276,0,1106551,0,1106551,0,0,0,577212,0,516422,0,2623,0,11527,0,4782,0,713,0,496777,0,12819,0,12847,0,28,0,97,0,97,0,0,0,0,0,0,0,0
2013,4,71,11,0,21,0,1387134,0,335353,0,129611,0,490,0,24321,0,0,0,2001,0,38365,0,11809,0,352,0,230011,0,1207858,0,774924,0,0,0,0,0,74066,0,55373,0,23202,0,76631,0,1387134,0,70531,0,27818,0,120931,0,28981,0,352008,0,519798,0,267069,0,27994,0,166292,0,86457,0,13674,0,1476979,0,1292702,0,40,0,596,0,183640,0,1295245,0,327050,0,23933,0,358370,0,16824,0,499,0,55129,0,80943,0,24770,0,4574,0,51546,0,0,0,33818,0,7490,0,21642,0,320,0,288339,0,181734,0,204513,0,204513,0,0,0,181694,0,13464,0,965,0,5605,0,6414,0,-213,0,693,0,8183,0,8190,0,7,0,1172,0,1184,0,12,0,0,0,0,0,0
2013,4,71,10,0,26,0,928482,0,165788,1,86972,1,394,1,15855,0,0,0,0,1,75097,0,86805,0,0,1,179259,1,841541,1,564972,0,0,0,0,1,24859,1,80535,1,51392,1,-11470,0,928482,1,137223,1,108398,1,62465,1,12296,1,286785,1,10788,0,310526,0,2009,1,87287,0,221312,1,82,0,734523,0,711226,0,4,1,165,1,23128,0,582933,1,71170,1,32796,1,224803,1,8537,1,1556,1,11362,0,31567,1,12396,1,5587,1,31007,0,0,1,10628,1,1156,1,17683,0,33,0,122653,0,151589,0,158432,0,158432,0,0,0,151585,1,4667,1,98,1,4467,0,83,1,-37,1,56,1,2086,1,2086,0,0,1,94,1,94,0,0,0,0,0,0,0,0
2013,4,71,9,0,145,0,2390415,0,573562,0,165823,1,439,0,74138,0,0,0,0,0,81858,1,65307,0,0,0,465290,0,1999214,0,1278632,0,7054,0,6092,0,213395,0,11109,0,3538,0,22367,0,2390415,0,57017,0,95041,0,343614,0,101725,0,330778,0,149650,0,1312592,0,98456,0,703793,0,513052,1,2709,0,2748317,0,2589210,1,269,1,1290,0,157549,0,2275895,0,691049,0,207914,0,461317,0,34738,0,7334,0,74197,0,108398,0,24694,1,508,0,76747,0,0,0,50801,0,8004,0,43535,1,87,0,486573,0,472421,0,481992,0,481992,0,0,0,472153,0,10255,0,2130,0,5310,1,340,0,75,0,2400,1,-411,1,2036,1,2448,1,-5,0,0,1,5,0,0,0,0,0,0
2013,4,71,8,0,178,0,1128803,0,368122,0,64070,0,1,1,18393,0,0,0,0,0,27087,1,71726,0,0,1,222845,0,1236157,0,919667,0,0,0,0,1,30325,1,23616,1,14598,1,728,0,1128803,1,27123,1,23803,0,80643,1,70048,1,434966,1,15697,0,476523,0,66533,1,64081,0,345927,1,19,0,2357412,0,2258798,1,4083,0,816,0,93715,0,1965994,1,905950,0,173240,0,284509,0,26049,1,131,0,58997,0,44235,1,19748,1,1716,0,40476,0,0,0,40303,0,13811,0,19194,0,0,0,337636,0,391418,0,390017,0,390017,0,0,0,387335,0,3436,1,116,0,617,1,1783,0,38,1,881,1,-754,1,80,0,834,0,0,0,0,0,0,0,0,0,0,0,0
2013,4,71,7,0,2190,0,4403008,0,1206935,0,43114,0,0,0,123439,0,0,0,0,0,243642,1,554548,1,55532,0,137884,0,3588905,0,1995446,0,0,0,0,0,356382,0,103922,0,31859,0,16009,0,4403008,0,77199,1,193321,0,448702,1,194071,0,1320814,1,58911,0,2109990,0,342333,0,277663,0,1490519,0,525,0,8802083,0,8445809,0,2,1,27522,0,328750,0,7090458,0,1647061,0,1486408,0,1204136,0,70410,1,3292,0,275589,0,289702,0,84128,0,6056,0,107938,0,0,0,62821,0,23459,0,31456,0,0,0,1798003,0,1711624,0,1913035,0,1913035,0,0,0,1711622,0,184859,1,206,0,5279,1,6,0,0,1,179368,0,20,0,20,0,0,1,16534,1,16534,0,0,0,0,0,0,0,0
2013,4,71,6,0,2375,0,1650163,0,477318,1,7716,0,0,1,41810,0,0,0,0,0,101060,1,93449,0,0,1,148860,0,2321039,0,1788063,0,0,0,0,1,237683,1,4208,1,1926,1,7011,0,1650163,1,22427,1,57127,0,51257,1,161228,1,366052,1,-40,0,992113,0,32232,1,487486,0,472395,0,0,0,7648067,0,7605472,1,9,1,11247,0,31339,0,6950707,1,1263334,0,1653581,0,1021176,0,91093,1,43,0,299504,0,224454,0,37421,1,198,0,44974,0,0,0,76207,0,22826,0,55753,1,1906,0,2158236,0,697360,0,697559,0,697559,0,0,0,697351,0,208,1,63,1,124,0,20,0,0,0,0,0,0,0,0,0,0,0,0,0,0,0,0,0,0,0,0,0,0
2013,4,71,5,0,2820,0,1138515,0,782072,1,32477,0,0,1,1130,0,0,0,0,0,38637,1,8557,0,0,1,12674,0,674910,0,471588,0,0,0,0,1,46898,1,6240,1,4006,1,10514,0,1138515,1,243,1,14329,0,229794,1,208081,1,21748,1,9252,0,655067,0,10839,1,21422,0,622806,0,0,0,5001165,0,4992173,5,,0,0,1,8991,0,4315144,1,330590,0,1115104,0,640737,0,52236,0,0,0,160900,0,120821,1,1940,1,390,0,24985,0,0,1,17578,1,50965,0,39706,1,652,0,1758540,0,686020,0,695466,0,695466,0,0,0,686020,0,7870,1,7812,1,58,0,0,0,0,0,0,1,1575,1,1575,0,0,0,0,0,0,0,0,0,0,0,0,0,0
2013,4,71,4,0,8772,0,1237045,0,605994,1,21921,0,0,1,23801,0,0,0,0,1,50385,1,153961,0,0,1,21694,0,1911871,0,1655102,1,105,1,12,1,57243,1,57715,1,23289,1,10757,0,1237045,1,49833,1,73671,0,150029,1,190825,1,122586,1,13794,0,636307,0,32310,1,244889,0,370885,1,11777,0,6318519,0,6276744,0,0,1,6063,1,35712,0,5597746,1,1580017,0,866117,0,957322,0,65431,0,0,0,358517,0,155022,1,4561,1,3224,0,58933,0,0,0,40605,1,126032,1,23397,0,0,0,1358568,0,720773,0,721127,0,721127,0,0,0,720773,0,354,1,49,0,305,0,0,0,0,0,0,0,0,0,0,0,0,0,0,0,0,0,0,0,0,0,0,0,0
2013,4,71,3,0,31066,0,751739,0,430550,1,15,0,0,1,14636,0,0,0,0,1,7840,1,55348,0,0,1,26040,0,1411476,0,1205656,1,3195,1,2031,0,0,0,24637,0,14841,1,530,0,751739,1,6604,1,30033,0,195312,0,84392,0,135812,1,47511,0,252074,0,51512,0,411427,0,-210865,0,0,0,10671601,0,10626281,0,0,1,5974,0,39347,0,9772458,0,2120545,0,2787027,0,536090,0,116462,1,352,0,273527,0,174211,0,12891,1,1693,0,54522,0,0,0,84658,0,148272,0,48279,1,1522,0,3412408,0,899143,0,903210,0,903210,0,0,0,899143,0,4236,1,15,0,270,1,3951,0,0,0,0,1,-169,0,0,1,169,0,0,0,0,0,0,0,0,0,0,0,0
2013,4,71,2,0,6721,0,0,0,0,0,0,0,0,0,0,0,0,0,0,0,0,0,0,0,0,0,0,0,0,0,0,0,0,0,0,0,0,0,0,0,0,0,0,0,0,0,0,0,0,0,0,0,0,0,0,0,0,0,0,0,0,0,0,0,0,0,0,0,1053049,0,1007308,1,1404,1,6650,1,37687,0,845041,1,95386,1,148387,1,58456,0,12998,1,155,1,41090,0,16188,1,806,1,15,1,14855,0,0,0,25461,1,8611,1,2361,0,0,0,420270,0,208009,0,222105,0,222105,0,0,0,206604,1,14475,1,3802,1,3284,1,1124,1,662,1,5603,0,1026,0,1189,0,163,0,0,0,0,0,0,0,0,0,0,0,0
2013,4,71,1,0,54334,0,20931411,0,6063672,0,941753,0,7341,0,375838,0,0,0,2001,0,843953,0,1124946,1,55884,0,2414422,0,18164648,0,12016572,1,10354,1,8136,0,1113941,0,1597650,0,353967,0,608366,0,20931411,0,553695,0,834125,0,2589445,0,1082659,0,5560841,0,1263887,0,9046760,0,741990,0,4550387,0,3958600,0,204217,0,50899343,0,48966123,0,5876,0,77297,0,1850048,0,44201975,0,9347886,0,8580486,0,7205412,0,521632,0,16490,0,1711914,0,1412718,0,357901,0,202276,0,624782,0,0,0,492651,0,517523,0,416476,0,4941,0,12788886,0,6697368,0,7494007,0,7494007,0,0,0,6691493,0,760246,0,17880,0,36847,0,18503,0,1237,0,685780,0,24375,0,28023,0,3648,0,17893,1,17910,1,17,0,0,0,0,0,0
2013,4,72,12,0,25,0,13422618,0,890214,0,3382517,0,2730,0,252817,0,0,0,0,0,519884,0,196374,0,855,0,2709854,0,7862629,0,3693548,0,0,0,0,0,976805,0,329988,0,126649,0,123609,0,13422618,0,270719,0,752846,0,1238017,0,323097,0,4400415,0,476393,0,5961131,0,50776,0,883967,0,5266814,0,240425,0,9173514,0,8992556,0,489,0,7295,0,173174,0,8338089,0,4056853,0,36798,0,1697843,0,113468,0,2401,0,194607,0,280023,0,163945,0,15304,0,424472,0,0,0,184144,0,31663,0,112176,0,2294,0,1022096,0,835425,0,1078878,0,1078878,0,0,0,834936,0,222640,0,7698,0,20741,0,174215,0,5263,0,14723,0,19670,0,20599,0,928,0,1632,0,1804,0,172,0,0,0,0,0,0
2013,4,72,11,0,45,0,3199813,0,465833,0,206268,0,6694,0,59401,0,1344,0,0,0,231831,0,18244,0,1210,0,230899,0,3133250,0,1692289,0,0,0,0,0,334981,0,257964,0,102522,0,60094,0,3199813,0,162003,0,125398,0,309616,0,60566,0,1395034,0,184086,0,963110,0,20380,0,198641,0,769235,0,25146,0,5006005,0,4932302,0,318,0,5572,0,67813,0,4677335,0,1499313,0,46003,0,592486,0,75194,0,2279,0,146891,0,154989,0,68313,0,12949,0,160282,0,0,0,128814,0,4042,0,42599,0,197,0,1742983,0,328671,0,342821,0,342821,0,0,0,328353,0,10038,0,3029,0,5681,0,5,0,349,0,975,0,5658,0,5824,0,166,0,-1228,0,452,0,1680,0,6,0,6,0,0
2013,4,72,10,0,111,0,3664936,0,418455,0,258085,1,883,0,56263,0,0,1,4082,0,173999,1,21541,1,328,0,234835,0,3631361,0,2013729,0,0,0,0,0,464539,0,393692,0,105620,0,127988,0,3664936,0,222672,0,349085,0,270602,1,154931,0,1549132,0,112839,0,1005676,0,716222,0,325327,0,23459,1,59333,0,5077560,0,4993907,1,25,0,7881,0,75747,0,4692509,0,1798396,0,53160,0,987462,0,116516,0,1371,0,201478,0,239108,0,89922,0,17176,0,179342,0,0,0,153817,0,15059,0,48778,1,483,0,790442,0,385051,0,400469,0,400469,0,0,0,385026,0,11066,1,1406,0,10653,1,182,1,-717,1,-459,0,6110,0,6886,1,775,1,-1733,1,16,1,1749,0,0,0,0,0,0
2013,4,72,9,0,510,0,7813001,0,939533,0,380090,1,903,0,123999,0,0,1,9499,0,283048,0,74027,1,921,0,660892,0,7111484,0,3640758,0,0,0,0,0,716704,0,1424386,0,480427,0,210508,0,7813001,0,350228,0,475855,0,450264,0,268050,0,3728890,0,137719,0,2401995,0,196607,0,1284863,0,1099174,0,178648,0,12056692,0,11820195,1,1490,0,2202,0,232804,0,11251351,0,4770805,0,123285,0,2205318,0,212453,0,2305,0,625664,0,505279,0,198676,0,87619,0,352535,0,0,0,355453,0,17293,0,88483,1,1056,0,1705126,0,805341,0,873795,0,873795,0,0,0,803850,0,54876,0,2305,0,9770,1,39093,0,1629,0,2079,0,14614,0,18265,1,3651,1,454,1,481,1,27,0,0,0,0,0,0
2013,4,72,8,0,1485,0,9951049,0,985107,0,175471,1,7355,0,195070,0,0,1,12519,0,361217,0,286222,0,0,0,644692,0,10947555,0,5715280,0,0,0,0,0,819285,0,1222293,0,674895,0,699148,0,9951049,0,323550,0,445125,0,571608,0,517304,0,5912135,0,418641,0,1762686,0,517280,0,847683,0,722176,0,324452,0,13507519,0,13270720,0,0,0,15966,0,220833,0,12582290,0,4341167,0,147899,0,2841683,0,298489,0,1541,0,788634,0,547374,0,286983,0,80699,0,399612,0,0,0,455798,0,5182,0,116193,1,13367,0,2257671,0,925229,0,960171,0,960171,0,0,0,925229,0,32931,0,5341,0,21772,1,53,1,2310,1,3456,1,2011,1,3746,1,1735,0,0,0,0,0,0,0,0,0,0,0,0
2013,4,72,7,0,11376,0,23396814,0,3218043,0,1077682,1,1532,0,374012,0,0,1,5673,0,1351891,0,797375,1,46131,0,727244,0,24305310,0,13413166,0,0,0,0,0,2141450,0,3847021,0,1850914,0,770594,0,23396814,0,805583,0,1268197,0,1434312,0,1698776,0,11521070,0,553065,0,6115811,0,815300,0,2241462,0,3907116,0,848068,0,42665089,0,42323057,1,1199,0,28222,0,312610,0,39364375,0,16674859,0,813969,0,7222587,0,796139,0,9356,0,2505868,0,1724167,0,626344,0,168035,0,916185,0,0,0,1149192,0,27526,0,361228,0,0,0,6368921,0,3300714,0,3357840,0,3362638,1,4799,0,3299515,0,39814,1,3897,0,17077,1,23,1,1018,0,17799,0,18023,1,30530,1,12508,1,489,1,489,0,0,0,0,0,0,0,0
2013,4,72,6,0,9855,0,7021188,0,1276931,0,38880,0,0,0,227525,0,0,0,0,0,254717,0,310200,0,0,0,292040,0,8923132,0,5724237,0,0,0,0,0,522368,0,1318236,0,647147,0,228544,0,7021188,0,375843,0,458860,0,657730,0,1158110,0,2741248,1,165500,0,1463896,0,260637,0,720524,0,829425,1,346691,0,19889092,0,19682244,1,1909,1,64523,0,140415,0,18502843,0,6956904,0,611097,0,4019392,0,358569,1,29942,0,1369259,0,819043,0,164024,0,86550,0,318681,0,0,0,544224,1,7020,0,117932,0,0,0,3100207,0,1386249,0,1391518,0,1391518,0,0,0,1384340,0,7178,1,1602,0,4083,0,0,1,-1184,1,2677,0,0,0,0,0,0,0,0,0,0,0,0,0,2,0,2,0,0
2013,4,72,5,0,20146,0,7138240,0,1264933,0,249793,0,0,0,318043,0,0,0,0,0,516388,0,403614,0,0,1,98096,0,7455952,0,4543779,0,0,0,0,0,277238,0,1350444,0,433043,0,180561,0,7138240,0,390136,0,188601,0,434875,0,1367791,0,1952986,1,9913,0,2793938,0,739022,0,662663,0,1621478,1,229225,0,24018262,0,23873322,0,0,1,1128,0,143812,0,22383644,0,9664848,0,770216,0,4016199,0,370326,1,11818,0,1891326,0,1097987,0,122839,0,81281,0,290555,0,0,0,419188,1,8937,0,127901,0,0,0,3510223,0,1634618,0,1668740,0,1668740,0,0,0,1634618,0,5168,1,839,0,4329,0,0,0,0,0,0,1,28954,1,28954,0,0,0,0,0,0,0,0,0,0,0,0,0,0
2013,4,72,4,0,33018,0,5366246,0,1045919,0,128780,0,0,0,288693,0,0,0,0,0,299460,0,392215,1,3650,1,151054,0,7416393,0,5183890,0,0,0,0,1,72171,0,1533234,0,871828,0,90396,0,5366246,0,337026,0,360313,0,554268,0,1415645,0,1390491,1,58478,0,1250025,0,579994,0,511464,0,374499,1,215933,0,30966036,0,30695481,0,0,1,19171,0,251384,0,28923147,0,13086415,0,1349414,0,5283866,0,426787,1,778,0,2501019,0,1346220,0,126486,0,87306,0,393172,0,0,0,363863,1,13439,0,154566,0,0,0,3789815,0,2042889,0,2051946,0,2051946,0,0,0,2042889,0,3500,1,58,0,3442,0,0,0,0,0,0,1,5558,1,5558,0,0,0,0,0,0,0,0,0,0,0,0,0,0
2013,4,72,3,0,51079,0,2051994,0,591250,1,12256,0,0,0,182502,0,0,0,0,0,44516,0,122359,0,0,1,12883,0,4201255,0,3352739,0,0,0,0,1,7662,0,452691,0,289519,0,66877,0,2051994,0,191938,0,51260,0,209161,0,653617,0,401632,0,102438,0,441948,0,431653,0,325604,0,-312835,1,2474,0,22653846,0,22390073,0,0,1,52476,0,211297,0,21066424,0,9324041,0,1336359,0,3260054,0,307290,1,790,0,1741638,0,1163242,0,69553,0,24322,0,158820,0,0,0,319474,1,5070,0,46525,0,0,0,3309245,0,1587423,0,1592689,0,1592689,0,0,0,1587423,0,3095,0,0,1,184,0,0,0,0,1,2911,1,2171,1,2171,0,0,0,0,0,0,0,0,0,0,0,0,0,0
2013,4,72,2,0,15752,0,0,0,0,0,0,0,0,0,0,0,0,0,0,0,0,0,0,0,0,0,0,0,0,0,0,0,0,0,0,0,0,0,0,0,0,0,0,0,0,0,0,0,0,0,0,0,0,0,0,0,0,0,0,0,0,0,0,0,0,0,0,0,3349464,0,2990211,1,19,1,200962,0,158272,0,2752744,0,1141185,0,90460,0,319612,0,49034,1,215,0,321356,0,160960,0,40144,0,10699,0,79781,0,0,0,40771,1,373,1,6452,0,0,0,491702,0,596720,0,730267,0,730267,0,0,0,596700,1,134328,1,33080,1,27430,1,3,1,7338,1,66477,0,146,0,146,0,0,1,-907,1,4,0,912,0,0,0,0,0,0
2013,4,72,1,0,143402,0,83025899,0,11096217,0,5909823,0,20097,0,2078324,0,1344,1,31773,0,4036951,0,2622171,1,53095,0,5762488,0,84988320,0,48973415,0,0,0,0,0,6333204,0,12129950,0,5582566,0,2558318,0,83025899,0,3429697,0,4475539,0,6130453,0,7617887,0,34993033,0,2219074,0,24160217,0,4327871,0,8002198,0,14300543,0,2470395,0,188363079,0,185964068,0,5450,0,405399,0,1988161,0,174534750,0,73314786,0,5378660,0,32446502,0,3124264,0,62795,0,12287741,0,8038391,0,1957228,0,671941,0,3673438,0,0,0,4114738,0,135603,0,1222834,0,17396,0,28088431,0,13828329,0,14449134,0,14453933,1,4799,0,13822878,0,524635,0,59254,0,125163,0,213574,0,16005,0,110639,0,102915,0,122678,0,19763,0,-1294,0,3246,1,4540,0,7,0,7,0,0
2013,4,81,12,0,6,0,2209286,0,96603,0,279737,0,5003,0,128291,0,0,0,58823,0,343929,0,1061,0,0,0,278977,0,1744959,0,1065542,0,0,0,0,0,80165,0,243020,0,92460,0,116727,0,2209286,0,99686,0,110481,0,155145,0,1114,0,96240,0,86895,0,1659724,0,7330,0,3042,0,1707199,0,57847,0,2260471,0,2174336,0,2344,0,596,0,83195,0,2067855,0,1068745,0,17468,0,409879,0,30403,0,2519,0,29726,0,74320,0,5371,0,15139,0,91161,0,0,0,13866,0,38069,0,74546,0,0,0,196643,0,192617,0,218256,0,218256,0,0,0,190273,0,27058,0,7632,0,8619,0,0,0,1408,0,9398,0,925,0,925,0,0,0,1,0,1,0,0,0,0,0,0,0,0
2013,4,81,11,0,10,0,711417,0,91690,0,209343,0,42942,0,70436,0,0,0,0,0,17368,0,29180,0,0,0,59481,0,465155,0,261772,0,0,0,0,0,49141,0,13019,0,1333,0,12651,0,711417,0,36829,0,50674,0,101487,0,6721,0,194222,0,61294,0,260188,0,25793,0,1361,0,239354,0,6320,0,1140170,0,1126324,0,0,0,684,0,13161,0,1073762,0,564980,0,19539,0,110548,0,11949,0,2670,0,59158,0,25506,0,9305,0,1421,0,30272,0,0,0,13613,0,2690,0,30124,0,958,0,191028,0,66408,0,70074,0,70074,0,0,0,66408,0,1946,0,409,0,705,0,496,0,5,0,331,0,2068,0,2076,0,8,0,-348,0,366,0,714,0,0,0,0,0,0
2013,4,81,10,0,35,0,1233239,0,172972,0,180005,1,5557,1,57643,0,0,0,0,0,243314,1,12622,0,0,1,76751,0,857531,0,479695,0,0,0,0,1,48399,1,74323,1,25332,0,20262,0,1233239,0,91148,0,277419,0,101106,1,27854,0,202658,1,20893,0,512163,0,1238,1,21534,0,501296,1,11906,0,2692482,0,2662113,1,61,1,4427,0,25881,0,2545235,0,1302200,0,39933,0,377821,0,21424,0,3100,0,253699,0,87539,0,15338,0,4455,0,71629,0,0,0,13830,1,7002,0,73063,0,0,0,274201,0,147247,0,150900,0,150900,0,0,0,147186,0,2164,1,749,1,1354,0,0,1,2,1,60,1,1123,1,1132,1,9,1,427,1,427,0,0,0,411,0,411,0,0
2013,4,81,9,0,119,0,1826831,0,187705,0,361237,1,1355,0,177694,0,0,1,360,0,128471,1,4215,1,1852,0,238169,0,1163030,0,736631,0,0,0,0,1,92497,0,32153,0,20171,0,197604,0,1826831,0,241729,0,221530,0,139821,1,28870,0,285279,0,223297,0,686305,0,7032,0,84441,0,625563,1,30730,0,4288412,0,4193540,1,11,0,2697,0,92163,0,3997919,0,2395958,0,81490,0,436445,0,32007,0,5040,0,273791,0,103918,0,16325,0,2130,0,108761,0,0,0,36540,0,12756,0,56559,1,75,0,436124,0,290493,0,295076,0,295076,0,0,0,290482,0,5532,1,214,0,6934,0,0,1,15,1,-1632,1,-937,1,564,1,1501,0,0,0,0,0,0,0,0,0,0,0,0
2013,4,81,8,0,357,0,2691021,0,716801,0,371112,1,6307,0,303073,0,0,0,0,0,202542,1,107363,0,0,1,107746,0,2820402,0,2263556,0,0,0,0,1,30804,0,165426,1,85437,1,221051,0,2691021,0,282000,1,269172,0,203304,1,35743,0,406447,1,63851,0,1430505,0,57955,0,261591,0,1256954,1,145995,0,5845845,0,5423560,1,57,1,2248,0,419981,0,5356703,0,2566337,0,95206,0,1056011,0,94754,1,9654,0,342166,0,297585,0,21655,1,5017,0,169622,0,0,0,86805,0,18159,0,65199,0,0,0,528535,0,489142,0,501091,0,501091,0,0,0,489086,0,12005,1,4699,0,2426,0,0,1,132,1,4748,0,0,0,0,0,0,0,0,0,0,0,0,0,0,0,0,0,0
2013,4,81,7,0,4819,0,8291288,0,1505050,0,1241981,1,16203,0,653169,0,0,0,0,0,627455,0,260944,0,0,0,167675,0,6315030,0,4251992,0,0,0,0,0,947945,0,1222948,0,578721,0,196007,0,8291288,0,609482,0,465293,0,444535,0,1327292,0,2721988,1,235357,0,2487341,0,684916,0,459318,0,1403160,1,60053,0,20591360,0,20436374,1,150,1,30248,0,124588,0,19143631,0,11272095,0,719700,0,2230773,0,143274,0,67494,0,531410,0,619092,0,196811,0,83157,0,291716,0,0,0,186100,0,30691,0,401942,1,32783,0,2336594,0,1447729,0,1510072,0,1510072,0,0,0,1447579,0,39802,1,1100,0,6116,4,,1,3002,1,29585,1,22691,1,22992,1,302,0,0,0,0,0,0,1,5188,1,5188,0,0
2013,4,81,6,0,7086,0,4637925,0,651702,0,579286,0,0,0,432035,0,0,0,0,0,190599,1,97908,0,0,0,144022,0,4842307,0,3175872,0,0,0,0,0,353330,0,786452,0,325290,0,61446,0,4637925,0,328010,0,182556,0,225426,0,263877,0,1914435,1,85630,0,1637990,0,234225,0,386401,0,1220435,1,203071,0,11713312,0,11633392,1,150,1,45606,0,34164,0,10596747,0,4790076,0,566606,0,2069373,0,165340,0,29200,0,580050,0,420526,0,112402,0,54800,0,167623,0,0,0,170664,0,35898,0,93145,1,5584,0,1335459,0,1116565,0,1122653,0,1122653,0,0,0,1116415,0,6214,1,1595,0,4638,0,0,0,0,1,-20,1,25,1,25,0,0,0,0,0,0,0,0,0,0,0,0,0,0
2013,4,81,5,0,9119,0,3215970,0,880668,0,1285215,1,887313,0,229297,0,0,0,0,0,25175,0,245451,0,0,1,50912,0,3312651,0,2417788,0,0,0,0,1,155045,0,461560,0,227653,1,102751,0,3215970,0,268538,0,200624,0,309251,0,421354,0,1114064,1,75763,0,826376,0,264157,1,511488,0,50730,0,0,0,11676226,0,11537456,0,0,1,9391,0,129379,0,10512124,0,4580665,0,700840,0,1725179,0,83011,0,10002,0,1160713,0,430402,0,91575,1,26090,0,195628,0,0,0,146860,1,6439,0,142629,0,0,0,1212090,0,1164103,0,1165908,0,1165908,0,0,0,1164103,0,1805,1,688,0,1068,0,0,0,0,1,49,0,0,0,0,0,0,0,0,0,0,0,0,0,0,0,0,0,0
2013,4,81,4,0,23542,0,3787034,0,963246,0,221161,0,0,0,248624,0,0,0,0,0,125956,0,358223,0,0,1,48246,0,4164896,0,3059503,0,0,0,0,1,75622,0,1021921,0,513232,0,131873,0,3787034,0,251459,0,173057,0,220840,0,1131735,0,1214626,1,-133585,0,928902,0,515471,0,270399,0,143031,0,0,0,16102170,0,15921260,0,0,1,997,0,179913,0,14716006,0,5451996,0,1179518,0,2783374,0,204684,1,3430,0,1404648,0,664445,0,94956,0,57127,0,224545,0,0,0,254628,1,49509,0,99856,1,3026,0,2240264,0,1386164,0,1386584,0,1386584,0,0,0,1386164,0,420,0,0,0,420,0,0,0,0,0,0,0,0,0,0,0,0,0,0,0,0,0,0,0,0,0,0,0,0
2013,4,81,3,0,90284,0,2495579,0,1126853,0,150278,0,0,0,217384,0,0,0,0,0,44226,0,182449,0,0,1,24209,0,5041082,0,4407844,0,0,0,0,1,16223,0,638861,0,579319,0,41178,0,2495579,0,259072,0,98885,0,356695,0,700278,0,534509,0,19020,0,527121,0,334667,0,376311,0,-129028,1,54828,0,25284729,0,25167428,0,0,1,35395,0,81906,0,22622834,0,7644965,0,2436140,0,3911825,0,221410,0,17404,0,1973663,0,807295,0,84368,0,8527,0,194604,1,746,0,295732,0,22353,0,139991,1,1361,0,4862451,0,2661895,0,2662030,0,2662030,0,0,0,2661895,0,135,1,1,0,134,0,0,0,0,0,0,0,0,0,0,0,0,0,0,0,0,0,0,0,0,0,0,0,0
2013,4,81,2,0,33652,0,0,0,0,0,0,0,0,0,0,0,0,0,0,0,0,0,0,0,0,0,0,0,0,0,0,0,0,0,0,0,0,0,0,0,0,0,0,0,0,0,0,0,0,0,0,0,0,0,0,0,0,0,0,0,0,0,0,0,0,0,0,0,4489523,0,4373554,0,0,1,92074,1,23896,0,3885607,0,1283373,0,338043,0,414880,0,39258,1,3179,0,500104,0,135139,0,25602,1,3710,0,39548,0,0,0,50299,1,1207,0,12595,0,0,0,1038670,0,603916,0,1005394,0,1005394,0,0,0,603916,1,400639,0,0,1,8,0,0,0,0,1,400631,1,840,1,840,0,0,0,0,0,0,0,0,1,488,0,0,0,0
2013,4,81,1,0,169029,0,31099590,0,6393290,0,4879353,0,964681,0,2517647,0,0,1,59183,0,1949035,0,1299417,1,1852,0,1196187,0,30727042,0,22120196,0,0,0,0,0,1849173,0,4659684,0,2448947,0,1101550,0,31099590,0,2467952,0,2049693,0,2257609,0,3944838,0,8684468,0,738415,0,10956616,0,2132785,0,2375888,0,7018694,0,570751,0,106084701,0,104649338,0,2772,0,224363,0,1208227,0,96518422,0,42921391,0,6194482,0,15526106,0,1047512,0,153691,0,7109130,0,3665767,0,673708,0,261574,0,1585109,1,746,0,1268936,0,224773,0,1189649,0,43787,0,14652060,0,9566279,0,10088039,0,10088039,0,0,0,9563507,0,497719,0,17086,0,32423,0,496,0,4564,0,443150,0,26733,0,28553,1,1820,1,80,1,794,0,714,1,6087,1,5599,0,0
